user_hash,segment,total_pre_kwh
0001b3b2f18c01c62ed9b2a87de7b4e33e7836f786f7904471d8866978405c1b,0,3559.974
0003de2700e20a1681d69fe287441d9041407a7698d5c86cf37373e5fb3dd7bb,0,4737.432000000001
000721f0fc6ccf02ae24b67393979513171f2abc119af07a7abed20ca303b665,0,2589.9155
0009b156f2a1213a137c150f4787150384938eac15cc2044a10c797d98667a91,2,5270.4535
000da4922a91b9895f9f871225d8e3b9a1bbd51c3a29100b14864b75f0188534,1,24.674500000000005
001be27fc1f3e2daa58919a9de02e9e1b4a2ffb0fc8ebe2acb747f52a30acf32,2,7520.290499999999
00264d835371489e86312529d5e5aa786f8c92faa96da2329dd4ccf526855527,2,1718.0625
002da62dc54b7a789473182feddfad7c185a94608196e9169bf61a17a90e6915,2,2561.9535
00360f8639d63be18f35bf7181f155f69bf176003b5ee3916ea427c508085a35,2,5853.356999999999
00489151865c9806ea977413603cc72b8bc27ff57350e878fcbedcb4d69317b1,0,2603.6475
004a149b06c038586f30361ac6f16adb2ee32aee5f80784a4bda6a257814a9a4,0,3184.325
0050b980111bad9422575db977d18199b5426cfa491073e4be3efa1acb1aa136,2,1409.6225
0051177c9c0ec5ba203990395f5e785e9e913321576aed98d30b9ccab17d5823,0,3781.164
0052816ff7fcdf2a35953c34f9f2ea4c127623533e3274ce46bf0a7c3956f1ac,0,288.40150000000006
005932ecd8e0888863372c2ca998801ea6a7f2fef1e9dde0035d5c68c92bc145,0,3048.66
005b44a54261c2606e2c5c9a1e8ff47c933f023d59cb171c0df08cea878403bf,0,1677.1585
005e34f194141e43c7d90738e0d76a38f074f5afb8daf2540023f38851a85ac2,0,2573.929
0062c8d5ca7dfed574aab968f665978a9cb770a0d8f325cdfc741d3cd6f60cb1,0,1335.0505000000003
0067b311ec68f049e201a31e5f05c9815bf13729ff3ade7c22fc2a32284d2705,0,1472.2305000000001
00688d15088ce2e0fcb251e2cad627a0b1bd2f2d5c462c9fb28cd22449cbc8db,0,6646.047500000001
00740539bc141a16321919f2a16b6c364a38047b84bb982cf9165dc604fab931,0,1806.5927500000003
008189c1cb058a65a847a3e917fb77cff50abc30486b6e330131a09ce1a1a80f,0,3819.8425
008991fb296b8cd6a34324ef4e67b8d5244048a602418cc9c7e7982660d34a11,1,9770.087
008f8be49dddddb880a77d243bc24d74ac00557bac68a6a7bc24ca6cc484731e,0,1653.847
0093f0f5f552471964e924c74d2d163fc47842fd5ac7d6519bc1ef705e478017,2,6984.7885
00983b85e8be33dbe113890de6f1e1566d7fa82a3562a7cc986e4075d3287a39,0,5676.3215
009d5a80c53ac2b2da3ba7419dacf6e22de58c96ce67f8ad3646f16340f1bff1,0,1884.419
009da9fed0568a951cc84f73a2daaccc3515c4bab1153393b40e1f520e4de64b,1,8888.626499999998
00a1614dc0e671ec0ee50aa63f15a9018417717d3e000e2757966dadc0ae1f9c,2,3084.3385
00a3e40e4b2e270f037660791016399b73ca116df989ea7fa640b9097247d2bb,0,2264.85
00ace226e25ab036833cf6d4546aff0e9e7f47514af0c7804a5b04cb27e0f940,2,4885.778166666667
00afe36f1b78e683be4ca713b50860920a18a1f0df2a6bf3a126d6f412abdce8,0,951.6569999999999
00b1b22bceeb8b1bc4f837ac1a0a3df3078728d284e39d596c59b8150b9d5c16,0,7449.3305
00b1bbe1d82e9e1b5d4a1ae1dacd3ffa0e9191de495167f9bcf08e7003f77d15,1,3778.0919999999996
00b4d78ec0b3335fca95369ec6a6d9e882c5ffaea59ea07ed31337a327f4ecca,2,3322.0795
00b655f77a0bf8c12323560fa1cd609548ab10782e495b2c63b2c1c56c537305,0,1831.8215
00ce89cae9f1cbd055f58f14f5953f9eda89f1aa7cc92061f566377c101c8663,2,3954.629
00d37f24e699dbb982298a5d40c48cc47461c006e778f608b018898820944533,2,1667.4105000000002
00db2f868b1075624b10684c1bbade33552a0490b27e01d911d7f702f6ca463d,0,4632.685
00dcd8d903f75e1f22baa037a7a3ab0fd9bc883614a00ca930381704f7e5d31d,0,3402.8665
00e344d941efbfcc1c77e1dd5001d095c2f65419ebc782e1405653a9ca7b235b,0,1121.8880000000001
00e344f971f3d9e4d59ee27b8877867d01b804271dda86cd1cbf657f8ef18f54,0,3924.1079999999997
00f65dfea3154759e9d144ff1af16082da775db7c80f83ad4b8951d066722363,0,2926.0355
00f7189c9ec7fbcbbe81afa96130bfdf48c785ae06be1191ceac99a88724d8ca,2,2536.782
01053a37402ef65396a772098fc253a9297f25ae54574f9009bdb9f3f37f5bdb,0,4312.469
01074cf47884dc6d89b1ac89fa8d6b653b864659426f3706e22268311dac3c83,1,3940.7250000000004
01121b575bfd5ed17ca6194198d37ec8cba324fb953598a9b167799df295c557,0,1519.5575
011375df76f7dd9c6e3efd7db6d1d83c4742c8b9dd27c4b80bc21cc29491c784,2,2943.6385
0114258568d7d465e28b4e58e7327141653185b16e0da0cfe7296421117b1fc3,0,4514.9535
0119a1ba86a11a6b0e060d15ef6866f116d513d47cb551d0617bc3fc441236db,0,6023.2705000000005
011d9e64d113df6599990cee76348bf30e739cdd10049769cfdbd36d75c00fd5,0,4881.157
012be362021dfaff2ae2ad9391657a0d344315a5ef4fffda6e6e9e6d25e211ba,0,1945.238
0134e581bd866a6e284656d3938c9d21db82290cc74c6ee69a0b9be607f08479,2,1560.878
013534f14bc222adf7625b2d118bc05185337f04885e688f9f11d71843042cc0,2,8153.1205
014516e8d5cc934526d553cecdde999b7e8c9c42e48779bece9293d10e8b40e0,1,18371.648
0145a8c107889554878179f7a0ce452dcaffb5cf5428d7c8ea279082bbefd976,0,1658.1175
0157ccc02bc7d96d5972685c6c1050a65495d813dede780282525e1cd66f1e63,0,1489.807
015efff33e90b5ea09c3d83ee38f10fa3422c7f6fc872399f8227895631a2aa4,2,378.2975
01624eb4da09be5bc8e171658bb2a269e4f800d956cf4a67fda174e7e664c595,0,6663.635
017300e2fd83090ac90bcd222edaaa7aa2822b2610166f2132c2ad97b9b92ab1,2,5050.9905
01746e006a98e4645cc5befc286757dbcb33cb64e438f49b1b4a7919c970e3b0,0,12315.428
018691ce738b789921141c0a480a61dd2d44c1e4585e83a4c092a80a934ebe16,2,6100.6575
018e50c6e1078b5cc2d18a94e4f540165d9fdd0195a04f8a199f978c4dc0d160,2,4510.532
018fa8df0d78c310e1b156ebd22d869e72044207230ba2fb02613d5b816a8c24,2,9125.098999999998
01962f8bcdff51f9b3aaa1fdd48685a3260aca67705740eca093614977455a1d,0,7725.7715
019b6608391aeaa6fb5acfca070bb09b2b1a6b8dcf8f76a31bc03ab41f47dcd2,0,9268.08
01a5c1e04b4a52f7e3bd6d8fa8d93ab30e792c522c6ef671199796e508417fc5,0,4681.245
01b4e499376cdfff491f7b98fff207e636353c5bec30a2f524d8c50ad87b7ffa,2,997.3385000000001
01bd02079f838180643f6dbd1c5fd7e6f02c675fdd7814b2d4d855b3d36cc973,2,2011.9679999999998
01bf4569d5dbcc13a7995f9d3340576c4db03e101a6550510ecaa0fcb930a55a,0,2289.92
01c14e8c465eb4d4ef92f0b89a6528a223b01fe89f0d970e6385b6e882a12374,0,2489.326
01c64f001df1fc5f919077552ff20755a7876e16f985bf1bab856baf4fced45d,0,4937.858499999999
01c7287cb243a5b74e8b8e9d3df25ff1946540b31395ee02f7aba6aacee8f188,2,841.69
01d3e92b5c9e608888d9c0da7fec1947a22b6ad6f5c71d923be32eb7318d9b6c,2,1075.8214999999998
01d477071547fad3845a14c8a32392b637e8222de026653b467804e93a97546e,2,8652.057499999999
01dc9b9706d71df193e526f77815671a520c8a8569abff96dfacc154b351527e,0,3534.4595
01de53105bcf600603126eb8fc4bef87498300c18777ca61af3f092c7ad3a2db,2,3459.516
01debddb8273a1ceebdd07f0767e1de69d4f7bec9446205854f6e48c30474f18,0,4231.634
01e0c4ab5bbef2ae6348ff26dfd7315fd754d12b383befa9c0f540e010bc4b2f,2,6967.831
01e90c956801cbba4b611af5280f23f1c5a8c5a439beb4ad1627978e778dc14b,0,30.26300000000001
01ea5d52368c69ecb1495effd89e06db5985032b12c956f87d16e6e978f67e95,0,3656.4005
01ebe130edc1db204478f6b88f689668da4b87c43bab6e83b6cd64356e30113c,2,4319.045
01ec26c166f77c09ab9d7b23d655fe74c06ae27a63a3cf4bb6edb6e7a8e791e6,0,3938.502
01f1ee05a1e74380c66b1405ef8ec1b09a86ab063789def2a4fe9e9e36efbd54,2,2447.4759999999997
0200755ec3a557027506d6e486fa3ce2899893f8b108f1b63327cc8d798120a3,0,1618.5095
02034cfaa8ef7329a2033d5aacab65944746a6050b6b2d8497494c61fef8411d,0,2398.8885
02047fc3e7aca6c50150c59f0101fbd99976af3d3b73a657ffa59ffd5d1fcf2c,2,2400.9625
021930f2a9e8d06e6081ac5ecab01a54015d40e2cb9573e479d10017b31a7ea3,0,1495.948
021c600b238cb596dd9c747c48512a0696ea65451f393b89ae7c0a04f50973db,2,4897.7
021c84916bf54d009f9b6dca50b98088216fbb1de7124621b3efb146e4e27ba7,0,7887.755
0241f2bc91b42a0b284def6d69bf82d4eb4f11819449ee0004b36864c439b489,2,5242.57
02420cc15aebd7c4b8a6a7882037deab6bd43cd988c9b2d2ba0402aa3fb490f2,0,2878.6590000000006
026b55510343c1b219ba099a942ad757781d5ccbfa3ef54e1ed2a010c406bd11,0,6865.1455000000005
026db520e5a80534a2deed9d3802cdbf0a828980057a4bfd1e92fb807a129e7c,2,1673.096
028076c80ce044bfaae3740ba13ae109b252248b9ca68fa56c6035e849250a1e,2,5178.937
0281f64fe592d72dc88f21a3456c10582fc29ecbc918c642af40e0c11e2710b3,0,3730.103
028ad992d81c9dcaa12351eded42ad2889123d2a0841ae7f7e7392bbd2f0b6c2,0,5187.876
02916c7d818e0d62f7896fb347768dbee39671791e01b5e090b657fc6df89f6f,2,304.09950000000003
02929d38217ff71988bfa864ea222c67fddd1ba1b36a042ee10d2868f72160f8,2,307.84000000000003
029e4945d657a92ef1a68386dbf2bccf0eca732b1504ea78a5387e82ec81c4cc,2,1243.596
02a1c8b0d4687f595e98d8cb60b38ee87433fa1e507087ed52ff95c6b5059e16,0,5076.653
02a6eafc515c2fcf659292804061ce6ffb404580e1255dab53bfc48e892d8b7a,0,1961.15
02a8fe1b03fb765a4aee19b7298147cb09c8a46e7757ae0e5ca034074a8f6245,2,7194.0205000000005
02aa677df51cd4e2833356482afb74d83cc2114001fd542fcacbbd93d3e9ff14,0,1662.266
02b324c7c198f72870dfa23f74cca9786add289c2e9ecc023cbdac2c31f02dcc,2,1738.4615
02b618f4a7e09b39deeed802604d82bf520aeed8ba783891555f62cc6dc6466f,0,272.74950000000007
02bbd93b92843b39b3466aaf859dd22f610287b1803f210e839de81de6307a5a,2,3350.8845000000006
02d3f06b65043e927a691c1779c25cb20f309e6da5ba8083da4be456566cec83,2,1737.248
02d48908b5ef3816abc04f7216b8b45fdee583692f418ad06539bbaeb011b8b7,0,1790.3595
02dab08945a16da46c7b91c3c1ae45d61b007da82f77ee4f35a84233b282bbe2,2,20272.4155
02dd614c6ef5455beb44a89075ac877521c001cd33e4a8a352a0f2dbe3dab4d5,2,88.61683333333335
02eab070c27cd0d8d3ea843f7d5994576c746c621b5cd3ea421d2dba210aacc9,0,7525.3965
02ec02feb77ab6104160bf5e8ecd7e2fa61741bae619f657855a52db0a0458fd,2,12467.6355
02f67a0f8efce33c9c50254460a79497b06f1752fb4e86e2631729ba35791eb5,2,2391.904
02f9da34454f91075410920356d84462bc1b702e2a366a340c2a964f555e6cea,0,3003.019
03105e59e6c287df74f852376041f9ee276e07979bbd87d30ec560b8d786913f,0,3112.5705
0313c5220b4f33ebdfba0db0dcf83c67b3aa477f62c12f457059b585cdc1d03c,2,3574.7800000000007
0314826301bd29a3cd293194fac2a792c9fc4791df3384b9e8801218a2db43de,2,2873.9294999999997
0315d41bea1fb64a95f070626fd5fe2f5cdd0d72902e6be234fdea4f1a90d72f,0,4022.675
0318f0a0ceec413f663d982a2940028e3d91153a31589d197ecfd65ca4a6a50c,0,5047.8835
0324dc92ffe0fbe9ae7d33428af3e0c5508cea44dc0f81e3ac27c1e429acee6e,2,758.2370000000001
032f2ddef24d25c9cf9827d9f8f58e0652deacc817fce596573453e037a2ea23,0,6698.456
0331193f7f81a71aec73052897fefee4223ec738d77e159c19edd8a4fe778115,1,4557.603499999999
0332009b51f58f6ef083dfc008e0479bcc2f73586435611a9d89ba774779f069,2,2998.837
03357e0f54fa8026d927dedf997cbc8fd6e8216f52f0e56ca231e4ffa3ce76b7,2,1102.6200000000001
0335a380133a40b02827b26b8594964c382689f122b6893a380b97cd42a2c4ce,2,1200.4470000000001
033a23c8f9c871c1a7e8ffc512a91207051b38dc5b91ab9d284ffdbf9b5687d8,0,2142.8395
033e5ed147efaccd764c3029f112c71e825478a85de1af4b760db493b9d739a9,0,4276.233
0340b6a974d5aad87e9391468072efcbd55eafeba17bfc9868269eeeed64523d,2,7302.2585
03478db77a6a745dbc68e6816cadb44d9de447e29ba4e6f99b6e5a0f39c94364,0,822.8050000000001
036509ea9089cf6f621fd09c23b5892cbc287bbf72c76ee15f76efb581270709,0,5568.4259999999995
037319b9c1cd20bdeb59a8ee83e745b9a9a32a36de0ead95e09431f638b957ac,2,3756.263
037b6b858c3636a583b40b3d6337bab835450f7a0001d82d3f815131046f7f8d,0,2104.869
037baf4a7d5e533f83bc0fc56db8c508fb0db3d7a21ec1d8e001fd356c57c5a4,2,6599.3385
03803c17e516803d3061d14c0c17b62c824fbf07520caf934ffc8a3611cd3dea,0,6515.192499999999
038060e0c2b7feb5645fc8f6777fc86054deeb0fdff8ab388cc5467b7066ea40,0,2892.6584999999995
038a8376661f35fae2e4c61deffa3bed91bfba9826b506de3ba35cec8b9e8d91,0,7409.949500000001
03991f9149e87f810711596eec292b5660bd286f26418213c9bb7065c600d66f,2,12470.030499999999
03a104a6bc9b3437c966390e500e8347acc364bb137febe1e5a7a31ee889ec53,0,3731.7709999999997
03a7c5302a3b2c8fb37f3a79bc0f7c0d2f698f768fe40ce1960dd6854ac2ab9a,0,8793.946
03a98abc5217cea5a9abc78e8434585a351ba1b609c50850ef37be73c3382b48,2,5021.4245
03aa37d87e358dca777729ab600d4bb68eed364a1741aa50aefe67e849af8088,2,2181.2055
03bded0a8e885f9f450c4a72572b3449cd7c117de7442cd6f18a7392678bcd20,2,5995.7515
03bea1f8ea1c72780defbf7a710e0be39098e05ec2c5fc783210a5c9101bf14a,2,4052.2704999999996
03cbbd04d25d40d884df61559cd8bd619bb980d3cbc026caf37686d836cc22de,2,3322.0135000000005
03cc974d93bbe71a65ce982a801b8d279b814cb1242d6577c73379396b8dc9c8,2,4060.4155
03d3598fc283ac608df19d8d9192e73a6230931223d3ee2d18576c2e170ee334,2,6459.4545
03d5086e4f65986217c56b73af907bc5953e578767b14d1c2938fbb0420edb08,2,3886.496
03dca2d5386ae5887759cc7ec26ccc5ea30dd2bca759018032d40b20815bfdae,0,3093.1879999999996
03dca7e99c4df0ba59f7666e1aae559dd622bd1fd4cf1332bf23c7c506b913a8,0,4142.98
03df4a0d008bd24451bd992fa554fbd84e6fa932d457b66b434f04c1d575281b,0,4706.282499999999
03dfe28dca0b95c6b3539b9a02df5c6f613d4912c2ee37ac88f61846821e0f52,0,7671.482500000001
03ea044beabc554aee944775354ff4fa316d5d1e36840f8b5de83b5636e0500f,0,7561.8550000000005
03f1ec5e3a537fda6672bdb9ce82512820fcdb6138ebc478bde861fc3b08e04a,2,3402.357
03fab665f771b48d6214fdf5179fcbeda06d520d62c3a4d223532f71be6785f7,0,2801.1835
0404ede7d74c0013bd34835d0017aa706d0bb058719862801f451915d0c8c633,0,2120.0155
041c7eb9aec6486f974a4624d301f11086b71bddf15d4ec7ae2739202c71be39,0,4881.251
041e258c968f16148024ff78918d25850380fbd4110fbd9c9eefa7f698713580,2,5465.4235
041f88f93a6542b53d58e10790ecc6e928fed690f5d7932228421f8062db9e76,2,1238.5575000000001
042a27009ebae37bcd813f317fc42b6c14cff62c935fd3d2ab2f4b1000213d8d,0,2151.264
042fc449933d2649845f1d29220a2b72e7189b0dd9e833d4ada37a5fcb4f7bf3,0,304.278
043164d9f3c17e43922900f66807a0b554a425bb43380219ff11adcdc360b8c9,0,2388.696
04388258969942e24450bae111a4cc7d8708c4546873020cfb00e30022a76f94,1,1357.5795
043cf93349c8789242680f22dd1659b194ec9cee6ef52e5e7971f071a41cdec6,2,17086.445
0445eea6e00590761a328441b19fb51ee11486da86f0a6780e6156c6b01c2aa9,0,5157.3195
04473d6ec8c6f72a54383a30b4091d78b7d02a181829a3d6c669853eeb083027,0,1975.846
0456f44cfb5500e0ef233da6d21a48cff2002339a359b3669ea2e93710557ccb,2,4877.9635
04573705d73f54544124fdb73799f28cadcb3cbc4f191fcd96cefa4c9f21f36b,0,1897.5850000000003
0460090611f200fbe57b742a7abd1efd989de516bc98e6a652734a8070fa09dc,0,5475.4205
046012c84725c605dfece22febc86f0f9fbef90550b111f16a0fe226a6d7106b,0,2679.5865000000003
0463b1090718ee1bbc29151d05c65e634e6d876a484fe562fef3ec948e4bfcf5,2,9880.812999999998
046506da5fe4625b3bdded39349d1eb4b1910d025077be177a2bbb66b7bf28c2,0,3307.9535
04667cde752d28549113a52e8102f3dac1fb70bc44e38dd6cdb14bbd066413e1,2,6351.095
04670b947bf826f636c5e75d88c343d2b9cd7ffe9cb4302571dee583097732a7,0,4351.286
04674a1f331b6dd604fc3b10190d7012e7641a09f8fc1607aa3c3cee9acd3056,0,3716.8770000000004
046d528b953cc7f3828f6f2ea8ef0284765c49e7927ca6a2ec361853309fce1d,1,2431.7815
046dfd111f88e4af179871f6f7480504e8ed02b4e9057bf6cf295e1b3a3593a5,2,1149.3115000000003
04729d9551971cd5a17d0d665c17ab904757ba71d210bb4755ed1f8eea9da10a,2,5198.541499999999
047b2b0211028513d0ae7c134f2ba7e37a92bec728009c0dbb31b917c2f8e298,2,5547.4995
04830c0b37e7115eb96447fa5aebf1280a43b06f7c04097edfcf1cb7742f4666,2,10774.486
049505ddbc067f0f0ef0449f7c079ffaf5b7a94dbcd92555849feda537054ee8,2,54843.5625
049cffdef05a405fa4e3f3b6057d8812c39ef072aa7314a9a93a09f91625419b,0,1822.3865000000003
049f79c26065bac1c4db494716053cb8887a1caabd7355a93ebe7ccf4dbe56a3,0,2822.0035
04a26115a2aa295c751e1a1e2b81b28b40f478d8f7d9d7a8fdbe90fd4be65a06,2,2466.1885
04a4744ac0bf6ab2a57de4e24278706f612fb8f4ac0399492c7aa5fcaa4babe9,2,3661.7225
04a6d189107f2908aafeba2fafba115e0d867f456cdac1e7c43c931e2e362b33,0,2116.474
04b168379a4be75a1b078083f6c1d1fc5587d90d8612e3617604bad56199cda0,2,806.4125
04c84298eda022166c9e2bd9f657584a2d0ebd9ab971cd9ac06ddda16d0fbf46,0,2430.9390000000003
04cee6c7b0a312b2171072e7c10383937d394c2aac23ab8f334d3391f14461d5,0,9225.163499999999
04cf364fbadb0517a276c40141c89f7bf1270cb66d560a987c86606650cf2038,2,3849.4895000000006
04e24e7bf5b0bdbaaaf4d3529140ddbdba8c40fc3c43775b9913a20b8d0d1717,0,94.69
04e63e6208da09be59ed97ac0a4851903447a771d78508f35cc192068849dde9,2,2955.5635
04ef94776285809f0b456f03c48b20e461175c8ec314ac8e6e66b8f748191461,2,18986.4965
04ffc3374099ff8ebc8d51bd2056ca85e29d00290a6276f0964850b6532f53d1,0,1135.9675
0501515a9a3d3e063c38125c9f46ff4a12c359e65108e28d879ccd7e8bd64e38,1,2091.6435
050efc9a8c724c891d8b66e5de161fe40137822de7ca064f186d626b82c06ffe,0,1607.661
0512f0958b0107c6a13ad3e72700e4c724c7b46348e864dc92d368f45064136f,0,2996.4629999999997
05153a8ebc08dd399a201497f175b9ae880f2bdcbac085b4dc39c73e02fbb056,2,3377.566
05156a1cf4d110731658a93c4c42ea14336668521f3bc43fa3d7bd63c0f727db,0,14699.4405
0518cf9feddaaf82c856ddcee84b0a3107d0163acedb1d25461da8b752254662,2,6185.171
051c162077d1278699e05a191bb98cf71201e3062546d770affcddda1914447a,2,10102.33
051fa9da730497e59c0e822581b67264212a62512186d436973571f6da69de4a,0,340.97
0524459d2736fc25975714d212823dbbd60426a902aa87bc1fde761cdd308bbf,2,2758.9075000000003
0526ed4820b4443be1cc7a08a03af0d57e8bbd947adbe57a5163d0c9992c5aaa,2,6859.6705
05331b9ae7ac889e90eb2609ac2e17b180681c798d513299234504e7f9fe4c63,2,2840.982
0535af1fc8d7983cd1787d082dc2ad266abba63f0c8c2423868563285543015c,0,7304.096
053662f5fa9135c5d87888b234f2faecbb8713bde11250285d9bf0e33871ebe1,2,984.7275000000001
053bd2ca7075f4e22e24ba1159e1456be4d28677ea66e66bb14887b353b44220,0,690.234
056b80ff29fa502710cbfd31c88a822dd780c10d8cd03711dd0a67daf165ee3f,2,505.978
0572572099686565e485ef6ba78e589ce0de574ac35e6823aec57ef52c5e6f03,2,19585.5735
057f86636d0de4e1b1eeaa02635a3a19f3cb533945a27e1ff094ed6c80627f60,0,5766.3330000000005
057fb7d3a72e5aebfad4c89f800f270c407560db1581b583966d7c9ce3d969e4,2,4542.2835
05856fa1420ab661eacf4d846dd1c5c9b404d12ec492495d9577da5b3cff1cbe,0,6730.3235
0585b3d38ed41bd6215b637e3e3f73523335c3feefb0201dc9bb0c7e7d0f43ee,1,2569.7365
0585de894d6dc2b0697ccc330d31b813ccbbe289c4b2895c6df1f1e2022824f9,2,3006.6044999999995
0593ec95e428e36ff0fdfc52c339c03221bfd17606bfb016f0b5b816546257af,1,22667.101499999997
059645e2045d89b934973d05c4f8d13ba2dbb0283859c5f6dffcd1cb5d02b3c7,2,5311.8855
059820c355ae22e47eeb2255202ea1d4d5066115696cae26dadc14df6af20436,2,4429.1055
059ac9818c52e20ad8ba2d21bea223443eaaf18745071fde21f46c0d020c614b,2,1944.6650000000002
05a080dc4bb8f442464d9b3146484b2d9f251d12ef433ec156e1ca4bf7f54214,2,3562.8140000000003
05abfae4272d2fb38bbad83bd5ac439c555b1589e0b709fdc7e945f98f9616c8,0,3369.3665
05aec93448cc9d4c3967de69898f3a200bc225ce05cb7a1e470a3e8a1fae09dc,2,746.2009999999999
05b3803d307147fd6d140ce745d0e3ae62696f750ace5cfcfb3b52d589166788,0,7357.1935
05b7e1fb53a7376040f904de099c68d168771cf92a0df04828cae95c50c6e830,2,3290.2475
05bccbb6d4818d7500d21051b11057a076c01558f02856719896e5a6122c26eb,2,3417.655
05ce39fb671f744cac9c91e9153075bb738e20b9ea88d071566e2061b9a6ed0b,0,6078.031500000001
05e4e753ff324b11f347c81cb986fa6daadc71dae944680fc79a5f25fd42c63b,0,6925.337500000001
05e7e650e30e4b084a852ccdff8277c80946379d43ec1f27ec4378f8b0b58de5,0,8116.344999999999
05eedcd7a70c2a3301bf585bc0f80a2f811003c34ed5b5c4d943bce0c913cdbf,0,9717.7745
05f3a0fb1cb84f112de58f869cd16bcf85cc05ff48e06863deca75074e7a080d,1,1883.6000000000004
05f711edd178472646c255b63a0267851b4e71b024375069dca606b33bebe591,0,1000.9755
05f80bd352968559f5e25223c46d29b4a92acf62a3331c9b3cab3d73805ba81d,0,3880.3785000000003
0600da1817127b398db67ab0f647b8a2338c83fcc59745979349061828b2641e,2,5169.727999999999
06022047b939743274bd34f9a2724ae08725953b76de44edce1ecff08f6c7cd9,2,9697.685
0605448af83ab7bf48e8c02b24ae679300f5253959b47f24665760960ba707cb,0,1578.9695000000002
060593c13b3ba4e700eb25a2969f636e3818be6a25a353ad99c80be34bdff44e,0,3557.3469999999998
060e01c63bc70e625ffa94d8665de8b968327ca5fa2c4df414bd3d9a84112b82,0,3549.1370000000006
062cfa125453bc2808467faeef9d958a5bfed409473944c71db682da79d80e28,0,3350.3895
0637e45bc9870cdbb710183952dd62b3cbd7b722d95390a2e12bb54c8449a62c,0,2849.389
0639c0236891f6a811bcf921c5b5b9c42b1f8ecda5c0efe30efb9f3f4b8810ee,2,4492.9755000000005
064149733d0874ecf67bf4b7239aea33be0f82662aae54a5deae425640fbe81f,2,4817.700500000001
06416dbee29540d99bf45100d40f7ab1ac73d8822af8e4c41908272aa4a0861d,0,6493.022000000001
064d3b7d7abcf9ac67f8e9fe82525e2b7c86492e791b4b426fb66470610e4f81,1,1382.653
0659b25cc98d3292b758b2a1142bbf59f72a477755ed2961b1aca38c59eb2dc8,2,8818.0865
0659b666ca5f1179fac04bfd884611776f1e8a6cb66f2677ed994e2c341cc8d7,0,4442.0515000000005
06706c4bf7e2e47b5f5c7de9d6fd5c0e713a127989d03bc1e5faff3d6ae2501d,2,15898.838499999998
06738308808936ea66cafe139c29b72b69c551291b067a3991cadf2271bb2976,2,3198.5105
0674e7f40090e78dad17e9fa4442f17a1c372f998625445eb808e1df994f890a,0,3752.582
067fd1021a48865540c7e764fa615c4187193fabdf78e991b6434404d29b687e,0,4271.341
06803c1fcc128362599888403c6bf92e5a13509e0db421882bed91a6216c580a,0,4610.441500000001
0688286a50e3ff1291e0aab2f91c089af30b74448fd4d97824508240e567d60b,0,2019.7015000000001
068e7b35fadf311e7a9df7724235c38f8dad1e6a1bdd8f3e0fea23eb85f2e443,0,907.8960000000001
069120dbd97ff815cb14e28729e2fe50b551e41a50f10054efdf4902e7b8003f,2,4486.2345
06a534206aa9b178297cc66433112d54c0006e9c2770bcc71d8b2ff7e5285d65,0,3610.7865
06a6b88fa1d36cd610740a964336eb1dfd6728e8f322b376c37dd7d5b2babb2d,0,7684.098000000001
06b03b66ca928cfc0bad54cb4b191495ee82679915b090a151e0239fbb618293,0,1493.9744999999998
06b846e04b5ac2f6f30a246fb142362a406de5656c86837e91442568f02ffd5e,0,5630.134
06bfae43bcf8af9a8c67c40a8d82e5b089b45402bdd757f7ceb34407fe3c3277,2,2663.5695
06c712ace88dd9d7fded4d10e4575784ca8b5a7868ae8d40f32cb0eaa7f4c89c,0,1467.371
06c96492a657646e4c8f03c9d729880a8cccfd5639f93391e86244e90697c22f,2,8282.052
06dcf8b8c11c94fc88fe6de9590c3550202dbb7a73be180d9e2e12836ba37221,2,14013.1605
06df47465b40f738eb70103f0a3bd65da2b0e1171cec635588f2e966d4b1a3d3,0,5040.077
06e9409c04b51d6d1cd085ed07964083f372b705089475fe3e9acc347c1eb6ec,0,2373.4815000000003
06eafee35a3d4f4ed6866f77e3d8c7e4aeba6d980557daffae069dc93c279364,2,5372.5775
06eb40c7e298cd950c9d1d3cf14fb2b7f6c6092c7cd57f8e9d58f636f52db369,2,7538.0925
06ebbe215c513000bda525bccc9ffe15ea343af3dc15c6f5457a44866b1942f3,2,1655.6644999999999
06ebfeaa19e4ddb07aecc799ddc985447b03a3e87e5472febe74898d166ec137,1,8115.927499999999
06ecf2e0f74ae3d1cac6f2210f43eaadbdcd2e176faca89094f2e5e753f88a11,2,5857.708500000001
06edf39d212dbb56e6f1b46e1893d598b178eddfc2bc3ec9e92cc19b5ee6828e,0,4568.951
06effabfa604443f777b37714a42e06a3aea4e94cea9b630f1dab9bbb4a280b0,0,4120.2665
06f05387a7e12ace81986ab7e4f9ee2b1145bd0013631b08838954323b83682f,2,7240.3279999999995
06f19be312e07c9c70110c2b515dc0d0872b8260588626cc55b87438e5bb2039,0,5601.777
06fe954b79245c4557994bf6e87c4d37d5d66a58ba9f75ce351e7521b2b50399,2,11107.907500000001
0707ce4a36e28c654ba068f4113fea58b1da47ed993234baf1b41489fe9b979b,0,700.9325
0709e3c89faa939c51f4c010f87df21ab7f05d9b5d5c9f30fee2a2b215aff838,0,2376.471
070c0dcb78b8ff226267e3da9db83db1642ec4128a330542e89f9951ebd8375b,2,5733.941500000001
070c75d1c4ee0ff92aeacb4eec5e9e152451eed7b1275bca832c8eec5b927111,2,6603.465
07135322336a0bfa23960b1186710a050ed8b5fe4be5b53b94c92bad8704d502,0,1820.507
071de9a3e188a91aa93ef510d708ee035019aba17f3e8d2591b4f573ce2c2ee1,0,2348.187
071f4ecf956fd7c0f8f12e3ee2ffbd27001de347b2cb133385c4bae9906dabe4,0,2609.7490000000003
0720fb7d96e715ff0de32a240ad0cc3ce4b53298ac19b4358e34300d83214717,0,2584.851
07220cc199cb597714ab1fb2526e270b663b594f17eca00f878db3ed55af2459,0,3820.304
07292ae1e86b1d1c2de6f1f785af3206c43d82931827f6c3f020c60b85321a03,0,1239.8335
072c1d38b0a2e2d8f5e2b976f33e29396b35cdd63344771e9dd409cbd7c58fbe,0,4283.3565
0730debc40513af31db525fb9bac739cca88040fec2c4e981449a4abb4fc5432,0,3551.1045000000004
0740ef60a8977c2dd9eff0cbe8c0808bd800108079b72f26209405b6f536b3fa,0,3898.6495000000004
0741aedec700187d49167e812df42e7b2d0390c80a2e8653ef23018fdfe4dfee,0,2818.4565
07455a90cd2504e7aa5067d8b77c319d206294c4067d16223c5206b6cb810fb9,0,6352.7825
07462486e00459eddbb0a8b1a0744585c82c363dd293ddc547bb9b633c787517,0,4623.571
07474b1318122bef9f8074564d5accddcf4d20b9a2d507ea57692d7cef390d16,2,4118.8215
0749f4c500535af84d5b7350991376538bfb79276e11cd5a1a4cfe4772419666,0,215.469
074e2584b3a2b1280d094f74f104aaba202bb6a48f075949c3e02b44388d487f,0,4971.219000000001
074e399fefd30747437cdd3a1c7a38671740e7156eaaaa4d47de14f596b09a64,0,2219.769
0759ff8980cd5abc344957d85dd848710481ae340b4f4ae820a30febc86f0f60,2,2515.757
0761b3fc16aea2865065ecdb35f0cdfac3f56f53ccb9afb1ee22f4fa9ba15621,2,1489.9405000000004
0762d2e7f357f1e67ec2855c41391a395c71d5bcda4bea62c6773c7e1eb5018a,2,4011.314
0769e8dff8639f31cf113c6ef6d5799319f57526bcfee1ccb6e6a6e713c1d039,0,5560.0914999999995
076a554af9272f6e26f3a24b80ca6200bdea9bad88006d376077070b635a9e2c,0,2470.5245
076dae921483aa58252cef6b012d97c5efcba3770139c4b1431230d42e638444,0,7410.0995
0774829cba433be96cff7b98485cec7eebec83980f1ce76bac3d9865e3977d26,1,3929.6475
078349b3a6331b3bf06c60388586e5e4d2a694739f232e7d73ab8d39e76acf88,2,5184.210999999999
0783a1cdbce59acc01ad2ef3fe56380d5cde47f4fc974d630b9da7d21e3579a1,2,1574.1755
078e993f1207155f73eb338c003f8aaf991eedc5e4af214c2ffcc4e94f4370b8,0,2346.0
079167cca14ad1e5c9571714c3b0dceedb595990545c87e9361b68cc564b7b9c,1,6246.827499999999
0792b1fb0b3dacefd8ff54a23ef76df61e70ae5860a4d42e76735176126d28ea,0,4593.166
07a33a266764e620308d70c3c506364c5106159a08bb54a18dd17708f38649be,0,3975.134
07a5276824e06ba06a0e3aa36f9207daa76599c5e42fd53d2e0f789eac9f6c98,0,3269.9315
07b14678312d1637068e86514deec15715798ddad021fa1e94b25a7a942ea59a,1,4772.7215
07b48a58f6464dd171f97d4c64d63963a0d02cab053ea438d66a754d43314f30,0,1521.3090000000002
07b876019e3461d9784ba49000f9774d74d9b8897aacc9397d6d02029d98302b,0,1258.6705
07c86d6324514820b0b3a39bea1994bb1325347009929baa738467bd8c7947cc,1,5471.7575
07ce967e53a6169abc3387ae6d085c7b6fc8f6a623e037ea8bf049b02ad4e3fd,0,5226.3105
07d1931d7def76f3293aeacb80538186412fdd9bfe844c1bdc17fdabdf8f0112,0,2320.45
07d32cc9a401fe65a8cb01028b2ae1abf089385582b7cb9e62b395e0ad3d3456,0,2538.4894999999997
07dac8032c680d43e9d6ebdc14e1f430a316e8514185c4eb8ac13f60991dc178,0,992.0085
07db8092d162d5b6701faf5d32b2a9b4d03ffbf8a2815bedffa5b9dfddc4c8d3,0,3577.542
07e114c1dc7db7a2f4fabdfc5c0c1e77e75a0b2ec6adf5c813f4247c90ebd9c2,2,9371.7805
0802a59f6eb6b23aced929fea8b21b03321d9d2c757cc91bb8501997fda3e711,2,4240.2835
0811e00c0de2dd997950b8408881a8550ab79e5f3119548f9d1d7b28433b1e6e,2,3775.602
081cbd6ffc8eadd564341d8c13616bd1365dcedd422e0649cd83898b7afa35b8,0,2732.498
0821e8c48db02e20fa194d5496053c7ec4ed757262857b988dbe983248fbc816,1,12702.7595
0827b7ae8efead786706e186dfcb74fd7db7cc375256fe4e57b6c59f7c9d95ca,2,3428.2165
082a309bff08ee51b830fc325316839d4deca7cb0bf7c27c9728874978227b7f,0,5632.3175
0837395e30581defbc13a14312b42f3ff413af9bb1980be51fa9104eb86727ca,0,2340.8030000000003
083ec862c868984120b518847e6189e7ebabe1a3c806f0521da264cb885fcc02,0,1490.3319999999999
084561286a565b181ee7355c41e72598d4fbb68bfd971eeb3b190d8eca5e18d1,0,4957.4615
0848a58faaa1a519901a1f65269f55a0f1dc7a6fa808fb98744bde9492942a20,0,5144.6445
084ac51ce36a439fee9391c7049cbb566d96adb186b2f5328fe60a814d0347db,0,3724.6515000000004
084c40cf2e7efbc376a553b56bc4a0218eb183dbfa83e466c387859fd16b3874,0,6136.8215
0851b14520e22aed13b8c1feb712252a66202e152abe6b692aeffe56fdca782d,0,3449.292000000001
08545f9c1ceab5535035ebb879c0b0c2d9c749958e0065491df2369cb2356903,0,1350.3269999999998
08561c3a7664a2dda809133fc3ad0a157ac3339e507536f8ed6afcc5bd2f43ea,0,2464.9905
085e638f901a93d163b6c4c379b6a1bea78619819c2f063a0487214a54850f35,0,9922.990999999998
0864f38370a7bef2042513c46a7f96e7ec373489c86342e247e331cec694b0cc,0,3460.4445
08726f937f65d753ae993f917764f11c9755bcb8469560b035b40956dda41fc9,2,3386.5609999999997
0880491046e22402610f8e0e82f186d94bcc8130a169d1c9afeef0a6cc2a1922,2,4791.3655
0884319e8ed3e8020da2dabedd0670b5c44636289ab51f868ea43b69d1f6dcf7,0,4419.0755
088b319c87bb26ffb1eebe08c28f87bfc5631863609c38cc0e9fca2b893a4450,0,7737.295
0894dfdb0a7273d3d785e76a59794685735af18b029f24343d913f920f171c10,1,17850.863999999998
0899174c1fb07da10ec26281860064bbf29a3b46c9896ea275eab2f538d7f471,0,2779.0755
08995110c3e7b905e168b2b6617b350937b5717379a60cdd84c17d2b627de93a,1,3509.159
089a1d1f9dfd1ed424e1e25ed8ee1d2713931bad27196fcd9c0fc1dbc24670b4,0,1685.9590000000003
089e07415d68bf81b436c188046d5cd123efc8f9288bf7bd8f04035bd85f7dbb,1,6035.829000000001
08a296f9e579684f94ebd98c93cfbb51efd17dc2b741ba1316012452604cd29a,2,4272.949500000001
08b209ace75e600864a47a8beec12704704d559f6f9efd605a320de7eb1d5191,0,1621.4565000000002
08b3cfa3bdcc02d057911caa3c4e4482fa88c59176820b9cc7a1be6ade885dba,2,13637.029999999999
08c09b49d61ec693551285a1caa3c8726af99a07cdafa3ce0ae6965465c67890,2,4086.559
08c7c2ae8d2af44493214e5e88860e01c273c1d1c382603e9072f398043e5a49,0,3062.6380000000004
08cae6bb461092126fcb53a73f9f249a48030403a0a04e859f186076b8a001bc,0,606.2244999999999
08cbc5e7e9fb415bc84e717a2867eb8f23c6667dc2be78f6cc69a88343a48513,2,3628.9369999999994
08d67f7d7d396fc99e7164787f1a8a81c28396a2182daf9c017003ba41283e72,2,3425.8994999999995
08df04ad09b313a7fe7fb1b0442cd332c038f94927dc03f108ae2e708253924a,0,5229.277
08ea0818e5896a860fd4b77851096ffdcc10a8c391ce6a0751dd30fd17452f05,0,2597.0879999999997
08eb048017c312dc69735d8f16a17b66e639da85f002bb4c4d3e41327b5f79c7,0,3251.7315
08ef9511183547e4ca3755f5ac687257693f98fb3ad7e60534ba8e5d793467ec,0,2828.368
08f4679301067dfedc80b57f8d8dbe18e3cfac2433239b52536630e732a8ab88,2,6043.2645
08fdadca1b00aaa991e5efa13fbcb139c419759ff4b74ac92c22a171e4056bc6,0,6407.5895
0903224097a2f540a49571b5d0f764237ed1f34ed1894930ee2f8650ea574b6d,0,7150.085499999999
090d69d140bc5aafe47827678738cdebd45bc8318f7cd7c56bdee414f9c6cc27,0,999.719
090f7fe6804d67a03e222308f377bebe4b7b60d32781741b54984a2411417133,0,6783.743
09105ec046df43598b208a498d7cd35b458cd40cb4ff64fe5b63cdb42ea0159e,0,1764.6725
0914bb02a927802c5c6f32ca0cdf56f5c79feea918a670aeb2e7d409aa5015e4,2,61.278999999999996
0916a45ec26faa4170bab349a757862232c7f454360c22f4f8c2be42479b13d4,0,2689.359
09186422bff676054446708af977191848a72f6fed682eae72b0757ef0e08110,2,4571.3240000000005
091ae6e5cd022e20ef8a35e4a5e65ef35bb22939d4c3ec7ff4c0d82b686ea520,2,9488.0355
092049f48988ac79ee098a058b7474d9943a6e7f2166d89124162567c0a47ea9,2,1485.39
092779c0f3033faea0dfb8cca90cb77265f4d581760fcb51c124eb5255447eb5,2,3105.7475
092d76d67fa4b959a3adba98a00b2d3843221e7170b789007594e249653f304b,0,4843.5470000000005
092d8698a0b0a1ec4bfed0cb19eef42838d22464459eb794dcb7dab040f7b6b6,1,11556.86
093c0025669a29908144153a1dafa6d25082d0cb81f613bbdc1c1e4cf0205584,0,6689.162
0948f4c7eef3da998807b6fafc62889de7054c18d91ff8bea7b6febec099f119,0,5206.988
094b57521653ce53f2a6b5ec837bdbe637247c480c51af43e79ea8f3af56ce6d,2,3500.0150000000003
0950bec77612639d1f2788e052e7e00cc5ca34c8791f9eef2881cc62d6819080,2,8373.647
095c8412ff2e042791661f2f45f37c5c2a69d89c94cdeddf818207a33eb2de85,0,3477.3370000000004
09712dc7c60134d26c68cb15a743529d67d8dbc0e2198a699292d45f57c58ba6,0,1016.73
0973ef25c4886c6b807af3b2dcb85373f4b26a8165fa613456b8fd3d8ff1d1c2,0,8258.122
0982645a9a1b0aee253200181fb9765fce388dfee4aa92987df9f8915bcf9605,0,6911.541499999999
098a59ef873d5be2c1d7f5f2a63602e22cf17a833c147646b84a8b688da181fc,2,1646.0025
098d0a501f149d386971237f7d5d12a85e7676ea87a4928f7da8e293825b5a0d,2,3673.0924999999997
09954c36c7d6ee7f4c62ac931a06f3c8f6830b7603a5269dbc9cca3fa3f02ffe,2,3024.8625
0998e90f3513019f219fe148ec4d183e47483da6aaa424bcaa66a33e36b00829,0,24410.0015
099caa2dc4452190ffddbace6de9b88327ed9dde999f26d45d4e7ab3396f2bf0,2,4213.548000000001
09a4ea38677888c9101ef66ea9958ced4bd23679235fcf4e4fb703e8dfc2c29e,0,4589.982
09a965031dc13e1f3cfe8a9b2e177b1c32cf4c4b34eed6c4627aabaa9039c0f5,0,4191.4065
09b0f9da22a77a37438287d8f96dda75801bada1ed8e6f486ed4f3df2aa8582c,0,3843.183
09b1e2a35dc8b665044f7dbc6af3abf4eb52fd2787bf75f75e6db790154f4ff8,0,1415.1945
09b700522d82d3d2633c8a7b7990d90564ed3c871d9289725588cc9e5fbfdcdc,2,1798.6685
09bad29f15633900768f571249d7d22c6706d8b42d247d651371757a64c334fe,2,3517.3215
09baeaac79d3a7dd08725c8445d58539164ed4ce2ae983aa1155a4049baa7c95,2,7588.163500000001
09c069eb440169c4950120e982c28675a349a8da27305f65c7e6901983b024aa,0,2918.5455
09c9383be30c69444c8afe020bc887da19d98ca3cd46ff1fb430f1dd7ffeb0ad,2,3164.947
09cd691aadf39471e52f225e2ca971d7f4183340e9f44fe214eda2d15f174386,0,1760.363
09cf83551a1b0358ac3c951f8535b84a06d8a8d83910fabdadfdf2c5aafaf731,2,971.542
09d3c7a272c78fcb97115d1296b60ca91a3a040c4ec1b1eb1e3316dc09acf1ca,0,6737.2145
09ddf3992eeb0d57719b31e98a3e18ff0dd404034c344f01e92faa54e715570f,0,3143.69
09dfbac18f2b867ebb87dcd77d7bf245cebd95aa4799e420e55ee1c099c94f82,2,21.024
09e043ed35a00ba5b519a8caa836f278a08d7a6db6e4972d67e3a5be3b5d4dd5,0,6077.8325
09e951066235c8e5f3ecfb694d8f00ca1d63f0e669758a5d41573f5fd426337b,2,7843.85
09f1606e3571cc5c88b1e19581ae71d905c44ad0f21a4fb808f2921ff47534b3,0,4069.0525
09f7026a9e5e0d044a33a812494080c9de831ca726e3ae735a52fb0157744ad9,0,3045.077
09fb97267204e97d5b045f7a12c486cb809215f30fba83735c8dd3df08e3c62a,2,22.519000000000005
0a0145d868a5bb0026b5056aeb3f56dfc8a101e3020913a5fa456c894ea128d6,0,3221.1299999999997
0a0c1d582a8dc7e91ceb6216390b88a5cb8efe153320418b1e7fb2bb3eef21c7,0,8926.277500000002
0a19796d5754b68555cf12a5481ceefa181686fc480e6dfa3918f1e34063a113,2,6432.5855
0a1ce807ba7cff2f2bf5f949649d1cf219c5e5d2ed8e5144bc6d70dddd3689da,0,7157.0599999999995
0a219fe2bfe796a81e5187f3df18fc531d2f0c75ca756e1773ec9d7b08d1d8a7,0,5694.111000000001
0a21f9a6cda66efdaf41611a04a59d03739df28f835b359810fda81a7f91f34d,2,8565.0375
0a22fda9154db9de585c579850371597fb3d314cb20704b3e45be24d8f5caa47,2,10158.988000000001
0a234406271555c9d69be964ba9ffeaced844de0421f6068c250904f75e23c4a,2,2737.2545
0a2d819ab31f1e7bfdb0926a8ba13f1ec07672c14a4c84ca946f11c418d3e976,2,8756.751499999998
0a33b4a282741e7bb4093965b922d80bd1c9b8fb615528556ce1327ceac4efd1,2,553.8285000000001
0a3758fe674cb6d8168cb50d9ca7973c318a27129ad4677fefed3d88e95cda05,0,622.7450000000001
0a387a07f48ab85e0a6d9e0ec2ba81df1765c1c96b8c3f7e701eef74e43db18b,0,1672.2730000000001
0a45e4d183f8d04f1b10b3809d1d5724c70358ed8af2f7c9a324fc0a47da3174,2,2271.773
0a630395bf858b28efd454cc6462ca11f657df074b76ca4d0dfca37ec0825c26,1,5532.7155
0a6df29028085d6b41d217ec79bc343e037eb5b9e4d847474622a3ae58cbf0d2,0,2315.8540000000003
0a6e355111458645c0d7f81ee4178b9cf50b6803197ae08b0f82371135dc264a,2,3961.282
0a6faa1f9893028fb42dd92a06fccb8684faabdc8b4b187e58115058a6fa5c5a,0,5521.349
0a730af8f8089e84d8cdf29c23f81d7ee8379c316631922481578b1b9e9ecc7e,0,11201.004
0a7795a396664a798edc3b02b28d85d7abc4e59fb7460bec746c7f5a77c9e9bb,0,2611.2285
0a8081b3f219651ecd54bdf38dd52deead7640f0ddbab0a4e350f17e4f631b23,0,2133.213
0a89fc377829e102c968e58b7cd39ace62232548a53271788a3fb353d59ae012,2,2899.3505
0a8daca9c113fadd4164adf568a564986c1c76865f53bce63bd3f5fa693fc232,0,1519.6075
0a9937ade91b973dbf1d88f311cc883a553aa2f309513878c2fd1f5c7c2d7e31,1,1056.0500000000002
0a9f030f93fc46f070962df3475a50c4d3a8f85145e088ecc4c0a8a331569055,0,4961.389999999999
0aa2fd140b7822b54a2f02240590a0d31d3508eba15469c003f7ed426889fde8,0,4778.381
0aa6a41c8480e7082445f469776f9d01c5fb2855d6b08d126755fa53b0636a41,2,9583.7255
0aab88f3dde5ca99a5e52d52447dc8bc859dd247a381bedb7f84c4ffab886416,0,1310.2455000000002
0aac575aa4c7d2107da0ab61257ba922d033aed4a062b4ad526e0926499a8d3d,0,2555.1014999999998
0ab97342b09e83f84ba89dd4f54e8875a964f7ee451626d4705727186108a8f7,2,3149.17
0aba543865e11d64fbbce14b384e2c7de9cf2894f3c3f82f0a4f6756346c1a5e,2,3606.3824999999997
0abab75333c41cd116932690acb325dbf038828102166fcebe3c90f92eca328f,2,4749.6795
0abe298a43c5d9a5e3793d427f46aaed88d8cc14a46cf47fab76ddaa30b82797,0,6294.2745
0ac4b2408e8b1be203e1568bb192f18b0cbf18116981aa3d69da83bbaafeb6b6,2,2979.415
0ac89a1c8fa008c84df0f394b06c2801cd017a0304810ee00f563e42483dfe2d,0,1685.623
0ad3ceb6017907cfb441b486771b2a3e6e4021b7d4b0a69e5a1531c59b6ad721,0,4632.8245
0ad45abcb9b258bb8ff49400b765dd9862798f34c1ad70f00aa41dffd74dd2c0,2,3853.8360000000002
0ae0722175a53761799ae2ecdd9b3ea36d570ab510375d378b76d1e53724b965,1,3887.837
0ae73f2846558867f15e8c2b8acc2184591d65709431e89fd6867a22c6fd2775,0,6121.389500000001
0aed1175a9320d076837cf87b8c55d53f4181a4099896a8443c88916e9c95d2a,2,6210.4365
0af0a01e522b8766e060b103ad395af2c9471773bd1cb3b2abad50140ca8093e,0,2133.0495
0af0c9427c38bb3e39cf4cd607fbc80f14af3aea1b9d4b7516b429217fcdef99,2,4103.9925
0af5d15f29a02fc2fa2852ec3b4512f1d8c4c95a73fde75c06e20cb4f87b7757,0,4517.0405
0af5f53c5c6098f84f514c593a787f8f939014d3e14bfc6d0221adf5fba97798,0,1775.5950000000003
0af6363d24165da699fdff441c63e82ab81acf93bb2aa2fd5d8e764fdba06895,2,4933.9400000000005
0affff0683355463d11b85a263761a8d0ac682531a986a1b4a662d83ff137337,0,1949.8065000000001
0b0268237b3506ed02ee290534a25e8e0c769d5529d46f350d84ac09cb2b9004,0,1014.9280000000001
0b055538220831743bfe8778924c5f2bcdb6f32eac9aecfdccaf2ce5dcd9fb30,0,5402.4015
0b079ff7036bd3d06a22e80b73d96b955561ff4129d761d61efdcd44d0ed5fbf,2,284.1655
0b07e990a3c8346cd7676c27bbbec498dd544f14ca605b1175cf66bc39a56623,2,1992.922
0b1375fae523fb9b407570a9e6d141b2ad3d900df78f599505b6cf9577944b20,2,3601.112
0b146adebae168af42d618e783a27dabbb2e4b4793d646a94a1a372a1a7028ad,2,3524.441
0b165f2afc50c4886b89997408cf2ec572b8e9d4ddc5a683c87cc2f867e79615,2,4558.7225
0b171b215129fe4d14c457226fb6577a5c4472b803ca07e7df3ce4711ef7c82d,0,1812.04
0b34099db97c756043c9092102620cd257644d57f3064df81c1a3016fcf05e1d,0,1326.7780000000002
0b34befbc85a6d60e438fce688cf705fefca95a7b10a8083082e92d9167c204c,2,2498.1445
0b39f60355726f0aa7d4c415466f3735b15a33e81399e6b5f8f505f79e751aba,2,7131.491
0b3b6d5a562512437255b8e3606d33053d7e871d9aea8159fa4549aa5c7f198b,0,6747.3285000000005
0b3c1e510fc5658cf881b6af14aff9f84a493ee8db6eb19d67859418285710a3,2,4143.4845000000005
0b414588e3f566bfa26733f11bbba1af6ff51fcffe81920a8c8502b9fda02264,2,3638.965
0b435182825ccbeb1973a9e6dcc1b671fec6b2a219e133538855022cd7ce300c,0,4767.1805
0b4854a1c9796fc5fa509d44992a9c9fb99a1c84a05f4df70f43b8917578c16f,0,91.946
0b4c059e9daa9ec44d31c87a479c7904a75351b5e4e65851747543228ce41586,0,372.579
0b51dcdba38a30fd2232ab4668b84d546fddcaa28effbc54271165782813a096,2,4290.143499999999
0b58bcba587cd18c969fa708f07da52779870d95cc2c768a6d4cdfd371ee0395,0,6631.6224999999995
0b5b85d5dbb5151209864a012399e143bbbd6e22a6c37b31dea9ca18ba2d8a42,2,2820.7685
0b5f9f4aa5e3f1f289ab8c86d443d3251f7bdd912f730c5f93937904f46764f5,2,5262.706
0b627bafb32be0fbb5cb4df4ce793617c82e79bfb95541460f5758817541ca9f,2,6816.1089999999995
0b706cc11d3bb610caa7811903473cee6b9e8f43f98acad533a0d47a243a6bdd,2,3782.7794999999996
0b8abef426e2d50c20c452464ea1ba24af1119dd649d8e9baa08feb70bd2d971,2,3926.328
0b8fa1174d5bb0b70c8023f027c6adc1e661bfe7919225fc98d803085ad2c32d,2,22457.569000000003
0b945164456d1cc06567b90d545e6094bf9a467b46c29bcc8f1864dd00864181,2,1212.9155
0b953c157fe1e998deeb28e0552435a72ba3cfb32ed31f3c8cd313459e737ef6,0,851.4325000000001
0baa7872750d0227dcfa537fac3606f804aea5959cd5a74fdc8ea688516001ad,0,2730.266
0bb1c0674610ae0a6dcd8410124b5e9bd155a02a038edff94814d267f09af1d5,1,0.043
0bb800beec7f062a6e5a81525c425e9f7d9ca3f4099d462784c6df1c9f45d48b,0,5650.7165
0bc4f7e4ed3e75bd1535f9758b6e77849900f58659d2d655f39c7ef2bc024b2a,2,4978.5779999999995
0bcf44bc45b2df26d4df743417d306aef0925e3ea038d7c2a082937533759899,0,3991.9974999999995
0be04953334cd81e4ba2dcd5a2300610513afeb2a6ee290f4890297940f79725,0,2067.0585
0be3e42cf6607d3129bb41ac4b1738c470b0baab66d3c30f763bffff7b28df9a,2,583.721
0be855d497be06d3b6787dd8340426df3a0c8e0ae344ce885892d7077e326643,0,4135.54
0be8f4dfcc2c4d0aa634e7015e1c7ebc225a10676d0def871c606e1c1d349c07,0,5074.3859999999995
0beb67eba7e0988dc18aa25bddfaa2860361de7f73af651de4c041a77781a54d,2,3279.3660000000004
0bf3e60009973ef34e7c93caede4ab9be2515eae9b908874ffef8390a47b53c5,0,3521.005
0bff9e65c3c4444b7b741a0bf8b633cf0f208265b0bf738c960d927a0e81eb30,1,3443.353
0c0a38291e2cbdbfc03464498ce589bc235fe2cd11542b8029558103d8c12bff,0,2655.562
0c1192e68c4ce0656f8d51f9c981933dcda36f7ac6586cbe323b857d49447607,0,2442.1990000000005
0c1328d69347f19006ca6cc02338d0d36503945b3cc6c967c486e91ab5793b31,2,3377.5665
0c19fa81c5b61eda9bf0ad563f0d48a4257281b87490a56b97152044e0253b52,0,3490.066
0c1c30e694829fb062b1d7e0e11a67d6dcdac2868872bc7355cbdeb4dd90b402,2,1918.065
0c1f2b675643f4a87faca641c1d4c02414df1c7ab5db3163ae718ea1d9c86ea0,1,1452.7579999999998
0c291347d85aebf094ca5df3a1ff6d14d74388693ba7c89839783fe9422fcfec,2,10121.8915
0c2f14f4b406f213ebc0d522440b6ab734d5e04f16f37147212e9ace35e1cd6f,2,5493.6815
0c321b351fa1e51fac365ae2f93aa6c0e88ae86b79df835efbd73161ca24060b,0,3214.3070000000002
0c34467b3bfeba28629b105eb39af834cf37fb13d5b826a263d07b058021d5a5,0,4090.005
0c41d0f5c52f81ca548dd22e0d23d2afceaa0395431f539b96f67a961a0af50c,2,1188.821
0c4270bcffff8010377e0fbdd676b1c7e5a177ae0181765b12c1f6949021db05,0,2584.593
0c4c733bf238282991306163da6ac306f3d3c13261500a0ad8bfdb276fe832cc,0,4119.9365
0c5e27251e00b52d74d5d8e01c891a9f667774dc16a3d79bb47913ad156e7059,0,2752.6299999999997
0c65afb11eb1d3e46105ecba56ea42d92287b5809c3237a3b7003d2d255e2c48,0,2538.659
0c6ec4e3993a0c968265c918accb3cde150fbb7289f74fc18f3d394a1f5152c6,0,2264.481
0c707877ec5e37139594229fb48934979ccf89ac91fec2843e1a43bcadb9691b,2,489.31949999999995
0c77e6a7584c2b824dee2d7a7ef066347c65786a4d78cdde028fd437ca2f4cbe,0,4838.52
0c828bcfdaac3ebeb9c2cb07e14629afefd86ef05b4f9424979c0d8bb653fb2b,0,4570.6235
0c830a08d62492c9d6d5cdbd6d4717274143a6197f0d73c438eb0d01cb674a29,2,16662.085
0c831958c48c04ed5f3b11d04ff7acb127a2eedc8a8d3a54f00275d2afa0ac27,2,1996.8345
0c84a660d63c724119257dc40e88134fcc399f847855b1ac4b1947aed5989f3f,0,1986.5620000000001
0c89e3cefa05c58a7184c98e13066419258bdb2da385fb26ef6e6e54cc126c15,2,22.971000000000004
0c96fc0707e56b2fbc7d03de33729d1565caa8e3438a3212797d1c74412ab0fb,0,1394.0030000000002
0c987695fe1ede0ec02bec49d0e580dd050f014fa43f043d73817d34c061140b,2,1593.1540000000002
0c990c4375c519ffb4d5e746cefadecc9a68e10e492af994e1a6fabb5043584f,0,2717.1125
0ca7ac96cfb383211d7735ee9cc82fb4c78f0f49fbb472c3ca4afcd9405008ca,2,1266.987
0cb082f91e03c4ac3990a08cae7d5f43b94202bfb2545479094f1ac4db26775b,0,2014.4075
0cb17a584cd60a25a6ce376f5e4639f9cb5680b3201ad6001f693edbbde51854,0,1778.7245
0cb421b65d098c0e99ae972f53e4aae8fd90882091682efc952135d2ff767c53,0,3926.609
0cb9766079704c038fa4c254c452bdaf66531ce8d5a5c4459966d8547dfb00f1,2,5243.102000000001
0cb994ae9e2a3557c46e6aa5f610897ecce6788bddc896dbd8a7b5bd3ebaf8b7,0,993.5360000000002
0cc4a4ce2e4e61d41bbb6d95fbbfb48c918d5ab7e29a74e0411e2e91163ef94f,2,614.8784999999999
0cc4fda51f54598946af2eb40c1a09ed18c29312cec02c008793831e401f183f,0,2778.4625
0cc9391180526a38b05da8f94974769bc25af2e7406bedcb14c5ad67d112ab86,1,6444.9065
0ccade654081e429ff109e45126dd9dd66fbff061b5c1d812f060ec1ed2a08cb,0,7931.142500000001
0cd74e5358c0af42b4fb50585193f737ef27ccfed443cd2d250518dd225bbfec,0,5764.564
0cd9e83de1d7fddff4d6c256ed43311ecf171a08c84b37a27f3825215277725d,0,2274.284
0cde99abf3d30fba53021b381e8089d6910247f293df0ef40ea0dd8fc6717e33,1,987.6865
0cdffaa980ca4920654de883ee6167ca217e1f1872027be7f11b4665b8f024f5,0,4374.834
0cee2829fbca594d0692e84c88c1254756c7bdad54687eba5f1b3ddea43e7535,0,3597.8035
0cf2f216897ec475870e1e55ba0e9593ae0e8e9d6df668832190e447e322300a,0,3811.4750000000004
0cf817cd06659db0aa08e6b02912868987a510b290ae68951b70b6c6c1a15a69,2,899.0840000000001
0cfa7f6f4ac6ce39ac5696ac2443897e7b2f17bddd0e204723da5cbeee6bac41,0,2277.2705
0d0315d9d6c8a6e0c8c0d9fc53782e4ac5e392f12a5f8ca61dfe3cb3d8335ad2,2,5943.9400000000005
0d03f01416b0ed10a9a901dbdeefbf9fc7e5f0330dadac301cc2413e7e08945d,0,5566.464
0d0bc41d8506ca7cca8fa3ae9391547de6fe952ed64a3d4dfda008b59e09fd1b,2,3528.6675000000005
0d18e5e1a0f1f55f60efceae8bfe1e950bdc3a833ac6437a12c70fbb8c1c3e46,2,3472.5670000000005
0d2729fede0dfa01e23284939d524ab1bcc200257464e12293c8a431d0145a0f,2,13876.734
0d2858bddb029d5a519fd54ae49108194db04ffc86b6ed93537c9115ef686f0a,0,5138.750499999999
0d29e70532b3c0ead68a927a09008defbbd1de3a959b65bea779ec9bbead4a5f,0,4189.985000000001
0d29e8bbd0e4e20f5989b0654f4a1af2b476b3901f33a03bb75f2619ee905939,1,22797.361999999994
0d2db68f7af71256dfe51543c2ac0e4ed07f3b209c8696e2419d61169f95c130,0,2138.4155
0d33c3836bcf65cafa8c9b7d977a17aae6c88708b51db565083fa8b4c5ad8f28,2,2677.5095
0d359dbc5aab959dcaabb57da1013963ef2f41e73c01ab6258f3687155af9fd5,2,1084.0505
0d60bcddc1c6568287527868cf90694795eeaeae086775fa97f5ffdc8ebce592,2,7979.976500000001
0d61fd8e34a81c7e597f34c39e64fd8601e87cd8898c41e54ea85aa0a6cd5fae,2,5501.674000000001
0d62b50fb638943d63f732c3b486c69eff353a97f762f8d13d998ba2fa084485,2,3411.7474999999995
0d67fd14ff946b1b333592ed637687db192adead087d4bfc8df6b5c439a42f3b,2,79.55199999999999
0d7956b97f709606e112032d5a37be44582e7108b13c7df8eea50219186a03f5,0,4162.564
0d79ad13d97215a855e0ddbfd33ab4ddfdbea90dfaca080184331155450a46df,0,2914.7810000000004
0d7cd2e82d222ca508f95f8ea40b86d9689e3346e2ec727192e23d5de3d44c15,0,11205.761999999999
0d89d4a99277572dc934c7b342aa6e556d1aaa1701e83930dde01a1c7f858c9e,2,4593.0145
0d8b92c7393f95b27912858f79a487799f963fd67b166c29d941569bac711895,1,5328.7835
0d92a4811d94b6bf40b4099667f7d77fd52605d9e70b581dd186116d8d1f9215,0,2888.986
0d99cd11d9d6498eace3bffe6cd8caa6bb722bc723df36a7fad834a66b16bca0,1,5275.8355
0da8b26bcb9e36ce840afb2661bd918cc7ff909fd7ccbb466d4b200d66e1ecb6,2,4294.405500000001
0db41fd4c76bea512159e6f5261ebd34a702be19d98f8b93f7acd1369e1ec5dd,2,2651.433
0dbc6ef5637bda8ae67964cb9cefa56f344a8ea8dc3868077480f67c7db09692,0,2.242
0dbe9e9de35d1ee6a85a29ad55cbfc0864dea7ffe36406490fbde7ed1aca397c,0,958.7675
0dc122e34b4f4c3eca4acd0f3eb6d6ef40e2ac38e5b0e1237d785f1d39800514,0,2671.0505000000003
0dcbacb6b848cff8ed9972428e627e6f3c91e10abc6980509bd56d5607b53ed8,0,2585.1435
0dccd468a2787b718f7dbc0fafb88c3f7b86870e9910d4b446b40bc867fc4b21,0,4190.1065
0df35f385c0a5450689bd5cd6a1ad5b3bca15778eff9d46f0a0e68d6b5546aa6,0,2556.905333333333
0df468a5081cce07d7d3b9f551b3b12cc822a8728ff4af3a0876d62714760f9f,1,9076.734999999999
0df7906f9b78b1fd97941ea7215b1cc1248af1599ff6e44bbcc56abcfd62134e,0,7301.0650000000005
0dfc355ba708b3973eca3d6f7ae23c5793d57545f911c7c4c6e38665d7c453b8,2,5414.1035
0dff7ffd673adde81082602f1c06d85b9caa0d1c6be9edf518f3bc61940f2c57,0,2521.7325
0e0183c07cbea398b83337ecbb9feb193b5cf30cfba73c427450ce039e31d91e,0,7561.895
0e02c6d254ffee1633182675f2d934c0ace23047bf375df7afcb204e23e6b0dc,0,3799.9015
0e0985b226ef987cb9f39bf01732204211b0d3152c57616000f9fa52ae19b636,1,3600.534
0e0a1ed3b692f05fbbddf9b121af63f1c594497706d806aa85d91fd31c9b96da,0,2703.5544999999997
0e15b6dc779a5b47c659c17d06d64046368ff5c90a374285b9e341704ec27598,2,4084.9214999999995
0e1f3415d92748d8b5c1ef328e7f8d4a344ee8edc4cfa2a7aed10084591e8591,0,1336.6515000000002
0e2779d281b0d98bf5765a6c16eb079a4bb8f4ab9f24b21fb00e27dbe4d83198,0,1862.4745
0e28a54bd6de957e0d2f9a617e569afbc818943f30e1011f4769e2e7684070c1,0,4516.1875
0e2d58b6fa95ba3a052b010b69476b6cc0ec3707fdfc1cae6b56e265ec1f2a8b,0,1079.5025
0e355ed8f2315b715d7301fb489c32cdc547e253db967cbecc89350caff7fdb1,1,2155.671
0e3b5c201ac5ccdbf641e6269ada0ab6433ebe8251a89f5a5a5a824f85475fd9,2,10914.6935
0e3cfe2226b74306893779382cd0d72313ab7e1c8fdbdaa7ce46b2da85d5f5bb,0,6275.004999999999
0e400be4b7bc4d2aaed6865e62641d6c2cc54ecbcba326a402533c6a9963ce6e,2,1607.2025
0e4acc980eff816e27f68bdf071179506b4eaf29aa747a9f61bfe246d6717c92,0,4546.6635
0e5079ae376bc535e87c14425518285d8936a02acf98c2bbb41c63d6470913ac,0,4020.4044999999996
0e575055632e20e3314de64710fd02f0b2c666fd888f683471fc87aa54976de7,1,3920.3145000000004
0e5a690fa3c5cd70e3b576aff2fe77e6db4ac7f8220058b86f917e7c58fdf3fe,2,633.9430000000001
0e6ef76126a0b1dc58ce4a2d7b5b3cab551d26bcd76322d9a6cf2472fefd92fe,1,2575.133
0e7163bf82b4a5043bf019bfb0da503a74049a2cece098850874a649c920061f,2,5198.654500000001
0e7d4d293af9c79081b67f17394c7757917e254bf6c84126c63226d518980653,0,3116.389
0e88294191acdd52cfa090de8401d1bc7bfba8209307cf28c8ab7ff4d6efed60,2,6791.648
0e9b5da4bfe0cd78d22f1c8c70902600b2fbf035c6513063bb142442b7461854,0,3828.8244999999997
0e9c4dd7833df0408a6e96a34bd8bdb5c4e8829951ccf1fb7621a9ed7534d14c,2,4321.607
0e9c9d413653226c30d1b0efaed42e296df935be482a662a3835f4967937bcb6,0,2870.5544999999997
0e9d68475f7e402f1a87fe1f59486f136923a701bec0a6d3d7d5a14702a0611c,0,2373.4635000000003
0ea5ddea636aa3d143ad8276d26d3a25fb22ff7b6023b45da5fc0d4926192fba,1,59.75750000000001
0ead9c14d8f675dc464c262df56845e3eb525fca5d24c79df2ea47f8926f9a24,0,3486.4995
0eb002785f0cb0338fee61762dda5b7976deb9dd6d4348d676a0e5900ee29b50,2,5892.7565
0eb2fa95e8dc2a51b9291b96938c515d4cf95f96e957f0a0a65dc9d1c44a8628,0,6800.393
0ebdb2dc5339d0d456cb9dc1fb16a8670ce21a42bcce3c00055a82667eefec00,2,2242.2015
0ebf54f9e3a89901149ad4167a64aec3c046a17ab1e22c2fbb5fde2d2ef15bb4,2,6095.37
0ec2fc1b1f871cb59c9ad7c104e274ef89921959f358b5f32e9690f15b456755,0,2742.322
0ec636c1c8c5bf2d9961ba20da29a2f21f7c1fbed65f6d840912683741f32c1d,2,8996.400000000001
0ec85908dd4be044944a2785a8a8dc769e049666fb9a53a4c7619f7b578bd43f,0,8112.378
0ecf4e7addc2437df4cce5faa4bf95378b5f98092c80d5b856a62066ee8a0606,2,3359.308
0ed38326b5f93b11d5ea4d4ec88d2f1bf013da22d2b23d05e407d5c28ae1a2f7,2,1528.9144999999999
0eda24f9d78b2e64d0019b60680c8491b600a8b659258122552f1e8f6684e4e3,1,1963.6019999999999
0eeb6ba8ed06ed9e8a84f034dbf0d731b26b05ff7b0afa6d719bac0ce80f212b,2,5276.9345
0eef98416be89b8e846e77e65141352eae39670ed0d444c5192adf2081dc94a1,2,4080.683
0ef37604bea64e6d03764fb19d62f2cebd6e6e7da51c166e2b44075c27a26b28,0,2617.8450000000003
0efc578cce2f62ee57e8f60495d6da431a1374f604e64a1fc9de0103d2bc77b2,0,4455.0265
0f02cf9e8da88eb15599f8cb121dc9ad3f9646af792656eef0032bc7d0d53290,2,2460.326
0f084acc155d8d32e02ef54ed05495d76ad6ad073ac51fe5c8b99196d320bef4,0,12532.396999999999
0f215dc516d3d2973eee5fc1246dd1db0cc445c7fdac7b17b5bc798de6ebc4e9,2,294.16600000000005
0f29f1ebeb8886401aeaea960899b37f35a9ed92f003efa44ae94f0bdbef8c10,0,2498.724
0f34d8e20cf32aa683690ea4307eafe0eec4d6b8001df85fa99243e4c97d1230,0,2755.4619999999995
0f3a9f545314294950284922c91fc324b4d5b50b0ce80f1711de809af3708be3,0,2259.0
0f3c8482b64c59a7ba1632dfd260d3f12ede3a5fa2a880ce2830105d84cb3036,0,1034.004
0f433cb89c6c27231de6eec9c6754935415ba50edb9a17e8745cb72a7662774c,2,810.9879999999999
0f48f4b984c5f8aa5d20e09506a5487685a2297f4c203a2a59fb625a2bedecb7,2,4314.809499999999
0f6af1e711651661d5482932cf3d4a7b002467e993151f3d290ca8c405fa7707,2,8728.4755
0f6f7489689d536478e9d5104f9c2c8ab28f4dbc08acf9192ce13e1aa864ee24,0,3306.215
0f75ee491210cf6cee685ddae9ccd58d4e0531df2b59675e351a031407fc900d,1,13582.372
0f7bd99cca8efa00dd2fd737d9f54c633f18eeeef0c39bda14c26d8027026ccd,0,2944.405
0f7c3da331e6cb1b2c96147d9a5b2368e1636b930d6adde79c555354bc2a059c,0,2067.169
0f7c68f08a36ecf32f7baa69a09cd4b88a288ab1c19fc995171175eeaca0f342,0,8677.139
0f82a8a56b64a2bf87345101bea5dde2d99ce7d630297c40c09e7631bf3be690,2,6167.042
0f8646e7840331856f71d5e63a9eac68a013a29982144048aa563ef61e364420,2,222.70999999999998
0f93a09e782715db2f90f14f32484551981d22d391661b9334ad5c9e1d446821,2,1062.0315
0f97bfb671c2a8735adb1caffc028f2b07b6ae35ac53d804e7018084240315a4,2,3015.362
0f99496efdd66d4fce514eecba6bf17a41de7e3a6b1cfe07061a782358d52515,2,2257.7625000000003
0fa4f7dad8a98776d6b5b66a6512e8fc58d03717a141dee980d33836bf60d41b,1,16178.2865
0fa5a7a0fad0cb1d8e0f10d74f4c22000dc66988cc1541ec9743da1abe19f229,2,5982.0225
0fa6c5c983249d3086442157ecdf34b8252341847eaa21212a5f3c6939acbbd4,0,2463.0139999999997
0fb1913c42a390ed5f5bebf98b7cfe4dba545abccc21a135ac3fb0f52e782ada,0,3193.251
0fb248cfdd5a01a05f41ef563389e4251d4f09dea0a69f976c78752daf3fd99a,0,8337.949
0fc12d6b5c736e30c8b5d2eabf4c5699c0409a0af7a7e5d59e19a431c823a7e5,0,1805.0310000000002
0fc204a3fa563304be513bd68458158dceb3dd09e7eb3aa3fdac692556d4e928,2,2647.047
0fc3f888e0459d8abb47245acce675ea783e43aa99885022f05e243a90049e6e,0,4119.333
0fc4293fa536b7413a6fac1b948f9efc9fe82a1d9b370e1da5461a1da12b1a6e,0,2550.5005
0fc495045549f893a8a556cb8ed4812fc9cb55a634b8e3c6bbc2b7eb933c0ca7,2,1819.5295
0fc8bdc1c7341b08c3ec2873b9890b2d2783bece3632410c4dee9eec212b25e5,2,1849.785
0fd58729afb0fcc5cd6be9760d03bdceff410632c77d1e13c3a52bbeab079f46,0,2277.992
0fd778839ef8e7aaf852f807cb789c9fd7b55910187f0d35bb5efc62a331c52a,0,2877.718
0fd88ee91cad264fd8522ab08ac78fbc89f90f968c47dcddc173787290a9994f,2,1758.638
0fe95d68605889b4f7ef44f26509c540dba5aa31146806b7722d5187e09deaae,0,4481.182499999999
0ff4b3edb4a6599fcf6b44031aa56b694a58fe50eb625ceb4d42929aeee51489,2,3358.0585
100258cbd43e7130afe6b9644604a6b0c6c5e2bf5777299758f9fda336fe5cb6,2,3176.7374999999997
1016a2977bcf83b795d74a8f1f88404621671a2896110b3c4849c332eede757d,0,1610.5729999999999
1020c6a18d4f909f5cc39a1e49ac26681edbcf3332f35cd1a96abac5c000439f,1,7782.809499999999
102201de2f775d41f3060a53f67671e19db8563e0c6e11a852f75fa9a123d523,0,2695.839
1031b592f4f90ed889e53b8be42f1d15a005dade7ca4e2af885c4e41a5466462,2,1599.296
1038f1b45384eba54dc181ccca044f1e59a3f8a63985246af8361128c2c452a0,0,547.392
10487895f70a461cda96bc22c4fb0cdfb93b7f60a2f7907b6c2cec650b695759,2,6820.832
1049b5e4572c4b98e766b9c7edd3a33cad4b6bb403a36b6e9ca43e8427d8faa0,0,5075.9400000000005
104a6117a62ea0cb6f2adb904d1c9f8efa3604a096e9b5d6bf7a317f9a1ad465,2,3625.9130000000005
104d44449e198a7ef9b391b73dc104c402efff7ff3f3ba94be5054d73d9006d0,2,5193.2595
10512384659621ffa583046e0b1c83e0407452b1036579d980adaf02495d5610,0,4459.032
1055f185fb14e59f99268056db4344f3b217ae28d930f51ce899436484541d56,2,17534.4055
1066e540916395e07b7910b4f77dc9a7c43ad7a6b9b2d87d3fbbe16aa642c866,2,1495.1055000000001
10702129e06e5aa05e2e0ade05bcdaae8526c088df82077853be37668cf938fc,0,2869.3904999999995
1073d929f83d4726823c413e496a42075e7b125e8a864055863cf78daca85bf6,0,8126.1595
107803670a3edf2a5396a3e1e35badf7fd41407bf883a1a0bd940c6c3cc6f69c,0,2611.782
107c620132988aed9c83e143f3e5f8a4a18643c365a797ddc29eb9ae5a0f3eb6,0,1749.4495000000002
107cca12fb9e850f21fd381d6da786dab79c17d6f1ca0634b351d87c785c3a96,2,2311.5865
107d12bf07816a0504de4b7d4709903f4610d13733defde4612a5d14d0830c22,2,2692.8175
1082900bc59ac5459a0bc80498b39f2181aba91bd7a3ee9afa230288bf46ad1c,0,6300.967
1085dbd9953ad9a8ca48fcd48d5ff991be652fa81334b9f5b6d45cf0abf057de,2,3904.3639999999996
108a0bef8367ac7090e5d45e591ce2f87feda304f0c2e60d9a1143195f28ce36,2,32097.481499999998
1095548070e3b302c606cf2ea44c2ff92641dedece1271c346b18a568e7a194b,0,4891.1295
109875fb1b8cbfca7136f5046daa9f441c0c575c4ffc150753f8bf06a4248786,0,3249.9065
10a0dbf6631a840c0c42e4946b96abfd5b02c864f7286dfb172e6ddf3a84351a,0,6128.5575
10aa3a4392f8f01b18d563f6764c3f38a9e1fc0ac4ebb76d4f22a733f7ce1d79,0,3448.6785
10ab7ecb3010e64237bb00f458636e5e56bb04e15bae2ea0c4c644b5488dfe39,0,2632.147
10c1983e1ded2e3a5165ff296cea46917b42c79d5dbfa557180363eb8861a953,0,3396.2149999999997
10c7cf1b25c3bf37fd05e501fa95c52260e53a9d91d166f72cf0db1391885aa0,2,3688.7045
10ca7e10b39e61e7f40599464e1cf22e934518e92e2e7581ccd8d6e99da4a2ae,0,17414.289
10dea6843cdf174c55ad83d43e2d2ea6ecde461f4326437969955e061f4e02a7,2,3071.9165000000003
10dffbeb6b57140efc513f3e6d1f1d4815ff9f77102da6bf8a48ffba58c84e3d,0,1565.2154999999998
10e5ce1b06774312c09b976a91d95ac216b5238140d2f4a8e910dc46a3b889e6,0,1957.513
10e60889233e95419292df4a92f4817c26be989325f3fe056abf98ad9e6035f3,2,1717.4029999999998
10e7ce28d8ccc8a8851be8b80fa90700a2bc966f8b9760032b56ab7767f070f6,0,1550.476
10eb71c6ba0fca4467519f9ada790726fb6b0c4b6fadbf2dc32edc1ab379116e,2,2520.006
10ffdc379ee9eff4a424e036ecc06605850d5a0c7ba2f5d27b632d4c866cc9a0,0,1663.105
1100471b9af33bb8221f3e88217e993dd2741455370ed4ef4cee36f2b086e619,2,6186.7429999999995
110356b9e3ef1e88dcbb924512ed52cb3e07a07224f479c9bdbc6291beb881d8,2,4700.536
110985770452fcb9aef926664394679324febecbe74e2d30a8d2ed3d7bed1cfc,0,96.86649999999999
110cfaa26443e039fe1157bce8f3ad3c6b2b9e0485d2c02bd6deaad1ab9a4b47,2,4539.66
110f54069cfb5efdc212193f3d25bed373bd288790b63b6a0db1312b50d4d7a2,1,772.4260000000002
111366173d3fc6e4efb3f6d9990c6c2aaa7bec1b63b74bcee6a50d0ae543549b,2,3007.1695
111aa681395e266563f9d82f3ebf60e8ddf225f5e870a9f8bab8d9b0be012a33,0,4142.958
112265500f6ebe0aab37a6bebcc67b6e121f18656ab10692446b70e0952562ce,0,2786.274
1126d467e4044dfc8a060f8155d8ba5372d0b2ff81119666b8e956df5e6f67a3,0,7380.7080000000005
112b3774b825e1619974a1f4c145d23898a9ea7fb72d30e53f18275bc15b1290,0,1870.6695
112fb7fc95c28c38b24c7f25d8124a1c218cdb6b059de35a06fa46014460ebd4,0,3977.633
1131af0a9495d981012b0f1dddbf9c3e6a53d491c5e9daf58832de29c416d403,2,15624.168
1138fff7e224cacf559034f60ff783f406c81a0ccef482748b4acc2e6e1b4540,0,2123.1475
1142fd00e1d60644600cc884ea96572bde051231103ade3796847571bd8bc52d,2,6936.4635
1149e40a4a7943552204bbfbc43ee5fc8135ec8b27dfbe32c67cf77b80e34f12,0,3302.8325000000004
114f6c3679fa400eaa0e898fef30bf50b2e0d1fea50eb68d65fc07bdf57806c2,2,14601.8035
1150f6805d317605ba9eb2e5e452679ebd89a060114b904eeb2225865e7a3246,0,5601.7435
1152bad3f07e567e18d0c6aa552f92c8d2904ada42b71363cc6e2531c3025cb2,0,3441.5495
1154317061a0bf767c70f01ce876871466aab68592104df7493bc1c97ce8247f,0,1706.286
1158c69f8ef3b2b683a2373f848c08ab41f39acc4f94470d3d0598bbe0733c71,2,5589.884999999999
115a87047056d01f5942d78d02982b9424ff0b7f4f8f5a4a5cc4ee08721fa0cf,2,2073.867
115c885d5160bc1482d398fa4136c72388c2c173422a6a2dce62a6a2e6db05f1,0,4252.5395
115e9b5b1eaa6409d8868a2f81f795aaecf1d7352d20dfd51c34eb0d4daf0e02,0,2979.135
116920008b07d371e7cecd6d164ba0bec64111b3431b79c06dfe592431e3aa87,2,2688.7070000000003
117a8ffd7c5183ffda256b8cc30a0759ee16ecac33dca2f33f16c43ed5d54268,2,2539.023
118ddb6bdd53b916502edc8aa183ecb6f2f6e66223bddb458016bd7acb61c467,0,3595.6674999999996
118e540dbeb1361bc3f23bab05184555318e0e18b8a381528e5c2563ef992526,2,7387.826499999999
1190e4733a775c119bd6fca67ccff5e11ef91f2e1dfdc4577811899ee4bb75cf,0,2122.9010000000003
119b79a66d47b55cea8e9fba79f9cfad0f6d6aff61b19c17cd3d0ad80db495da,0,1.655
11a92446eaaf7b5d29a3d8b3aac5d108c17e7c9b3a85b10dc96908cfbbb15e56,2,5128.6955
11ac914cbd2a603bc9ca56d87ba50ec3cee7eba5e247646f5718486112d7a940,2,916.101
11b0a6da90ff81c497dc92e6290d89519ce7b39446be7fafcec9fd3b29b923b3,0,722.2415000000001
11c21874bf595423c452e85dd9a797f40550f70967c58af8fe3aa177fb8869f3,0,1790.3095000000003
11c59adc15168317daf1dbede19db61c399179d3a638755d967c402677522d7a,0,1131.692
11cdb8ea43fe19400086ea2c032d996cb72129e6f5df39e6da1c4f7f888ef6c3,0,14781.323
11ce06d226ccea6851788fc3be7450bc8ea43d24d048ffc221448faee3ad8f75,2,2351.8165
11cffefb640ed23dbbf609c3556c0cbb93b7f4a0d875e5920607653bd93f2e84,1,7129.718499999999
11d3628f0a48aeb9b465cedf9b7967b6a0cbabb28c52175abb8b78e377daf281,2,1630.9675000000002
11d912ae1438dc29400b2d75c0cb0f2fc8328064f81efa5ec6c0661aa5a8969d,0,1941.3805000000002
11dcaaf95789817edbc71a52a4e209c8968e03da2751e8f178c968968c6e27cc,1,8813.994
11e9f01a8e456d7970d10dbab224a01336a4bc13d883fd796c0b8d36e2aa63e8,0,2697.566
11f1f3fa937851f85ef51f8b20002f4476cd3a513621dae23817696598a2bf75,0,5830.619500000001
11f527577b0bb2a646891f8c827a16265a6baae8c13aa49c83ffff18551510c5,2,6378.103999999999
11fd39385df966f488e70e7f1642152521855b784430b25938d37e372487bf1f,0,9876.887499999999
11fd9b92c67e2b2b510cd83742a381770eb2be7c8fbfc445610b5fc2b975c8cd,2,6042.91
1209ad2498a02c0702662872918649a0d0dd84d1903c67b0b5e6eca08a89a9f8,0,919.1615
120a0d0f4b5011111b4332ca2cedf9cb82262f95e124572fb53add3aee3eaaa6,2,8647.949
120f570dcedfaba95079f4e0b204f602630b6492b77e61297525e0e790765f6b,0,3793.7265
1210e0cb655e70794a1bdf295c516c02cd077e5be7a9eaf7189d905ba17bf2b8,1,2456.0055
121e4b06c30e4422c07d13a09e304a68e6bfdb0b41d3e532c06ddcf28a5f7dad,2,4780.8865000000005
1230384e31115fc57600800f7155e1e383218cb7a67c97161c44244d639e92e3,0,5852.4415
1236b1bd8e3434ab67bec7aa7202b46f68b45993e6481dcf6aa7b070f63094c3,2,4746.482
124bc4167a00bd34d7f9d12e3a5d2b99637e454cb4f28ab4c54dc4228aace2df,2,3501.1125
1259700b9edfc997dbb35d9d6251fb5de235608b9ba53e4a68ad2ef15c38628d,0,1738.7730000000001
1260a94b99b9642740843886fd0757528f94ec34b8083dfbc173a4eaa7787c86,2,7582.3405
126e92b822e6c26b6ee5a272f946b8e29dc2d9a01ba0c4fe0c7ec270076b35a3,2,4626.9655
1277d3ede5a07c1dc068536a5b3676119735eb6143c565d2e6100d784dfcc1dc,2,729.1145000000001
1277f05393298462e9aba6f00713d0f3db63c8648fe662ba4d2ce226cb89ad52,0,2812.8230000000003
1277f71babc2f1d6357ffd9043017407008fe6a9fd508b76d5daf76e734fc42e,0,1834.755
127d04eee4482f400a684b43a4bdafbd4f15418f3667001fddcf8f32621abcb2,0,7676.683500000001
127d5a88ae05dc28fc70778096f0ebeb116e008d86071c8b168062e4dae84227,2,264.037
12943eca0b877968173878c9a71082dce91fa17a9491f8518bbb53dd150cbf13,0,68831.92550000001
1296cc81f523bb6d29af552789121c16b70a90e9ca5f4591b0359b784504bf9b,0,11000.2135
12a8c492ba2e34b08dc9de17dfffc11104bdc052bfa71a11beaa2ef7b7909470,2,2269.3305
12ad55ca38c294956e696840129ab1ce5cc857885196197c7201a5fe03bff3dd,2,882.229
12c67df256ffcfb6480084e3c387f586a2767d00ceabcdd575bb7f27d58c4820,2,9206.4925
12d337bdb88a4efe5ef972b28248d5e748102ee3b3f767ebce3f2f68b08f2ea9,2,2736.9135
12d41a9129906a775c8f478bde0d7fdc581ace19ebab6f001d1bb5a2d3b733b9,2,7299.58
12d9666a9f03d8eecc666c9d5a3354e2fe40b083c597c37c9f28c77c249ee918,0,3773.807
12da67925f3cfdba4002de1e153ead915b3697a5e29d0e5bc37ce333f1950688,0,6448.6305
12e50c315ce45d6940937442e1eba1b91d0a339fcbdda142bc794e69696153a8,0,2137.8405000000002
12f2415c5db6844e3e6510037dd009f6858099ff39e2a2ac9641198b6c245d1e,0,3155.5434999999998
12fb64f5e6660c2a02f63bd1485a733d3e0a07492d0bd9005780b16a5e973818,2,3152.6544999999996
12ffdffa4e22dd0155609ade2e96898d00ab6cfef1f1154bf67ac7a1136fbd53,0,9689.3275
130f469f17eaf8f69c83867ddeca58d9db36802441de8b029c1c3859e25b2373,2,2046.2275
1311a70e46ea62137486d8fbccb5a2d247c61d1c2bdf4ccf66e378ae1a4de6ad,0,1780.141
1315f60590f0951f8c0110aa35c36ff03dab8c0cace3cc25dbd60902ee4ac625,0,6109.539499999999
13193c3d23f39a7d3511ce83fc8a28e3ac5fbd028a9e068fb7595135f67b30d0,2,3989.9305000000004
1322518ce939afab977604b8cd31fcd57242e9deb087d962b1e24722217c1d85,2,5439.076000000001
132b4011c2a7f6569c8e4a1633eac8c1821893502a4f3f760a014d14b334f380,0,5327.4705
132e2e40fe495b07f9fb6e499ebf59d76827a6fac38461d9e4ba2b79fe1cbdc9,0,11402.0605
1330cca55a38ce15362008d421db75c1a8a0aaf6bb7d61b135ecbbde98ca2ab5,0,3564.5550000000003
1334623137d240e7fa97cdb154864d702e009957374bc6b3ec7eec930b79fbbc,2,2224.1475
1338d0e003a488a4bfbd4c6a266b63b6331e095960a878cee1f6e36526ed6cf9,0,23194.967
133f20a63f8747c1a7bfab82768aef719e5b29e87c9916b0ada11231d852421f,0,17639.941
1340b38f62fd1d85d272ff5af28ccb9820e32da2162e3f57c2fc3a2465b2a320,2,10400.571
13411a60e4956467cb6431661131a61da7c6b2bc231ffacbfba31b0a3198e0c1,0,2220.206
134252a62b488e1b9afcedc0a0f918a7988d8e56bef6f92665082da090bb9699,2,1760.557
1343204eb055d14f801faf688861be0f55eb8564e5405012f1543ee072960750,0,3214.1645
1348715178412f2ae6333bfea639f41dba0bf3a3d594151c8e70a16d5eb81b19,0,2606.254
13556345b3b31582e8bd5d4d0fad35de15dfbd3366e66492ee18336785b2ba8f,2,3931.688
13560cb278902e80f2b864eeb5756e7b36d2073e01742570c630869bbbb96510,2,413.71500000000003
13568a0cc000bdad352cb9afe9127a563f67b50a761fdaad2c8b06af29fdee27,2,3929.6679999999997
1357820753de0e3b4fc795ea1adf94846286d2021f98d4eefb3a88d9bb74119b,0,238.248
1358bdea09bba39e790223d40813c1ecae4e0d9205faec46da1812877f76076d,2,13333.3425
1362c353124c30001de55939ea873b8289af0bf51981b2aab45499a0b37bd0a6,0,5869.5160000000005
13680e709e71357e8df653039e81787ace4ff2d4d4aab7c6c49a417b287623ac,1,7039.585999999999
1369303a380e81c522d8e67ae9dac92797e797fc22d666304d46925a740c215a,2,4463.9685
136ff18f2f4c8c16a99c012b20802729580a84de4193e20d26f889fa1aa40842,0,5163.223
137c6a44959a93fc0cb4d69aa1204027d4c6fddb385bf5b10b17045639ff65d1,2,4931.196
137d1cd21ca732213d473da931eba05230c8e4c42702ed25a986a3c50bc69b93,0,1326.5079999999998
13901fb66c97165e164bdef2737de6f89f78fcc264efdc494d8c36856dd2e857,0,121.118
1392cb3ebcda30181804c7d941736b7f6c6cac2cf8fcced072c38bf291ab278b,0,1800.7515
139c8a83665bed42ef70cbad777fb41722e98c2d72d4a6c48c79f39bc959b63e,0,2347.726
13a19832222ff594b5ca4bb5144cd2c510119956a2587a62ecc9929c35c2eeda,0,6112.7055
13a9aec2603423959652173b301c7720d6811d806186920d30ec5a62a2d768e2,0,1045.5266666666666
13ab35566fbd9eebf53407b3fc720d3103ad137b327e3dbe8291599975a69992,2,2453.056
13abf8254b1d0ce776c3818688641ce767295061ca110322e4ef063c20e23fa6,2,2108.228
13b0a2318e7f9c93b776df0748f36eb42a53c5fa7e574dba1b664f1dad8257dd,2,3123.7605
13b647d0db2a8a2271746eda8a86503ff33b8f061cf847182dcf8621a1e592e0,2,3452.896
13bd926500e5256e49a75e3523271cd506d287d0fbdba5389a43466c96c4624b,2,3644.1245
13d17a3a18ed1bf69ba418f3a37869b7a7244b69d051ab367e4bc038ec404006,0,2238.9465
13d325b3f5c67813b04745f7ae1af0a1332a3fff647ccff00369e8ba0c7d1479,0,3216.1775000000002
13e06beedf8d3c2413656e6cd826b93cb8463d338a49fd5f4019585e74375577,1,6989.4310000000005
13e24ba6f5a1f1a6328e61c582abcbaa0615cf98e624cc0ed8c2d0c02020416b,0,3798.1404999999995
13e56194bd92e2a1299850dccdb9829881d577dff8208f16ca8c5241ba2948c2,1,8610.614
13ea7d3eff34d97ca23339aaa01e3f5fa8c4783394e291cf36ed86dce48eea00,0,436.40650000000005
13ed6c41148e3e564af689dd99e82445e26da2e0db7e5370e860f706680cf6f4,0,1638.1585
13f23b68ed185fc1a1b52110fcf4c64b9b8788bfd7bb4f088cae01e0af6515f4,2,1612.2875
13fb362e40f99d21ae976ffac9ee249bedc28a2bc922446c8416864300ba02b4,2,4219.14
13fd5dfc70a64dcc6a3da0e77c359125cfdf322c09af68556d9a6f21e2d16b41,2,4052.133
14071a2a3fb6ac3cadb9ada7932b77194dd2b237d80a000edee37a9b2516062f,0,7394.016
1408dec7ba563e4acd4410abcfe56c56801de29283a5808707b57c527b72acde,0,2206.6125
14124cddd6bf9d25c18a9d5aaf7f27ef54cb4010ceb29df2eb1cdd8aa6bdca83,2,641.3705
141737e94e0d08ba1fbcd07e1bca116da7d4186289f7bb1192969c035e1ef3f6,1,5581.9195
141d0d8dfe460d5e64c52a53497b2e275fccfe0b06225a38a52a5b170dbba1c8,0,5555.1705
141d6196a8f24471856253b4b8e8489f2464b8b4027dd8ad4276fe4ea3dc1b4a,2,3922.652
142a17066645ead867c7c01ee74ac7cbfa29a649388abc764a0b3c72628394b6,2,8463.345000000001
143b26756712e53837c0959f1489d5403aa548fa6acbdff505796236d975a4bc,2,5110.4595
143c8cc32c4f26111f722b9101bcf09373ef3b493fbff62eeef93269bdf78560,0,2812.2755000000006
1441a3f4de53f6feb6ec21e885e6ac93aa5e6aa8c78901361bd8164c1666d70d,0,4239.951999999999
1446ac215e4093ffb75426ac3c116a62d96e3521084423d823608cd88eda9849,0,11046.519500000002
1450ed72e8cdd4d8b3c34f3adf50c0bdd3dcc85c95b372005f6fab2d9fcd189b,2,5321.5735
145200afd664111e6e4b79af557be9164a8cc4e915dc3d734893dc491626ecbc,0,4796.4255
1472a38f1d29d049f827b29c06257ab6705a9abd1fa6ae235b7b04b072f3e9a8,2,54.09
14738ebcc1ab50df0ce6782e50283c0d0644a591a8fdd058b356aaf4c494946d,1,11478.699
1475de1a62f79d5d4201813cd7384d5f36f9d8fa4c110bc54b40f83b1718a970,2,4092.1515000000004
147ee7087ae56ec5eb1f17d369c75f3339e9ccd863998eadb8a5d7fb6a61e2a2,2,11252.1885
148067cb2961fc4bf01cc012debe596d0bc1cad7bb4e61a6e19c998d934c0f03,0,4266.084000000001
14828304464316db4241f8cb75a459f628361eb1aaa863333dd678ef6714bec6,2,6815.9304999999995
14846a0826408702a060a7868dd7269b55c58012f74ff3c281aabaddd5cf05be,0,2061.9204999999997
1488ce2557c7947ecd56bb5404d64d77264dd9c8e66399061349a4c52c77ab7d,0,4846.678
14892ad0f50c5cc91dbb80e7c7214ffd2e2b388ef02c6cc9cf9b688ca0489745,2,3586.1189999999997
148cd8eca582f4e2b5e5ceae241e38349472febda095d0bac474730e6f1c4183,0,1846.741
148f208e40d24e62637833c5074d4c7564217c1a4dfce0f623db6b95e6f80e55,0,6692.1714999999995
1491648ed36765c1d5847955ce4e276a646dc17f79d303e817896f222c06d436,0,7968.0405
14953df773cc206e9ef609886a6e2017314f28f5c2e676d20cd58f48c97fc957,2,1867.1415000000002
1498eb13dee7d71ced5459f31fd84c47ce7b34c871b93cd0f7d970d9fe0656e4,0,2602.2835000000005
14a5b22fc632ff267569208a4b20467fccd8c6f61aa8509a489effe7b32063e9,2,2587.078
14a7cc11738b9de047a01f78bc05dc1a9506da55f49573d3263fca1808620eaf,0,5590.095
14b3fe4b22176e61111ab3f5ec2430649c2b2a18f13bd8e3e3ad525f385ef655,0,2552.947
14b743de0b3911a28778b1418bcd0d33dfe183070a58dce94a70890361fb065d,2,5066.3385
14bb8089e3e19530dded1f1fe38b2119ea5aaca5dbe25f41e00e0ad94abef856,0,2153.797
14c1194065cb7f966dfea68a9349b5f0cce972a385ddd11a006d18eeb1f623fe,0,2881.8345
14c61c85c588300a1634fd07b1bcffc2010f0e75771217122d39d86f723cac7d,2,1435.8159999999998
14cdd4f6849340e389280920210b94cdd77578d3621d1f40ed4e23b12ac26dc5,2,4487.657
14d033172127b92d397ca13e5d16c94c5a8ad1dbc7b6ad3826e60683233ed005,0,1599.3654999999999
14d0ed21ab4e902078785dffc5232ad878f1c39e1c66ceed2468a2e3bcf210b7,0,3333.0115
14d228904b2119a00a86e1f86bb0fc42ea8f112291b48b70c0e5f59ff80f7c7b,0,6480.968999999999
14d3d2dba310afbf271232cc7684192ae5bd26936beda77a1cf5a3b5e8498ccd,0,2171.8515
14d59b73769b9ba6813fda9ab485b4b0b34881d722766f47ad1000027bfb41e0,0,5962.948
14d6ff1f4c0176f818cb585459c1e324128a3f8164178f130e06e1c83512e381,0,3726.4000000000005
14dcd057b42dcc79b5fd38a0c26600c25eca99df17b262f141e78a7274e1e504,2,5912.764
14f11216b24f01dba92d0d56f7fb27fd05aa18c3329e3c05a4325ebc6a061327,2,1242.8765
14f331fd91bfda7585d2bc31bf1ec6e26e16fee5677b24c0c94cbaa5de1b56be,2,517.0925000000001
14faba4626442312e0200d378459601fced0407ab53f82e7702901b477034579,2,4214.54
14fca713a5b706433b184dcefaaf164a25c473c8e7c45b3a9952b7afdfc3e62f,2,4555.409000000001
14feb7b81dbfac3f733b0969d176d962d29f641d1a6dc0eba78bf90311cbc0a1,2,8444.313
1503425c01f9445b853aaad7e7ada4e17f99cca4bddf5c72807c565260546c74,0,2785.2675000000004
1503b4d572e5ec9d4b231f5f57864e9823c17c972719b1adf1e191e0f2ac64b4,2,870.2784999999999
1507382a43165e6c84910d191c72899b1c0d3e1a769dff86863937073c20b436,0,8130.445
150b58032b96ad5602ea14f25362dcade7fe7ba68751bb975e2e6391e4690b1d,1,3162.6099999999997
150b84fc3d3eddd654cbd1b9898be83f18d0f0b0388c050ffb4b3245baa9b456,0,1066.6845
151078a4953a4e7caed1befe8e2303b5e5057ce3b848d7a0ad4ecc91a63d9a7f,0,3680.055
151b7e7f0104e4e8b9a1c2f46abd658a72fe74ad5fb3520ef662f8f439b7016a,0,3759.0870000000004
1524241d06e99f115f1c2dada1d61987b82897c6e61df1fd136789e6c55713c4,2,3926.6784999999995
1525f066c8dc7905fdfabf7b2553080b47b62922abe95f1a608b72fb32c1ae47,0,7556.235
153a65fe5e9aeedf9d4f572e7698861536acb97b27a05ab8a728920d384c554a,2,3983.157
153ef5f4670bd9a6026cf82569e3e86b284ecb7bb25f131358f8fece972c3e02,0,6192.1755
153f0fb8d172523477c07ead80ecbd1ffdf4f397153f31b34fc174cd87a45971,2,2691.853
1548e6c43200802e402a84a71c65b7bd1e1265373df6a3cc7d33f83acced4a74,0,1437.3029999999999
154d1a4e86438c79f15e3be654ed2b62fdfa131deb49774863c027471c83f6cb,0,2549.181
1552bb36b71d208f07a0d197632954bf8434bd131e88310d65e826a20bf50aab,2,6174.076
155a64cdafa15c748c73c979781cea8606172bbb362480f18158da350a6c4bbd,2,1768.7900000000002
15609986bcafa64a30d16e9334a1bb7905acd6a5df2704aabf4dfdb244c0938a,0,3842.9405
15619fcecfb7e80703cfc9cc8b1085bbb0abfd06dad354ccfd14312abd873060,0,4248.049000000001
156354256ef755cb551b8e7df5fa80fccf1f50deee95b8b89bde9127b37a1994,2,2757.8495000000003
156f1ebe3f214ecdbbdf7998f1cc8c0c39578f685389277fca203500b696e3ec,0,2364.781
15793e9de0cd2438b916febeefde43f93ad000d25852322b61d48aa0cb955d79,0,5668.5805
157a73c424d2cf7f3063589f8bca123408dd5724e790d725552efb0167e40290,2,2914.799
157dd1938fb1d247d0b4a26ac9ecf8a3b349af570f2fe70524f003acac0bbf2c,0,5965.264
157eac31e19728e4932e38c544f991eceb1b7ac5f6c7fed77e34f2ffe6a2971e,0,2010.9300000000003
158e11c0635c38aea9837c25df4412ee747609e4c26d160777e72c14e0122db3,0,4551.912
158efa32f51186ab8d801fa5db88d102ec402dd1f476871077f9178213395da2,2,3706.3865
158fe49e8c389517e79967e2343bc2d7a87f47c712b6b14e49f968f14931f5f7,0,1327.538
159c76ee988b8baa7b8b30efc474f87f9e2eada1c7a5a5d86f77a1014a85ad79,0,2795.9539999999997
15a9a057d59a710a3a8bc32a10441de4931c426bef317403e4702e8f9efad783,2,183.49400000000003
15ae33b56b92c9c06f0912075046cc4c31fb4fe311c6e46aba2ddbe36d5f5762,0,5012.384
15b2292c9e062622c521ea4811f1c48796934e4a091674ce6246398d3b7509e5,0,1140.048
15bb8af499e263cf3ce207d87f176375591fbed0ed51ca9addebd2e9cb17fbb5,2,5955.5525
15bbfdda89d87eee4445200018746c127dfa01961a30c2c41cb6f0fc445cfb97,0,479.96350000000007
15bc052f5a8c44f87dc8840c9e0d09e50457f65f02cbbe0a4db58ac9ceea5951,0,3664.7515000000003
15bccbf6369c775a667aeea641ae39e50410388b8f5b78dd9b01f69d43cb19f3,0,5098.4755000000005
15c21934f19ee8ddcf0c96b9983b3d00ddedebf34192e70eaef7fa650f400f9e,0,4093.3505
15c50b0eff0788b8f3259f71897c8ca88ce24563d4b15e6d5b57e8af1498b90f,0,2306.29
15c9ba30479f44192945a745a63df0c6e1c9e32980ebbfdd7babd71001c901b4,2,9837.356
15d1f9b951914a451b5c49a0d401945a9594f4b3c124eed146b3668817014bb2,2,2459.3255
15dcc6277171c16afb9c4aed5f0f267befee83c067d9f32a7c419ccff3a0014a,2,4929.4595
15ddbc5f9e17f8f7d721c2003653e34dfa1f010dd7b7101a5683928a8d5b13e9,0,573.9590000000001
15eb8f6cdb8f6ca23a06efc467b617637deb286cdb00e1789516ec6290c1f5dc,2,1843.498
15f2fea43cdb84a804d32bc259f3d3a4e589bf9929a65e0bf57a623961c68c2d,2,1125.511
15f39ac6020cfefa865ed02f473cf797998e6b15be7bb5524baaa8fcb70cf7a1,2,3871.067
15f65dfe9aa8a82361e6da94f49178e7f0fcc7080bbc0b4f0677902d50fa1b2c,2,2023.814
15fb042038952f580324db569c0853614d3dc62a930fe81ff9e8285a56f86159,0,989.4480000000001
160c7877dc28e312226d66ba6fd0a12c14f4ba9bf09323aa20b5e859ef2131c9,0,2897.3455000000004
160dad1ce47d3aaddcba4a759196b7194d801cf880b7b2f04d1ee57ee3f8e070,0,5047.188
161abf3469241a79f3fc6ad5d4f4a0d34b74e52cd019f97d30c8baaf61c15c4d,2,4668.9890000000005
1623788613cf793ea83464be353d4e679d83408763ae807e41962a5988b92a55,2,3177.448
162a167ad8d19fa78c5ae5e34b01c00ceced27cff5bcac11b8bc3ef5f6c14e59,2,5915.835999999999
162e744ecc90021831ec5ffa1125fe797ccd285e3ba4b460e3fad1de9d8eda83,2,5768.299
16323329599379fcda79ad652e9d01aa9435f3e3aa4fea54da4926e87ddba1b3,2,6519.437
1637ee858b3cace425462e6467a165589127f568482f1cf0c4bef453d64d2a1b,0,3072.322
1639c74a032d15be8df04dbc04911eed2dd2bbbbc6976bfe3c420a8a14b1dd43,2,2959.9080000000004
164c9fa6cc7ced611b419f06e8c407bab0c69e655eaa7060295d15406c23b0fa,0,3417.9985
164df74df5b261c4cdb6aec3c4ea3e25e2b85761aca22556a27258437c409aae,2,5730.679499999999
16500ad78a735f8c5d39dccb1f7d6bbe82c755b1432068b84c64d13f21184abc,0,8224.8415
16520f02dfd4e81a3d7b7e49d85c5cb78cc721bd78bb834fe049a8b6bbdc85b8,2,5654.904500000001
1655e7aa801d4421630b9a3e017d28852eb01060bf7ade9440729f2110da6e06,1,7591.2905
165858ed95bd6096563aded81b25d6111d008604e0e624df659205acf4eda776,2,1991.7015000000001
165aff6e71198e48cab36431e8341bea792317c72b622dd7e107620d38c0e6d7,2,4275.554
165ba4cc808eed91f36cfde224688ab4bcbb6cc739506686a0f0d7f99f46d68a,0,4515.5645
16673b62e26ed2e2ff63e8c8bb468de90654eef2dd2dcb22f120f6d3de832c94,1,6076.586499999999
166cd6a7d3b45a79e132d518ef5687761d0f79a3dc4e5ccf1ece8bdf14790226,2,859.966
167bd726742fbf598eed75990bd84c737fc6f70efa61095b173087e665d4abb3,2,3284.3824999999997
167d9295d29fd1fc46870ec49a43e0341c459de6e028c1157152227d18cbe093,0,2698.5455
168279d6739f54ae693f3d2be207cb79dffd840656347d850299b0a699453e6a,1,8757.1
168db00a387ce21dd31d080f207b6d2140a4ee3033f6ab2357114c5cee1c6ff3,2,5453.913500000001
16969c382d3937f4cdada8020640f1aed11c9a70e3f29ff24d0ab7c635efd010,0,2711.8050000000003
169d235e0f15cc900218f5706aed54ef73afccf055f3d8a575ccfdbcbd9993fc,0,1686.022
169f89332f5bd272a01c6fadf2691db2f1011b1417598f241e1d155f28a6fe42,2,12173.626
16a7b76af6c177ac2424b20fb5dbe6d0b7fd91a4cbeff8bac0f26e3a8bde18a3,0,2911.8825
16b2463ac0135f9702ea7eae55b408c44efc61e93b2e077a247ba3f084522ebc,2,1671.5414999999998
16b55e4228a29d5230ea4faba4a7fb06ca04a06ef87ab8fbb8fb2574c845de17,0,5104.398999999999
16bd40062aebe66de700f543f4fd880ff923e2571ecc2aa82907d93586efec6a,0,1584.1335
16becb62740acce59eade8b6c70dedda39ab78036829d4a91b8cc4e387fafecd,0,2210.0505000000003
16d3a96be673eca54c76fefa9f450488d4bba86358389b6cd337deb3632ffe4a,0,3819.1629999999996
16d7b79fb4f21eada61fae828a0005779be3608a24bd509ec3b93ef6f2b58a4a,0,3888.342
16d83aef6a0ea18fefe9606eb9f1dd8f9434aedae58b19e542ef4ec0cb99613f,1,7821.817
16db787732b64967e337289c02666f7180b1764da9f9d551a55e7df966b3f3d4,0,3360.051
16dd3967c40c475c2ad27ff4acaa9a84013b9af8e166a02133c8634eb1bbfb79,0,1955.9015
16e514a143cfd43b632c6450afeff34ca7e441988e630494948116d78f2b5589,0,6284.6085
16e9cf2eded657c48d74f97f263a4884313bd03529b7910402bb73bad8b7813e,0,1293.904
16eb2c8807b67c4b70b432ec90c25a153d1657a66afca40b6005dd85882743e4,0,3444.0855
16eda93ebee3ba50f8480bb3cba9929b711f66f219d964908e6298458fa96276,2,3846.3360000000002
17062084fdded2ee61b9ec259ce13a6ea30a05797b0b430ad4eefe247597e84e,0,1711.3615000000002
170f96b00ec410c433a58eeee9eb2299aea3f70bdc33d6b15210475a0c0e0ff8,2,5210.3135
1714a1e0ff78ab764180a438229f6714e81402ad6864a7559491fac1bfca7c0a,0,2901.6720000000005
1714d373ea8ad11ecafb9fb45e6926ab33bb9cdb62dbe3164a5c3b8daa1ebe3e,0,3642.188
17165d8c275c697ffb3823aa01e0eb93bed35953bd415b059af71fb42ff9f1f8,0,6251.040999999999
1717d3b5e69d6264f6a7af3b73e22231de9fa930ca170f3e1b571c585d0c9d5b,0,1624.838
171be76cd34f7c79275aee6f8d07c4237f5483f642ffddd64c7601162f257839,2,3070.017
171c7f669f896a4c0f3f04e5bccfa23cb2fb4972842bb6f475197ae921ece1bf,2,7054.3575
172047ed94ef261c3c06f2d0cf561f49c1a5df77e564848ef21c0d419c2aeac9,0,8608.119999999999
17218c29e2ae25c90287f78a2c3e5c1c3732f4f91edcf2d26abd3744003bb1f8,2,5787.0740000000005
172547d627ae16624fa91eafca2e853317d74d9629fab93e9091cea3ba886a88,2,3284.8275
1725ae7446d393fcd5d61558b4c1c16cb360ec594a94a00d262be5272c7f6c63,2,3348.2529999999997
1728af40a3b248e3ea36aa2efccd65f8d98844349b6913a122c8d471a3ea77e5,2,2965.7185
172f6294d1af2b4b3aabcd0ca7a451305f1265f8ed938e8df907d70c5bd57547,2,2669.8625
172f7e0d2fd2f0241c561b856061fdcbf1ed83848134aca96e1a97b89a9d1b0e,0,1873.0725000000002
172ffbc284d7988a77e0eb77d41b5ba00c76f5ee4dc28dff75ba4cea859fe2a6,2,5792.994500000001
17316dfd08fa5c1c504702d75876283515295a78818f468f422eaaeda771cf78,0,2813.06
1734d25769a102fcaa96af0c41633a3f601e096e1b527bb1bf93977841bee38b,2,7423.175499999999
173a35cee4082c37f0c7d25294ffe997d1aebd3b24215948cd3c8265f200caba,2,1929.184
173f8938662637e46a1f3a6f12c2dfb445a4201736caf0f617d2f71c9e6e3796,2,5216.4595
174379d510b66cae8b9c4ed5f2b27d3603fc9471e81cfdb9526d80107fddda93,0,8889.6885
174566f939505d3d36733eb6667d2e8df1a6c4f24fb165eaed244935049cc3c1,2,544.7355
174637cd3748070a2d57d18358cc2886d1658f984e46164c5b32467d33b3b7b1,2,5669.425
174d3b6f86644a0f95466c68da209244d534e1531a839ff8623d11d7e277cdaf,0,5449.3605
174d6c1c56295538446ee1a294dcc201d4e83428460657aac8267fffec1055ff,2,4468.6075
1750619f138a8c671fc8bcb432170dceaae1d751a9edf087be5e64806c331c14,2,3445.6150000000002
175c659d4784d5044e6c2f696f864c807738434b0c3f33806889797d22e9e95f,1,27247.612500000003
175cc55e82b9feec9d7c4bf7f4af711dd5722101259c5fbeb45f74c2e4b996a0,0,3120.983
176adb3d0652fe0e9807a28c6c570522764f2346856b9a3838f851df662eb136,0,3980.6915
1772623a1d20ffd26e7ec0f686d7dd7d10ce31bfab31a6f316492f796ff554df,2,2256.353
177898a82a960c47be12088e50480fcfbf7478893b0edb0496f6173feaeb2eb3,0,1281.2995
177f78e18c163a20648c50f4ae883c5a92ff9e94351f92648a049003b3094534,2,1929.625
17808d18437e429d65ab9667ef53f94995559ab1b669bbde6cb7d6294122c608,2,3156.5085
1781baade416004c3c540a816a5d0c4ea42bb1bbe1497334842c9a1eda197e2d,2,6831.814833333334
178c024faec899899d5e454738857b1148e706feefadcd36fe008783c5e63572,2,5663.762
179167b9d19133e346e65a0eb4033681f5c0be47ecd99f70d5bbb6b85cc9671d,2,4252.6995
1793f2760f3d25ccfb220e90c4366036e9ad3498fe8db7be124249b6c076f057,0,1767.2900000000002
17946a3e28df59038ad15aef81a3a376ebe1b62854cbc717604b252ea0c26bb0,2,3954.6895
1798bc6fe46ded7933ae412b78dd75d59e002c0d78bd44a3b1bdca7639e9468c,0,4451.5575
1798c2e76509c577aab28dd1997e65600a4c63c214021449bacdd2822c7e0bf6,0,2197.8165
1799fe07948dc75038cc826d8d0625c6ebec25b14e07ba8cc0cad40254b552bf,0,6643.9055
17a36a8e29fc2ecba2411d88d6093685436dc800db36a27aff423990ec5380af,0,4613.822
17ae0e9659df8020f4a891d1d689a4ad619e78e3114e0285c3f668d5c5af87c8,2,1147.195
17afcad19c24935a366d2a248f2e0ea145c0f8c22709651b1dd2a6bb6c8a52d7,2,1906.5345000000002
17bf5a89af1ec699dc7c99b6f2186a07adbff9137570c97f3b9b98104c99bc6b,0,5245.6515
17c1792921a1a28965f6450258d8f5037529d9a7c04a5f2d6b0af36db00450ef,0,2068.794
17c35a0f4b97d2579e4dd8f32471cb69f658c3b63d5cb5a441f8be9a6193dbb9,0,8134.0415
17ca71628d53980ea64807224e1143c98425810f8d9a7573e015c4578e3ed400,2,1658.2255
17ca724fd4a3bc7dfca0b87d014f820c718d5c64693017baf8f26e3af4d86bdf,2,809.1615000000002
17d160fbadd9198fd3eb5ebffe7ea6cabcec5e3e81e7b786f3a1704eb50f90f4,0,3814.9615000000003
17d9456ff6fac2323c5c5e5cf9decf6855989094a0c3366ee504eb8d55527193,0,2715.4795
17da89520d39cb0dd8cc401f6b8d88e4f7688b0e2db66e9752ea9e314bb2b300,1,1250.0520000000001
17f1e730c1a8698209fd657e3fd362f1664b3bd03476b879f0300eff42ed8f3a,0,4991.9605
17f46dd21f5def4d5c71633c19755814e2b3dae1a07d6e040fad3f6b2bb9a32a,0,5798.533
17ff7a23191926e4db9dd83df5e845be650c860245f1830d3e4117b8940df335,2,10635.812999999998
180aeb4530b5abd10d5d29b517cbff551aafce68df01291c85c482a7c57be17d,0,3001.6765
1819ba14fd3a099299307b8bb8bff604a0ee91ad750a82fab1dea1e29ba0b9ca,2,2117.0135
181b83873c25ac0d89c76687db514c5ae521818327bfeb20a26fdd0afdafb913,2,1744.0895
181ef65ec50f749ab7ad361543b51c30f605ef0b2b49a23a7d1d52dfa74228b6,2,5355.8550000000005
1825770497b897b6bbdfd20769e473012572adda08b5d2c79eff98a680fa9b9a,0,735.0150000000001
18262f962b859ba77a4a3d96e1a4064ca3fdb5343baeac49487807566b829b71,0,1633.5475
182a00b753522a761fc482086e5f59e49ca04e935397d299adb293890ff5a89a,2,4322.9025
182ab28bdd5d3f6dfea9f183512f7f98253f97d9df034bd69a946a5572de2029,0,4189.860000000001
182f56703eeed7689090923b6655a6396f138961584ea9645f6d7edffad824be,2,6812.864500000001
1840f62c99dd19103a8ecd10112893dac6438c89cc2f9ad89f0fba13a9ba02d1,2,8736.212500000001
1844d90de99c83bfabbf726a15156cba2eb58e639f088de99bdb7aebaab65bf6,0,3116.2535000000003
18471c405a32f1f4bd3586f527e3c80348a57260c49a77e55a5b2c3da78c704b,0,3310.73
18477080afbd5441ee18c32858c5bb29df89c940973eb195366795ce3324d0ac,0,2194.302
184dc0ff4303e83c9163aea59b20ceb240c3e9a480364a8a251a01ee7c74a235,0,4640.0275
185185c6c2f9bdc20e4384a88902daf8a69375cd17b1a96371b770383ccc38b5,0,1269.6185
185576bc622320e075868c49660ba41e3b93c087e72220e5ed0967bce661d90b,0,3256.2975
186f4754e68e1c2fc12d5f6c584cc387980cab7f88b80580011938bae425fa82,0,3811.7014999999997
187381ea1e9d762e270f05101737ae04ff8ef49f83ece2c5caea58d67b3206f8,0,441.97700000000003
1876212e4ad1a528d47df6847cc4a3838b12be3bdb953da2b17e829dff5d295a,2,2472.9265
187bfa480d6ab1b4b6b321e03549f7959ad677feceb79243d822a47fbe326bfb,2,5570.5795
18818520a94103f7084573bf47dc8964f34dd8eba478efc40eadc69d01f19caa,2,1952.6135
1881ad1f2f7575b42960b8e962dd4be875e43018ce4e96a1e299d6b568fe0b02,2,2157.7430000000004
1882546e673fc8645df015d0e595c605c64dd95b80f3e520974cadf553137880,0,3595.0674999999997
1885bd0744ab1c8a4c2918968029ef6deed1653a51dba680467d5152b33f2519,0,3844.067
188fb2b911bbfb5c47bb0ba5e9677f94054fd103fc9af0fe0b058cc8b07559c8,0,4231.794
189439c7fba5626af0645a28a3896497efb76944b8061c2230f3a7ba65eccbc1,0,1177.362
18968e40a91a6117a3252350aa32fe52d75c54428eeca909021e30a48e9c46db,2,287.6945
18a31e8e92e761af0a800ca2b504b45df4014afd8030c5256e491648c5605dae,2,4741.4005
18a4cbcbd52d29930cd1659c0d09b8f4282758fce044fb4df2d8e4160cead9d0,2,7714.1255
18a588b0891d63a2dd793e90f26ffd98090fc394334b1b3a68c4ea8fb3131207,1,1061.0695
18a98c9ca20525e3bc1adf16cee8de07023fa096bf40b4228078039cfb4ffdd1,2,13051.5325
18acb83073e9adc9013aad55f912fc0cc5dd358b27b51b3c1db654e8e0185174,0,1158.4965
18b039006059e6699367c821c820addce5eb245bc992eab18b22714419d8157e,0,1826.0975
18c33dbff3b952ac46a83462101aa202cba68253f2a68b54ec87569882746a2f,2,6343.58
18c49ce2aed0319a0b62a2123027d5b44b63bea47a0c4db511b85edd05a5879f,0,2056.1165
18c87bf19f9a394f49ea5a8fdb768ab63ca69eb92942758d1071c2b4a8d55f15,2,157.60899999999998
18ccd3c216760ec4082df74bd9cb6baefdf3cedbc1384b6623da9ccf67ca9c18,0,2685.74
18d000d83e67d54982b2b0137a8bb1fe5785838d667b8e0d2f2289b70cb0e32c,0,2847.714
18d5d7365cdc403645d60ed6184c753d66b0b0b894cfd3dcf9c93eeeec4c9286,0,2328.9365
18de3b3081a9970dec426e76ed93db63b5a2823eaabe66b10998ee4bf9cf1123,2,20359.9265
18df1a069a0b798add04935a5e44a7d97393f8012e40d26cee3c8b81c567c96a,0,1562.1074999999998
18e51bda9512a61657477d8827a7b511597f0a48d34219b05f2bbdeeaf57a11c,0,5415.967000000001
18e805a10dc3132261fcf55b5bdc773721227c1269fb289ff4b8f4db1a59f975,0,2658.5295
18e8d4c0cba5d87e36f232a1c046c59032a46de3d99b536259e664ccea7abff5,2,171.707
18f5ed69ebc25b448f1686fd1699a27848a642db233fb2188462e113f2e58143,2,9259.105
18f7181943efde58e2b56cd7b6c5538fc61386e77874c2f1fbc965691c9053d0,2,3350.337
18f725488464dbb23888c6d9f9ccbf5b64ccdf87f7b653729c26e27f9c45afcf,0,9196.9485
18fddc195832c89c0031cc446ccb73c2c5b15e02c738b1d1f255a9752c6463b1,2,33371.178
19010cec5492485e6632b3445f978ea583cc1b97d5de6262e059181bc9bc3d29,0,4913.7965
1918bec3956b0073bc5a8a285ed45169d586b2e1a2570144b7969838c9fb1a89,1,1345.394
1924b13d62cef18dec186d07e79975a9213588dfbe7f392ce7972ca6650ca4a4,1,3766.0175
192ce28921323e435a7693a6ce5084fe949ab6e119d189ae698295056b966a93,0,6407.1465
192dea045d18530b34b06861f7e2b733ccfede4003e85cad0e50351a8b137839,2,5916.402333333333
1938e9023141baab0ee29dc6f1ab06a312bad60298d3e7490e1f3c37995064cb,0,1206.1550000000002
193d4f74aaf44d2da736e9c92688ae8d89f858f1fd194b17a5ab52a0fd8f8377,2,3153.9399999999996
193df24e4f42bf628ea9b7805ee9cbd44e09acf9e1f7dc980bc39bac8a9597c6,0,4914.7915
194020ce728078a3b2da5f3da18f6d1e68306aa2c1c288f2aa858d4f28c26610,2,524.7775
195160e5f1268d93613c176f986ee1db986149a846a48c70f10944152ed34ed4,2,7482.410000000001
1961ac56537ea0fe9d4c7c649834dda3150c362a517b6f4d681b25b27d11a6ed,0,2395.978
19677eefbfe644acd1c07afbb646713b270b4f59fa0303cabd2f9338b35c3da4,0,2536.558
196c56231070c4420fb9d7581db65f992c9b1203665b5a2977c74e5236ec5c58,2,3087.931
1979b0ac3a03c0b1dc41b48c846fef42c1d4b4cc4fe5817d4c57300070e15c4f,2,1329.5004999999999
197b48f813d442a1c9d232fc251ffcc338af9db8f3bf324f8a24334e023cfd0d,0,2349.3680000000004
197b863e8973352747c4ce5220619d600988703143299fdef8e1201b28c409c2,2,577.3539999999999
198483c67d11d3f0a21ace6265ae8a5a3bdc221a446b2b193e87996a11ee6863,1,1395.7649999999999
198be62e407f629c95dd7a56a4070f39f2f158cd8441c2e0b4b6f95895b05e72,1,10624.5095
198d9dc7eb24ba1dec6e0f67b9f573ce2bc61aa5b7f91e3fba1f420c0232e13d,0,7623.5265
19949a786fc6ee113efb145ac4c2c11481b2cd3bcfef8774aef939e87613e9cc,2,8223.783
199ded8b85a12cd035c7893d831276b08dbba6d0f1c614304f41482d4361b347,2,2660.3085
19a08cca7f91f7d51b53bac1c251b75bc4d0e3a4266df93ad78c99f14c87443b,0,1574.97
19a5338ae3273171570dc3fb8ae72bcfa656647fb8cea9ff1cf97516621c05fa,0,2848.7375
19b131ad8b72d732fcc933bc759719e22c1b4295d6a2aa9bb295bff9e4f0ac75,2,3465.9519999999998
19b14f57d3e9b4af3548b7a5f29440d1a0bff2c994580ec9ad37f30ebffd5d88,0,1350.298
19b5a4bae169b8889fa147fd9a250f919b0c0ad4332e6c4e71546aac858b49c3,0,1313.8940000000002
19b89fddac5cf587c0c503a83515d735f2bbe1e6daff7db241de7f57bf68f0a7,2,4265.452
19c30a5eace00e5079aa81e6191bcae7bd38ebbc0024a99b790dabd9971cf135,0,3601.5185
19c9aaccdc375bd4ef2985bc45d7df5858609cf3b74358e980c0c885158d262a,0,988.4164999999999
19d24231d998a4c1c551355e2095dcea64124409e61e52c4323592b4e3fdd3a4,0,4536.482
19d901eace7e38f86786821be5a71fba604874a9a9bcbe5c1304887c76b9ecfd,2,5149.867
19ef5fe17dd2f3c671ea8f8023dcd427a667c057b2dcd24b8a89229d87badaa4,2,2490.205
19f8334a794c71a4c0acbfb43f3f9bc6deaba57ccaba25b37f5dfcc47df699d4,2,2521.496
19f89a1028415c343e6f8f2590659d74734b392e073d072b5ca48e7717177144,0,1059.6345000000001
19fa129a7314d9f0d703f1d1cf5b5e446874787acaf02820d78faafab9643218,1,2559.0615
19fa1b71f87347ee5de0fab9f1c78894d89084149e8a828a8ff82af4612fd6e8,2,17970.993499999997
19fc2f6b7cf3724c47b3e482b0571f9bc746fd1a69536fdf81088e182da7729b,1,54824.982
1a017a2587824749d4e890a61f8c8655210ef914438a5e16bc03a6c4b6681eec,2,706.34
1a033ba02631cb65a7226836a4919863d2a42319dea553c5de8351616e6b272b,2,8046.9645
1a07601f93168edff96c638acb18d794bcfd177b6604930300c16cedce1b3470,1,56807.8815
1a141083b0335d10c769f4eaa6c9a4f0ec00a3af16e7314474a38097b586dae5,2,1679.692
1a2047e47dcf70451f5adb7ce27ef02a35ffacce3b57ffa061369c4f92055779,0,720.8245000000002
1a2058391580643b67427345435593fccf0ec33dcb0df23e21c6a8c27cc2f6c1,1,5952.197
1a21e38f77e82e8d0a2444e44201ddfb1fea80f8bae235ba67fa4d704aa33a91,0,16233.067000000001
1a2f572f6e6b6065a93f32c3c3f71b80aaea5ca453ae426f6031c74694824bfc,2,2201.9790000000003
1a2fd162f92b4cd0bb5aa565dbb35fdb403c59c0bb2824001c8d7ecc15c6c34c,2,6073.6314999999995
1a3094d85feecdecb4c3a70488dcc56f852cc2a042572e31172dc5ae529dd399,2,10909.6195
1a31e160570be865b18c2957be19b242960a0c1cefa4ac2dbdc2c574f3025967,2,2515.7115
1a33601e296988153215c4a85b0aba6a277e5d2790a7fd15de76f2e5eec4cbf2,2,33589.316
1a3f23aa3b99fdf9f575225c306da6306f19fbb6f3464d2854efb957852aed14,2,7121.0915
1a41c295c59cf492d3d69aba614e9d1fd899665bc4f537e7430d51f8f788c097,0,2434.735
1a430c4647124c6d5fccdc0cba6269232f37fc7ccf6b1c14502e86dcd5e8cc83,0,3474.8205
1a4adce721091e37ae36e10a3462da4020244ae162ce6a907d246abaa96b800d,0,1031.333
1a4d619d8f4547702698eb0b2c6ca65a5f31bb07310c6874782600015ca391b3,2,2068.837
1a5130a7e5e375b14ddb3f8bb38c24bffa461652bf4e85ca5e7ea9b9fc78cf98,0,4634.853000000001
1a5668ae3d65107cd04298e55fa9bac2fbdee653537697dbbf9a5ff66697c246,2,1103.2275
1a6a593be955223a6fb1c452f66feaf839e537f4a5dc213c24dd1d4bfcd6f795,0,2072.2670000000003
1a6b5b4b8572d3e847791df64af9d2518ac87e76dc71b4cad461fe022bf6e651,0,3977.6730000000002
1a6ea1c670f3cc8934a33337e9363511a30b12cfd65c75a7a66c09ba8c8c6a99,0,3851.9550000000004
1a713a7fc202744bbe4b9df78d22b2fa05376edcaab5bf379bea0bfb32cf7f10,2,1199.9360000000001
1a76b81a43c50f6be8ede3113d1c1f30895eb2f2d02aac1cf060d3aa65b00d63,2,1683.9370000000001
1a77b82b5bd07910faf18025c514442a2ca480c4fc49bf23c0ea498d472aa649,2,2760.464
1a80fe16bd856097bac78270d49e63022e87bd6011ba5ffe4896b28e85535f06,2,3427.0335
1a81d503439ab8ed52d531aed127d0e223feee671a2fb7866664b12dddccd874,2,3425.3100000000004
1a863463f9ca1f37c5847dad5a2349841fb97418dd6c21461f15c4ea3d89eaf3,0,3389.5805
1a90c0051083119bd39693372f8f37c0414f18e49493702f3be420749bb8cae3,2,5576.404
1a9b5925e616dfde5582d4b0e0c711ccf0e829889117055ee4958b3211a76936,0,4902.0275
1a9dd13eb65138ef658b3eb7c0ce353dd4b462749f4cd56dffd2787996721aa1,0,1328.5715
1ab17af372744a5e530bd79158e4a013440a85fcd7f28adfb808117350e15677,0,2712.349
1ab2d78b38f2f4fefc80a075ed428665777f6e72538cb38437cbf067f0015db1,0,3970.0690000000004
1aba34863c2e78c0d27c1548dcdd3c7a639ced6352450d361cc345e68554c769,0,4326.161
1abfa6493feb761b5e6f23e16d3876494b1871c7012ec85be9dae8b040ab4acd,0,3583.664
1ac124163a18f670ca7cf113f0c399858f4e81c5022ab73b96f5a201c486d149,2,5014.75
1ac1a1d3e5d8cefa630f1ac9d418765c5b7678f9720688689ea1f5bdb0f0d128,0,4850.9945
1ac3db71ae56dc45b210f345f401e354d7d1ec1aeba9365f92c9476c30edd220,0,2601.7889999999998
1ac8363b5cd1db79fbb40f6409e76338a250573bd541816dc90866f0672f0fe5,0,371.508
1ac9ec1e2fe45e64bbcfb49285c3c7ff15fabacef6e46413f13ed8ad2c9940a7,2,99.311
1acac5f43ebb2ffff9356bc17d4fb6df590f1d8423764f53814142800cbe7d7b,2,6225.1565
1acf83b187cb3c4f615d0a716336d44cf33ba15054a36ec4a6a9e407a07f399a,0,3761.2744999999995
1ad2fdd73d4513c902928574228b88987be4a2494e254439f9c4c089d69bc8f7,2,7028.6165
1add5556f3284ab868ad79e7f9570701a59af67464b60d0aefc430a636094f65,1,16224.573
1adfefab06f0a25b35856534dece73ae12d0e599f76bc59db8a2ce4d6c14c164,2,6673.576999999999
1af53c0b711c0ce2f9715db9f87889f5941f3d4704597476d4f1fab10e65db9b,1,3595.6144999999997
1af7fa994f5157ffea5f0ed25f71f3ba67a30421da04a2f69f1b1f88ee40c7bf,0,2042.684
1afd86a69e06487a14cf9d0c57a37d1de7b7d98ba3c7ad463a23e8287f869f99,2,4840.738
1b0043b6f9205112f7359efb1cb8e716375153585016d7e6ee70773aa8e49ffe,0,5574.523999999999
1b07938685f1bf6395b7f9a9c87d8d38b5b35fa5338ae12db22861a167f27036,1,74950.613
1b0cf25911b025af1e38bf7819f7767952c8cfabee214b1f618f104eb4dfe178,2,919.3599999999999
1b186befde103c830833e2e99705561217542b13d9c32359b69fc4ee347ff649,2,2864.5715
1b275661165525d178568458fa0554aef16f3146ce1bfc1226064743abfaa7e8,0,2442.2245000000003
1b2befa2541c97402b0cec3089dcad2d8f507da5ffd59a09a60d22a62bac3008,0,629.138
1b31ed42c4c75bd4eff99b0e578d6ab125fb390ab2a27165cde5e1d792c0e276,0,227.86400000000003
1b360dad8e3c080f5a10d11ed8f8647924f7bffdbba8d83b8edee9da85ac48de,0,1737.3965
1b37b108b0b513fb8491d756f0f7ab7ca63987e4c1c8403c1ce2d239b0e286a5,2,240.724
1b3a1b1879c91f7e4b245520e409ebc11cdf49475090826633c6d6b979f1e378,1,9474.305
1b443aaeb34b4849f9a29f6c28d9e961f859d46c0f0bcfdcaaeae055a4ccf825,0,3150.6994999999997
1b48c96bc986718291ec141606bb9824e75be231ae072993e988b917a937351c,0,3204.3630000000003
1b49751fbd13eb15dc869526229486e397c878cb456f856519293c9ef53757aa,0,1693.0520000000001
1b49bc23a6ec9770fae1fbb8bb95f03c6cfa9665657eaecd4c0a0c20804d4fbf,2,5787.085000000001
1b4cf5328c5d9366854e0a381c33e228049a8ebc2d03d40ba335e1667a7f69be,0,2006.185
1b5089c77a628c31eca38aca4b4817f025ba3a32955b82ac9a614c6e5df61582,2,4805.646000000001
1b51dde1cfba1991ec46a0cde5b0fcb38b686328f2f2cf1cf9cfa9e4ade345d5,0,1081.5480000000002
1b5389d3c863b008252be558737c94cc8b635fcf2fc9545695403e1a49c11ec3,2,3221.991
1b598d855b8c2910dd4351aeedbadadd627d7c144ea4c952c6f997b86efc1862,2,647.886
1b5d3f046efaf570614add3339b08d595f48357db731ddb86d720cf260a3b044,1,22830.749499999998
1b63422e785447ea40cc563aab4a6896bc84e022b70d6914104828aba110bd98,1,3839.9204999999997
1b648f641bed7636011cfd9f31e9debcb14db9f99319b3147d32f68a3c568a12,0,5161.2555
1b6f777370f7d95b8e283ed36c0b5634a76f7d0ff4d3fdb81fb51a2855dd1557,2,554.6975000000001
1b7d2348c6dc00932ddd16be4d9a01c2b24eaeedbca9da80a2570ee187b66fb7,0,5482.61975
1b7e4de29db9f95c44e74ac99d6a011a046bc8670a67e56c9784c20b961316f1,0,2775.446
1b809df5595cb80527449f988befbad1ca3319761265d7e7c7093037313ff00b,2,4285.483
1b83a18c3a2b86439cf87b99f6f7e567b2de76bd7a0b4c41e2ee2fd3c49692e6,0,3412.0395
1b8496487fde26801dae318e1aa1285dd26f4860f7989d86432d7e81df32d2b4,2,2526.889
1b8bb4abf555a8f8c5f86c8ce12ae39bcabd245ec9ff67fd4f25608d15f1801a,2,4291.451
1b9990370cf2dbcbec1b66b3011b636866bd82be90c94b6f245f15ffc356af19,2,876.4485
1b9f673ab4b57891152f840f25db3e74218b9561346e84401a807f3500627ff3,0,1520.9144999999999
1ba9e23f627804accf0b71f5cba0d2e6866e387c5070bc17cfc9f6c27ef79f34,0,6270.681500000001
1bc477e079aee129473f7d3a710095acb1a15fd2a163fbe4fcf4ae7e4a9807ae,0,1237.844
1bcca53f13e2712d70c11b7c4374a050f707983c20b46fd5aed30cefc498efe9,0,2205.9625
1bce2003a5a8599214fd62bf7e6f730d9806668173a7f7d8f1678b7cb6911340,0,8737.351999999999
1bcf064b9b16d4fb9db7500d91e572a41b683e26a8b45126b593553b7bc556a4,2,7631.0465
1bd731f12074a75696faeff98640e36eca825021a02d04de04120157eb3675fa,2,2722.3135
1be808b1649a9affec83beb4e289bf47c411597b37ed933f20a385544174d0b4,2,4648.126499999999
1be9a4ec5d48cc2f1f7cebeb5ce547562e34d1612b64060a057d3cc076380c80,0,3585.3450000000003
1bee27ce4ff038eddf37ced4168dc4fd3057061edc4e4a574811cbb4d98ba4e4,0,5534.5345
1bf440b7b53ea7f04c8ea729036a8e85ea34daa6312a453f11a57816d57ad283,2,6892.5315
1bfce9cc41f1c5d4260c467edfcdc0d8389859483a1503999d63bb391876d11a,0,2017.4905
1c0c2675d89c058d82733967d9a123dbe1cc05b5175f4a6c59737b7c4527033a,0,3621.9399999999996
1c0fc8dd3526049dc3f88750e88b1b5a4f6c4479cf00da2baffd9cef83b929de,0,2302.687
1c15f8b9194ec579a9f2744176a837e058640297dd7db08ba3caef7262c9b3ef,0,4841.455
1c16f46e203eb6def30c39107f13ae68087051de9f7e7b8fe8db9722d37bec0f,0,2182.4825
1c1b25a5b2a9b9b13843c8916d117a45c17085e44fa055fa8e2ec888d1fda3cb,0,2409.76
1c1bcc935f3cfee44adc5e49791a4977f0ea7bf681df6886c89ff48ae3bdf770,0,3928.3105
1c1c0544a9b4817ae1aa6ca69b3abeb48b49dbe9a8e417f326ab64bde2345e3a,0,2399.573
1c218582f8531d8b6bb66aa8e1984f7c62b7686afc18e45eade18bb710de11c1,0,4258.492
1c2db6109c8831f2ae3b0aac402222899fd3242a0a6e53f57b70433c4cdf7d5d,0,3488.988
1c2e00a3330532c4f2f5c262347b94a57c64603f691e88ea5bef7e3380762d18,0,3363.608
1c335058391d464a51945ef6ecc02418cfcbcd57d475476e4e8a3c41a81befa6,1,13179.104
1c38659374a0b2118869948ba59c77f8f8129e865079c7853034f7ee555e0172,0,3576.5570000000002
1c3ef4efaa08f2aff9da06b6720bfad6f1193301bec0fb81ab86c37e2073e94a,0,6492.2655
1c475f5bd0e34d3b6831ce38028ecc6512e5fa2d2ae0b2590b198547d21818df,0,1819.2955
1c641db30f3999b15bb9a6f60fd76d734d8b352191272cb5cbd5fa01fd2a6805,2,3353.6395
1c66fcb3fbf4c160038f31d6a69cd31363c1fe173351aefea15a7b703bf29173,0,2114.0795
1c7a79264e105802ae2823d31854a0a51ece225c7f9d644ed587cfd1768a35f4,2,3107.9809999999993
1c7d34a4ea636d2b065509684645b0edad1476f5b60477552e5f90eaabbda239,0,8885.166000000001
1c7e3c8ba26786bbe5582c7b1b345a371ae54945d7ccdf197d0ea42110e7d6c0,0,4943.338
1c986611e5814a52c64b3392446c8a28d1b356ddd8cf01df5f46ab8d7cc1dd45,0,5080.025
1c986b28ead2c8891380b94504b835a992dda5f58e7cb2f71e6ce68f9daf3928,0,2369.2405
1c99b6afca2c730162c133eada63a3f2bbea8d79c39ab6e8cf8a1dc8355328b1,0,7091.883
1c9c45df3fdafe87ba4ff276722cf97e836a6608894dde336dedb84e7b4ab06e,2,6244.154
1ca3975fb6aab9bc6449f428eed09ce847a9c9541e6480ce46b5089fdb5d328f,0,2166.0665
1cad828859ef771b5f02a6515f80e7246a1db85ecccb4b28c7b7ee2da01d9e85,0,2751.919
1cb0ba8387e70f3318173a4b8f51940c6ffc9848cd5317c10927d3ad37c856d5,1,4939.295499999999
1ccb93761f0aa8a4902828415937212e6546fcd2ee890b33bd12011c5d8a23af,0,3502.5095
1ccc4416c0ab3e98d2eccd59459e3e91ccac0f1d5f7b80c59f397782bb6d307a,0,2119.9860000000003
1cd4fb19a39baba6aed21a4acc5d473c18ab7282283251b493612ae3160db63e,0,587.172
1cd713709264e3ce715d68d72c41403be23c04d1c5028a815f1d3dcca6cf9c58,0,5101.271000000001
1ce0fb5c6a77bf1c0e188b24d13871b278440624b11d3da8bc4b91e79d9246ff,2,2775.5165
1cea107b70937ca56a38bd15568366decd31163eccf0f7712d3c8abadb7aebb7,2,3528.185
1ceaf90554a76c53adbf23c7e57e97323efa04a28a78809c5c9a3bf74c3b5fa6,0,1134.53
1cf0a5625fd3bd897cf3cf4b7d5a55a77aaa79dd54738e78f142c565c20e6da8,0,1224.571
1cf687382c11866b72dc2836cd00df01d4c20bdaa83c64256b5d83757c75b8da,0,8098.68
1cfb98bcd308255a6878fb84d6315591cd0ab7272e93535322913fd80151c9b4,2,3881.7934999999998
1cfce58c147275e645b4f15d071ff95b7f509b111d1a62c3ed6b8f9a615022a0,0,4460.377
1cff3f575f78185cc4da1d3160dabc8b86f482a54486d5ba17d056e452d3ce75,0,3911.1634999999997
1d0f80e7b2c2b1912f81ef7cc4edb4e909056917e4470546cbfb8aeb4bbc0e36,2,790.3344999999999
1d1aeabdcf815919fc1c86ff5250408730e77c8ba46a6d9c9b442865012616bf,0,2811.511
1d1c5297ebe469a8874ea6221f503bdc0cc1ee0517624eaf6f39c1bd628f6bc8,1,2829.437
1d1d50956a0c368ce348b4abc28ccae831296114518520c062725524be376f9d,0,1115.2740000000001
1d26fb64b9b65b40a4ad7003f2f1e13e6b36f6c090e632c7c715757bb776f7e3,0,4507.9435
1d290009736b2ccec80b2ead89ffd5353037bc0ddb42a147833568fca036876a,0,2547.326
1d30231d24ef37375883b03860c46b62c8120f02a14640c8a4bdfa60f786230c,2,2383.29
1d31870d33a4ce0029669c3cfd7d94ebec5ca375dc37d930620d849125338352,2,7108.4265000000005
1d321fb463fca619dff884852ea600810cf3943910658ea1c500e29a35090d17,0,183.21800000000002
1d3cca2bffd7d218ec7f68c99bb299d0a5c97566cf9256f0d345b310e1eaec2e,0,6305.472000000001
1d447ebdf1f75ceefe29c79ea7d8c22e4ca427e4a2a56f40184dba66ff9eb2c5,1,6064.162
1d46e303b14434880757ad0655856e8954c59c73bd33b5c2b3caa8923bd1e57a,2,8941.019
1d50deb4eb788b5f463582d7b35c009e4a3c0cd2eca379320dc576cda667f43e,2,2612.6545
1d5a1d1c68987e831e4168e077b175b04d42c63a42fd3e0bb0e539886887e5db,2,2278.8875
1d681b6ad5bdf5cad1d31afa1a599168e01c26428efa814e5c828792ec0e06d5,0,1999.0220000000002
1d724adc9fe9ac9f527b38822c2f5c341fed9fc83ad0da6afb6ffbbeccb06830,0,1383.3919999999998
1d7e3c9140c2037b075324ccbe3620afe6b1d879d8d989901fd8ce4470f26a6d,2,4642.216
1d8d5a6d96c45760ba58c35869a2f3730aa0bd16e02078f8f7ddd41eb70d190a,1,8329.777
1d92ab217f37d8c548114f4ad51348689e9a3466c5c6fb99eaf26f6d8bafbdda,2,2246.6684999999998
1d98aea51f4a2389488315c76037acf0f48e24877da044bd67f7530d3bb4b265,2,4751.9039999999995
1d9a5517ac0dbdaf308d388739f989775cf696932d24c8120268e292b223f15e,2,4068.934
1daaf968d26702f3796ff36117e9bfad4aec93dd6187659c3da4d39db74dd08a,0,3198.2005000000004
1db897e08a6e18451d2064f4fda7357460764fe885c2e15c7295e967d2d97da8,2,4244.155000000001
1dba9df43e22503ef2e4f7735527dc0485dedf8a69fcdda0ca6477356040cc14,2,3420.8900000000003
1dbe2fca70f0f7a9eb7d3933da6f129dd106420dba3e3be7396616a2a8ecde24,0,3498.0905000000002
1dbe3b12c9c91bd55b5408a82f220b7f14284e6cdd7cf7172304cb07b94459a8,0,694.3925
1dc09cd454fbc100f37d4c282fd4ca38c5cb64b496020c3317b4a336a783e2d2,2,1317.8355000000001
1dc314968090143bd9cf6fe348e38fc96de1214862ab87c3058d27231140d6bb,2,5752.3155
1dcf228529e1273af42172d9f5cf02fa92ae152ace5454fc4628b63a3f24bec5,0,6105.109
1dd769a7aab6c53959720929dcbb2da7485bdf75ba4bee2d05db1cefdb511c22,0,3017.1875000000005
1ddb390c73d113e01f2f7f35236fc6f97b48f7a3a9d27beab2a3fc259f66437b,2,7444.7435
1ddb9185a121dcc418694886fafac8879df4ebca2fc5d9a10d58450eb03fad5c,2,1120.3954999999999
1dde617344ec20f33c91285f9edd649d44400ce4420cddf7e996405fd46258c9,2,6184.948
1decfd9897730dc988ab38a08435a9ca2bc35ed4d26afcf7fd43fc97fb7fcbb8,2,1245.2275
1df4c976710722f5a58e9397a2c8826247d0fb57af010b5cf5ee18fd033db7aa,2,907.5955
1df97c18eab4b42456912ea1c7f5408dcb6d7d17b80119d128ebf15c00199555,0,5130.0885
1e02dd8f21065a43cabcc5988d169d5c01510ef4f80960f0703b7f329c301240,2,3264.2665
1e06028b3d62ef1de53513a684fe9efa4af31974c17d89302031210cd17b8e56,2,4622.574500000001
1e1200abb3891efb0af55dd8b47003f6c5bdee7691ea5037ff9e17c6f08c0a6f,2,9203.733
1e210e7220e3ab0eec546c020fd2eb40133fb7837b7f3748e570b56df4114eff,0,1617.3825
1e2805ce236aeb6b026ee238d999373db82cca7af634c0923a32a6ddc36e4390,0,5413.539000000001
1e2dbb74f5454689fc2687affb746e06de83e6d30613f88d34406ceb830f109c,0,1642.4675000000002
1e2e84a9c670b09eee1b57fcb13ea161614fedb24ad2a7e984b32f2b2654ea7f,0,695.2665000000001
1e3619d37cd1f342f416a5e90ced8051fea751915373e905b705b1fe8463e2c4,0,5457.918
1e413949775d8a55c03181b8e91fb833b5d934e93b1ebb92630c428142f17b61,2,2529.9055
1e49de294ab1021577fc0f8954f121c76e02602e471eb8d200dbe3010f0d6efb,0,7855.6045
1e4aa473b4badd3049dc9e25d1285906c8566026f754d2f0caad821c3d6ecf9c,1,5872.383
1e4db9473f55e503493646f25c956380457c185ec3e298d2dffcd99a65bf1da6,2,7470.592000000001
1e5dc791bd85c57bbd8373bd3b61cc863d7dd18df6bdd44c21022d5bce8573b0,0,5648.498500000001
1e6796b76370d8032178b4c6c93bd5edbc242d24840796ef5581d1f2e9191075,2,1683.6645
1e6a7682328fbd7b826e1fb39d1a18e405b970b3ff66924febca1a8f8976fc7c,0,4891.4435
1e715334ea8c76043b6e353709250fc699c306d158e18e7da50d5eed35a3e9f4,0,7319.612499999999
1e75e59bc8661e29d40192b9b02a92ef71bbd7cecf3e78880d9d89f7464ac7dd,0,2634.1885
1e8b112bcb4675216e708a4f5989cf80b3fc27d96a03efe42220019579cc18f0,0,1830.0405
1e8c8a69177389da744671c15d7709ad0df73841bc6f698de84018c7a9316614,2,4369.9529999999995
1e959d10e150e6851b0655fbcb9ee985b30196f4c4726fd99d9d89461ed46391,2,7123.532999999999
1e96d92d63be19c020d0ec0f8ddc5b01a6d1a813d0b03da3424c2c00645ac155,0,5299.618
1e9ce7a40f5c12e97c2398c9fbc8883d36d687637a970d4e2cc3e7d10d8dfa5e,0,3419.4295
1ea1577a8eebe5fb215eb883dd1b7723d3357906f599cb0cbc66c99771b92c2a,0,3349.3819999999996
1ea64e5d6070dc7a572205c9fe4eb2765889c87a04052fb29053f174ca87b470,2,7127.056499999999
1eb2816bdb5ce142a2ed906905de983921e7f95856ad5360c0b65dbc33046350,2,5581.543000000001
1ec41562720a1b5a8494ce7ce6c505c8864ea41b7cc5058c2f2f3717abf642e4,0,3171.4125
1ecf2d4273f65582ccfd6df3d55718d17a6e9d3f2fcb412f161ac6d3f0cad5b7,0,3587.9835
1ed0babcb3a0ab58135ee63ea86430854c813057006523a56aed7bee20d216e2,0,2849.9285
1ed32129fe2000a47e1984a6a19ee1b2d1756f2951ead0e0423ead354bf0cda2,2,876.898
1edaf9bc36b4eef0de28d6b2143f82121a9501ed6573822ba1428edb4f2196f9,2,4375.193
1ede74c0812b7f36fa7423fb8d48b0ebeafd4250a2732fe02f3ddd96c2165f1b,0,612.69
1ee892b4dcb230a84df9efa3fc7e8597033dcd5d6ebb160c61fd0c4870788eb5,1,3843.3835
1ee8f24c737e2998a26c5831755d52b45ed36281c94122f5d55d7b2ec58c8d0d,0,1594.851
1eeaefe976c757a83d1bebb435939940263594f9fcffa339303a9a5150c9cae2,2,1640.0710000000001
1ef8b0575dfa121c7d412a3efc601cce0b9787d8105aaebdb5a9f2a9e3a91528,2,1826.3955000000003
1f03a6a922f6eff01cd4bff3b20ee09953103bee8acaffc69402fd4fab83fc7c,0,2002.73
1f07e4cfb86951b04a1533f1a7069bf00795e28dced83474ff0d35c5fb39df7f,0,750.1460000000002
1f0a57f44c0ab0698c4a89f38bfd9a34d557f94a92c6cf06af52656b09be2119,2,6512.896500000001
1f0cb312224618961b70dd0f73a940b2678174f04cbddb535a1f53e5972921b6,2,1673.7760000000003
1f0cbfb39c74d82d81f296859c78532cda11902a6526b7647dfd98c22c1db135,0,3718.9365
1f1664d6062039d21f76875f9530a95e5f07fded859ae4f5ad5b6c9062f3a60c,0,12493.973999999998
1f17454108b13aa6eb06c2b9f38e935522a70ae7134bdaf78144ab1c9b6d5276,0,4110.1955
1f2657e24e83f8590f4084b12d7c95584735e41022cd90c5475c49ec14bd0e62,2,2177.343
1f28eb2c383a3d186156ab417696bec5528812cefd9c9b5ddd305b7b6cbf3ceb,2,94.589
1f2f73186a5b54fdd50f1068731eb502941fd6b5e640f8f9b35a9b82096fd6cf,0,5982.519
1f3451f58d5a44ed604ad5b0ed8b36141ff87b17abbe1a24970b18ec6bda6ccf,2,3904.0809999999997
1f34eb4502f7d47495db884c75f3cc440807ee25496bf2528e9d3e5eac9efd70,2,3450.6785
1f3588d35027a09d3fb464de59d7a1f2435792eb5b4477f9d6d2d14ac4aa892b,2,3744.2265
1f3e13eea2cc9a41b3775d9b16302214296f622e68c59999be8b057c69e7f6b4,1,118.89599999999999
1f4376053b5a5522cc82daecfd9aeae41b6906cb8c37c85212b38fc0c8085138,2,5099.684499999999
1f43feaf0e890a7b20de95c10e233b87abbde0f621b4ce3e7283df144d961f34,0,4281.4215
1f4fe52f9c2498a616afb5c266bbaa26527c370f4d9a4d5c1174ed9086eaa489,0,3152.2735
1f538a81446da6c4c5c18d2a319fde7e8b1931b42416be234f0a45953dc5ddc7,1,11471.4915
1f76948d6bcb6dc2d28eb83176d1f7c781ef4c6355ffa7d77f60702b3ed3e16b,0,938.109
1f77d21db50502d58b4370cf2c17e60bbd66ad105caf5aa192116eba73f19b9b,1,5147.757
1f7a34edee2ea889673efd06af6dd669cf4d68e0aff65d12105f8e9d2770f1d7,0,1080.342
1f800332420674c2ae8cc475541dffcfb0ca4379ff800e40fb105a302408fa74,2,3212.5115
1f86b7728ab010ebddf22f5b5a793d07d217f27a86aa9aff921269f71dadc3ee,0,4833.4349999999995
1f8cdff11cbbdf1bff6bd8b062ce7d5b6631f21140d343d9cc366c7ea4e4ded7,0,1505.2385
1f903fdc34814f019af1f6f55167b999760ff26514692fb3f804581fec25a119,0,4144.739500000001
1f91371c699c37577e9bd9a4b6df44e6df400ee8b1540058e48a76837764d2fa,0,4303.985500000001
1f935af17f1e161d24b859284bebacb3aea441cf31f7250e0e232f7d03d03df0,0,6311.548999999999
1f97b323c2dbb4c20458bb2757da7ccbd66f5389d782a751f01a9470b5f2b60a,0,4323.418
1f97e11f8343834b2083f12a6dbaead0691a78d54ea156aecbf8310f152fac2c,1,3558.7195
1f9afd7cff338fe0446be103c41bcb5b275f983b39cbe42638c18e984003f32f,0,2625.549
1f9cda79fedeb887018adb0991e9fe9a8b61f12bd199a45589d8c64d0a8e7346,0,1656.052
1fa5077b496f2a8aa5fcb2632a5913c301f670383926da5ddde5769dc581768a,0,3063.7450000000003
1faa76daaab82738accb4c27f2115a31afa40aeb7fa203807093b8297ba40e99,2,2767.328
1fad320a21dadcbf152ede1778abcad76ab1bf934f086264c3c8dd244bb49dca,0,5869.3485
1fb89cda7e8c12d58b5cf2c9e615bd1e41900534091a82a324e167fa658e6df2,2,4979.536
1fbd10d07dfd6533dfaa8162b1c167bc250702ba1f9eda71340eceb40e29aee2,0,3003.7639999999997
1fc2156e55001e38b041077ff771b4705b9e507610c8e81ba1b80c6b8937949f,0,1304.8295
1fc3b3070811911783224cad40c5038f92920d429655764c267a42b78272dc16,2,2197.8565000000003
1fc4a1084ec1b8e47883a114393934701cf0408f961ba7313529f19e42116106,0,2622.12
1fcaae265d7dc5f3e44e4b664162256a7fd9df5a05d7aac740fa9658b998a969,0,3516.5285000000003
1fcf809f672e7c7b25c13b2e898a8fc04e4e109ff6fcf50f3e80cf15be8b9a08,0,2757.6499999999996
1fe3f89a5f6f86fdb6a583ff1b0ba9defaac8f778fec03e1a0b5ed9e69ba3bb3,0,5033.8135
1fe5b5d06183674d56c7b9ab9a70424f058725af3829c1309644fe2e1bf0f939,2,3075.54
1fe9f2b2acfd487571998101448c2d18ec82d1eed7e58452638bb2544a07dc50,2,5661.6585
1fea44f824b99ff82643e7b1b47520836dc94c7c4700a5be2ab8513daec6c3a4,2,3888.8845
1feb7a9067282090ce00fdcd36fa2033ecb3fa9c183010ed019744c411966a23,0,2176.6989999999996
2006359a5c8653ef3b7734decfa5857fa0ba221f56df91ed17140ee8068ee485,0,10871.987500000001
2007073867e4860a3f7739b79a5426070bb1bc326c4d550b5dc4816e134c5220,2,10730.135
2008077bf1de98c550c20a8eef2121498c1f50974dea34c5dc50a7f4b7355e9f,2,4694.17
200bcffbf5f9bf00dfe5f954ab9e278cc90bb0436501ff386f68844fc6cfca8f,2,1377.4260000000002
200df5d52b6672c582ce52d9d7cc13caf16866131b013511abc3d6b16c2cee96,2,9419.471000000001
20152ffcb94cedf39fd1e05b890d7e1eda6ffd9f6abfeabea6222818ff99507e,0,1507.6064999999999
2025ee97c47473b1e31c52de26e3c761ce697e13ffd332908cc912724cd4945d,2,790.6940000000002
2028aa00e72af4d98ce939d00c812c6ea6bc6330ffed68e6d92b40ec2b9db1d0,0,1792.144
202a74691a6dff70bec08fc8a9a4dea9fd62b6dcc219b327713dcbb2220766d2,0,3310.167
202aa961f1cc777e4a5fecc3753b7671ec404ce605cf44686d393bce210bc40b,0,4949.746999999999
202d2177f30e6b2495be6d7524095f234499b7c95fcd1dcfb2d1bd16bcffd483,2,2173.3835000000004
202e2ab8fa2d10776c27ad0d288411d066c3696c5ba091d641fc35349e7ead5a,0,2267.6349999999998
20493c2765f42274680e6fb65525793e290d868183cd4b10dcdf189bcaead88f,2,4979.886
2049ef1e7fc960838385d43551b64a14dc3043348aa4980d55d1ba08a6eed582,2,1465.305
2058173c91235082f4f307ae2759ba84dffcc09683f2cba4860ff9ba2e32e28a,0,1005.2605
205adca1e6d38d3eb2475902ba35aae8b87fe64eb06b82936b94705f170ac555,0,2658.485
205deb913dce6165b3876eb8c30eacb730da446078d1de56049cbe9cb24f10e6,2,3581.657
20658751751e1b554051e9e1b7d0d629b2758a9959928a44c72b8c27bcb1ee88,0,8928.1735
20722998cac001b339e1b0921328779d2bda2ca323248d74b065cd34e1429eec,1,3425.938
20752bc7b4d0d4a1cd729288796733b88c39a67217aa637a87de598cb3dfbc07,0,918.4255
2085f99ae131efbd31e312e9d56d58abc4b41a06f980d1214cdd6c69452aacf4,2,7.371
20867493496d956a09179474363d6386cdbb707f309f7eeeca4f86932e38e66e,2,10297.507
2087280002a395a34d7da58088a40c1f93779dbbecd5f581c0dc96f68f66a4fc,2,2558.2794999999996
208b11567bf45cd6fc32b35b5f432df08cb5eaac03f06ae113fdad493afd2a0a,2,15737.7065
20951a9264651f0dd9b2c614b4cf35659fc9a99c3c295810919e91b7f6b7334d,2,27.818000000000005
20982c837fd57c99d75914df1bf4721fd01fb95fbd834afd9e4fd5fe19742655,2,8575.454
209872ba76085460aa36f8c98546b0e5079d0821656af039a20d2fc7457d0b73,0,3353.7155000000002
209ab1094798107af0bafce6a34e6d2aea70044178a797deea8cc1a14a3413b4,0,2355.514
20a1b761b8d8f5083b6e0fcc9c65316f6ad9da98d72352598b83cf9752bcdb0a,2,1161.413
20a2b0e6878076493d96c803d289e8a0837c0404afd381a58729938e9882f5f2,0,1176.7285000000002
20b1bc329a8ed68bbf83a81afcf2ce686c9edcdd008118d4ced5f5a201532f4a,0,3703.1435
20bd74a40be7b5b84745fe32a71d7bb61a562402569b4de2b1952c0499e50b1d,0,3462.4945
20d193f242be8dc1cb8f3a3c94f52de2c4555f58d7e7ba00e144ef857624d8db,0,3220.3044999999997
20d30f4ea34d590cba252c32d9be2ab9bfa3334e8ea2240c90b651989f4e7f96,0,5246.5045
20dc38bd57fd42245209604b64ebdafab432739a55db2727e70603563e3cc369,1,7538.699500000001
20f3a50770f63c063fd5df1cdf36001e45f11e44f6f5b923c7af2ed9bdcf12a4,0,3034.748
2103611646e8bffd4786bb5fa7f3c5611391505849bd9b544a89fad2c50fb0e3,2,6201.760499999999
2105f36850894b2520ae0c1c04badaccde84f218bbb86d206f42044df72d902f,0,3259.167
210866ae9dc47491ecd5b07894afe7d36a6a72884dbd9c1c0b4b49ad03e0080e,0,4609.617
210895a3e612e160f38eaee0ecb1ff8bcf047305233cecfb54e22b6f6c5fab45,0,1990.6115
211789fecf3246fdf6f6ec1012788d292c6a0e560b54b0eb198da3188c14e360,0,2500.286
21196a9c225f2a52e9550f9d04303dce396b2c16b634278462d2acb8c0ffe60a,0,1782.0594999999998
211d3991f7228425954cee7f13ac4d1be2813484a197e90fc443caebfd60005e,0,5931.34
21274f8ddd38cfc9b240ed75c7230f02fe3fb7f06af494780dcd533d34e99ec3,2,5192.458
212767052e9233ebafef10eaeb595b1fa2834479c21d3ebaab58c1a2cb24be01,2,2395.876
212ec5c2a963ad2346fba7c255858ee373118ac51579983dcdf5ff09d9ef35b2,0,2624.924
212fbc57b00976842d94a78b5bdc5738ceb6b95bb89c49a2687a89ab52268cb6,2,6222.5665
213b5c72b4d39cdb54d5c9b767268e42c698957be2403e662005394c36705dc5,0,1216.717
213dbd7c72f6084b56be329282868a5b5e74ac6ad021af119982f73254d38bc5,0,1549.5205
2142406ada80ce941938ee20e31bb998ec7c0dd4a59869d95c3fc4939ccbc4ea,0,1144.236
21440275c9fd4f60f02ae1dc06271ef6106db9ac63ead3fee70b6a2a711df882,2,2569.9555000000005
21456e345b29b92a2251e0b0240119f766a21f642eb6af9708c2479b829c39fa,0,3818.797
214d58b9b22def9416603b0193efa2e8ff65b493b7b5cde830b8a2f07e3fd311,0,2174.9015
214d915d0073a25ecde9009f0bc999e0f68fd906690e6f6c0574fd0dee9fb396,2,5952.5715
214e6b3a7144dd18fae97160a2e0ec5abc5c3da652dafd07084039cceca8da17,2,4626.681
215db28241c1f07852d2117367e1a0e053ae84c5081d47a6504dcd8b1c419fc5,1,4233.7164999999995
2161bba12ee3dbb96162b5f257e54ae29f5e8421eb37a2eaf4671a447132eacc,2,8968.51
2163102c20c1601e783e671b63c1e556bab4cc74f5d5e17127e6ab55be45680f,0,5174.0075
216a5866ffe4da33aae59f01f5d6e0569cb89a7a1ffc7a082d7b49ae762a6802,2,4896.0515
216b3c635d2d2f0402194e7dbfafc8337d94435296f6b742c7d20e40424b591f,2,199.303
216c069202dc753e4159387f0696dc9c2b0c18d3d90c17788ad67b701273ee88,2,4655.610000000001
2170843e7b4ce291ad244ca2d5ad71942061a2f9bf1751674e352258cc56612c,2,177.387
2171278334de781c8a5b93b4e0253f8f752aafa0e57c21bc625099d0407bea3e,0,1768.606
2175f2ea0e9acc3fbdb5ddb45942798056439ce4fac2f254969be0eaa99e8ebd,2,13818.977499999999
217a8a17c5e0c68b86b24d4ecad26c7897a6a2c7d5bbde3b3adab5a383405ccf,2,2242.628
217d2e063febab9af316263edbea897e5de141a846a650b80e1a4af165417c22,2,5451.493
218414439ee9944c49da7d76df9da260c656616a2ff6f7f001c6e1844cc343d9,0,6130.1224999999995
218c42a40f193eeb86365b4768b2f6b2b93cd84cd371a4f88605eb80e204c9d8,2,6137.959000000001
219187205499ee873dd72fc62bdba6102bdd2ac89506f13abb00a2c9e4fdeb5b,0,4903.0005
219339c3876fcf1a9e6e99fe0c3a819348be6f6f3c36db5c2c6f51ab37c20d7f,2,58.266
21959d7e0361176d80847fd19f038125bfda83fc7afe516a2e95a6010c06a1ed,0,4857.058000000001
21a1636af1dffd2b6dad088cea483bbc4f20c0fedd0e7fc936bffc8aa8ae5a11,2,4384.8755
21a5a125ef6bad4a8bcd4d86058717a9bc514d70719844a1c8122ffaa08dde3d,0,7351.3405
21b138a3c4e0b46ed748caa74a2132647b19ab16d79e0e585949df8afa3b3ad7,0,1246.0570000000002
21b3164e28785be256ae088c821d202ce883beed73c5188cbc1018bd171a00a5,0,3025.3845
21b92584a156794525f6a7a88000f0705e2e181955c51cf045ff35a3ea65cc36,1,14592.533
21b9d1a012b7d673cd67bfc81db0e3ad5e30de4d361a58a67af03eac50d343de,0,4483.2
21bb60b51efeea894d6d6002868c5418ed372dce3dc0921c5d5764096b410b43,2,4956.152500000001
21bfe9a57e2a926404301bfff2f34d5b2c33eb4dff149d57192d7c5830f06572,0,2125.2075
21c2e3ebaa5ac159d5a419593b231563c1bfe2c097163416e3553920a5b0e0ab,2,852.2750000000001
21cd5b17e0a972082d892bf7cd049f61190a3d361a0eb9ef3b4f76799b2d4164,2,2724.763
21e5385d18c7c63cd5928731bdb9070a6fbe6b0c3e3f714ba774b3e0dcb412a0,0,8576.965
21e62d45c37fd972a0b4ebbb346aaf4a8046593a02d2741ec08dd907ec23fe36,2,3158.245000000001
21e9fac24c62cb5c36968194ccf61c1ca89e6b8a201039c6f1abd42986f1fe59,2,4716.8685000000005
21fb0fbc985ac3f4d9fbd30148bccf1c2203b47c1cd38afe6d0789eefa4170e2,0,2739.21
22004d77a988bc9c8ac4a87d5887e6f295f3286380a871729f1f11705fefab05,2,1079.064
220346f8505129367e389e490fb3a8c91fb11a5192d91cd756a84e90e9babea3,0,4382.1315
2205ab29022818c7e391843524d0166c5021f596912eaad49abe9145d1fc75fc,0,9625.0705
220750a2c49429bcad6a973cec6fb282cfdb19d09ae104ab400b22a71f8a15ae,0,3936.0455
22091c8a36293988d1603f3d40ff5daba0df9b65fa31a35fce863c179e168b0c,0,8449.079000000002
2216e6151899d290762f9a651b28af59a84dbc16c6efc618481e5d24e0572b14,2,2234.2045
2221f6db8e909f63c88ddb9b02e662224359c98ef6ad7d34a13b208f6d03a18c,0,1388.9615000000003
222c34f78a5690c0e1aad39396081570498c574f975654e7ca3412887af38465,2,10350.7205
222c8594d0d28fb19fbad5d030714478e15c14a35ae23a12774de7d81e616e7c,0,3092.2704999999996
222e001acbc0b75df5f9647140a23f336a17367bc023e0a3fb0c20a517669765,0,3931.841
222fa13a524e0d5e196dfe080ede6152fce4d95223c64d9511f53777a4b11432,0,2027.6265
2233990a51873c79db091d748b11aeee06cf8fc604f0ad8b283044fe04f7300d,0,5927.3555
223be75ca3bc26120771b5b6ff9958f35d1ea29672a006b5fbb61a4f35be000e,2,9605.156
224bc08e82007012404e49586e745e029c6de0c966c20a39adf482a9ee4cb8c4,0,2028.7375
224cae9def51336ce1ccde8854b39871f4d3f39eb09b99b239e295f4326f6676,0,6313.807
22545418045f47f201529bf0102429117fd703f635172a766f4f908957ed8f1e,2,4064.0755
2259c0b970133b5da9ca2ad7d2bbaddd7627aa1c0cdde3b7c09efcf5e74dfe95,2,786.5825
225d638da621d20ec8fd9b23aaa6783552507d11e0f2bf754563fa0af6da8ba3,2,4164.0244999999995
225e2e4e1cc5fb45f0a358ab768f277a5a99daad104f2838f383be0cf358dc81,0,1543.1555
22605ab165c4d4f39cb4792c0e11fc6d2dca6c6cc37bb3c1758607146aa57270,2,3806.558
2264ccb836ac59c2d0049f606247d93186c8c2f4e351984e91eecac286e587fa,2,1621.4240000000002
2267f973a95052368fc6e43a9f88de198be606a5ebce2be9f72121d97defefe9,0,3855.337
226bcebd6ef2faf921f8ad3f37492601005d80f468a36a683b44851aa831b682,2,7615.1895
226cf8b675db52e170e0b92197560ec30febf89c1ff4dec737ffd341ff31afed,2,4512.267
227e3b9174edc9289a68808f5f106bf646ac166e2229f245dab8aa8feff38fcf,1,1212.6360000000002
2282abf144d6de88d62d2f67a73daeb0643989d98862760a5dc2d8dad406629f,2,1181.663
2284ac54ff01dbef31caa68d924dc463fa8d4a47a29f2850b827cb285e6e2bc1,0,3085.7835000000005
228be89692a2f496d7283f2e0078bda21355b29c812677be0285c186132c9ca6,2,1618.7365
2292f3c374868be95d89b5ae7b646f7c0dbd4cd030c29ac2854e2aff1e144b1e,0,2643.3549999999996
2295889ade6f0927bddf984d0ca46d9238b0a449b44f476f098fd987ae9642e2,0,534.5165000000001
229aa2f1322519cb7fec78653f216ebee9e068473f1eefc0fcd7de1414f66768,1,16325.184
229f8e5bc05476fab2f224b181b3585352b155511361a88f40b349d11550e2b2,0,1628.5735
22a0804d0f3a21f5b320e9f4f9043592b3a17f88e0066399b3fae14a9442d176,2,5595.135
22a30b1df2cec08e268b87467dde2d77747c675279c4db3a7ece80e88c006cc5,2,8.138
22a5fec0c95a761a5bbd1b3d542b1b5c6dcbfc9a0a106ed75c111811e0582064,2,6352.0065
22a7d6b66b42be36235744fbfd8796da43ab8030a9c6d920a907e77764eab5d6,2,6991.815
22b39c04ab9c276961a432b4f1bcd0e98976dd393cf2f8eb5b17975213180a7b,0,2054.1585
22c0e43ef9e432556220d8aee30e21e087db1230e6d22b0137757b3ed16e3a76,2,3694.0240000000003
22c1a094c06c26cea48fa9cabe6491efe6106df315d73c71e6b1237ec78c2991,1,3796.5605000000005
22c38a448c7eab41c4f21c82f02e5e27d83e05a2fd411a7f19ed4b0257039320,2,803.2850000000001
22c8529e0c127f1c072d09d86cf604f9fe28b2dee1c41d44874efdbd9f0fc225,0,9734.971833333333
22caf4be035b1ebd315ea80e22088012df6a7a540eec76f696644e98792c624d,2,2831.3540000000003
22cd22ef33142f8f92f2b530b4de35fee4c9f885e513e2700b7fc65342e2af8d,0,2048.4485
22d4d972044fba5ed453421395fb385367033a469253853f250878c328b6288e,0,6852.3215
22d9a8fc46a738af4f19743aaea343395f384ef32d3f63c12d02a8be356ea5d2,2,8836.149000000001
22dc12e5b1ee3ce98c0d680d9b336126fe564c20698ebe5816e03d3b55285b9e,2,7481.8155
22dd7033c2cd8dd5f7fe6a0b74ce284d85095a0435fd51263e965c5d920894e8,1,4565.083
22e2e51849b0652bbc701dff1ddb97e90ad70f67a8715029bd7b99f38bc15900,0,2015.4695000000002
22e439f7df9ba1da00bc7bd641ea954b981cc288538fb51af5a2039617ddf737,2,5715.376666666667
22e56a604904f619895c279dd121dedc554553fe0041bd8ba4d37a86b7c6638c,0,4720.106
22e82fdd92b8a97a23b781904091ac3f285422c5cce0f288869cbcbe3afc5a45,2,2968.604
22f0282b41ec7f88fd89b9d7769d79081668d00046b100986c27f89734a6ca33,2,4442.154500000001
22f0f485f17d4ee441a35a8aba1c174d40aeee5f974a95d72d67d8f9967b10cd,2,1497.9134999999999
22f888f33e7f3ac1bdde4d93ad74bcb0f30d68c343cf709b8768a450509fe274,0,5460.623
22fbe6cb36bbb32e01ae79ecce8dd8668ab7a1156cce5e34be8c3e5ba9255726,0,3682.7274999999995
2300e3879724f82c2763a94bdab15e5372ac345b994c2f76c0993c751be38293,2,388.81850000000003
23072a820e1b9bf5027eefe5b017e393bcca809f214998fbc79a5c8972b73670,2,1731.8835000000001
2317f2120f8f60f737800847269736a418ab068b11e7906f8788a0303ed893f1,0,3616.5780000000004
231bd5c9f2bd3633d377e4301d40d8b658fc39a8961ffefcd7ca1c8f92bea914,2,2420.0744999999997
2322c3ad9ddf88c5987f6f3d24089c94f867bbb1251433fd014a16c675590c4e,0,235.05700000000002
2323ed4e8574e0b771f3cee67050f0191f8294097808b7a65556840455df0dcd,0,3271.9090000000006
2327a0721560a28d863c26dcbfb9689320ee0ec627430564edf3c4e20679ee5c,0,2925.2315000000003
23288c8196a808476b54e4db78b7cb890061747d725e632eb45b078a11a1b5b9,2,5326.2029999999995
23328554e2f6fe9f5e09d5b4ed2613bb3dc577dbc940df9717d560c0d7855cb0,0,5480.3645
2335a93f4f897edf117cdd656ef834dd91bbf22e25b2d58953ad576b2ba729d7,0,3361.7525000000005
233c1bba23463f5e4c83caf0baf9d1dc4641f601978bc6179380e6e3c94aa7a9,0,5468.5195
2341bfba63860d3ac8fe44cea18065af64e1c7776c50ab7dba9c93d050feca93,2,4202.803
2357398f5c469b3d5a389444f086d466b26e51be49343fce6c19f9534db9ce44,2,49033.0695
235bf46263b57c843e274b363be8ef45e8db5f22a0f250003a7a21875a7999e9,2,4340.3115
235c9474eecdb66a0c1949ca6d830c7c0f46dd6911ed9a1f2448ce76016a35c4,0,3894.5465000000004
236502d2a8d74c60c27f0b2db1fa10395a136c2d66977fde2565348ff2d27e49,2,2956.3875000000003
236f906a94fe3b73a0d8b86fcbbaed89dce988d2c0e3fba2db850f75e50c1b0f,0,1462.1844999999998
2375c1374297db15534a1c5fe5610b24969188427c88379fe63f32ea8c846ae9,2,62.27850000000001
237d912e6b53bae2fb3b5d896a6f851597f496da831175d5793c8bc6c8852c53,0,5382.5905
237f79651835eac7577cc568812b2269aaf363d122d5200d5fe0f750be182f86,0,3142.75
23812cdbfe21e5938b200b847419015cc5f8804f1295408dacfbb9f5316d4e74,0,3127.4275
2385f2900a6804b1676bd37a34fcc401dde1ac789165f2e3c8ca6f1668f77536,2,6674.812
238b2d1c8f83dbaea4112e0bb90c4fd5c9220963ba0e54af093308f2abfa7d54,1,4716.039
238d7cb2c4ec8bc1eb120127ba1ba98cefc3a190b8a15370c091179f57fe3d0a,2,5573.2785
2398bc57cefdde25e20b3e4c06a3eeeda7d4a3c02350771cc1356b195cf7b1e7,0,8481.264500000001
23abca72958ffae12e5edb0a75901a2a218106a3ae4cbf740b5281a519acaf25,2,2616.0875
23adea630b3231a40b767718d0f96e8c4626bd826a697bf1d62edc6414392963,0,4366.769
23b60dd48bd0580c219adc1049d5377640d33f5e7e2692dc63a96e8818d39467,0,4152.3685
23bb8f4cf9ae6f2daf2f5007e42f9c22647bdbc2b1d0858978ee56fc32f48023,2,3663.1315000000004
23bbcb519b08dbb2c9f4d507e4d71b62da63e0e277794cf9b1fa010531bba8c2,0,5311.827
23c28016bfb44df36fa76155bd7bf32082684eab562b882f70556ffdb191fa41,2,5155.799999999999
23c392b5f2b470cdea6ea0c01f7021692af4fd9441de0850c05ca1635f9fd476,2,3031.8424999999997
23c615acaba12900042f21f6a2f0380d62482743b696db302aeb5971196d0c2d,0,3330.4494999999997
23dd32cac92686e07b8435bc950a9e34eff23af8d6dee73fbc300e2fe358c73b,0,4673.711499999999
23e096ae7bf6b84f31c9287446e4365a291f9a82f7e7cb16fbec729e7f87f8bb,0,2157.4725
23e5e9a32deaa828c35ebcf0f060d6724d173d029f7b06793dbd3779c7242479,2,6213.1134999999995
23e9730d1c43cbbc243d9915ddccca9ae39ada5c6487517ce485c25194177ba2,0,5814.6365000000005
23f36e2f101fe24c5a3254a646a3a0099f75c38c6f94fd3ea1f4f17d1d654716,1,9556.1945
240269abd899a6b0bd37e49afd80c0ab4dab688fd159dc48d4045e5171405da8,2,964.5665000000002
240608e6acb95698fa506ce4a34152f0645a903f704b8e2fb48c4dd33a5d94f0,2,2984.4120000000003
240eca83d41e41fd391b0d46a1a1ac73dee8abe9f2f332803b52b561f49949f7,2,2706.4145
241064d1b1334ae11d39ff921f9eaf39899c748b84dc7f04b0b77cab4a411c45,0,1968.6754999999998
24125695d6ebab8a3f7b8a33b16133502edcb00529490112dd0b881c82aeed74,2,3920.9305000000004
24276551d40f27df1b4387459a1a680ee2140e128e638f28bcfcb5ff9c04f697,2,8272.149
242b7cb5692205442a742c8736c90694e3486ab6251ac47e13917de962210177,0,9825.675500000001
24368a81fd0b6a8338f8e16a0f97cbbc67fb65e233e8204db5ba4a2c9ad60a22,2,6110.063500000001
2442722d522ecc8f9aec851c9a3a2d4ca3c46d4549fe1869876d2e6c900ac1ce,2,3900.1825
24555e263ed862b7cca59c6c035a0c434473843c6123366657d18edccb6e7cff,2,5243.3185
245c299faa5801c71ed7b05f19438306e403c0b7e3676cc5008979b366bfdc25,0,3533.7555
245dd790aac420ff8495b595a6aa5d34b967e8a2a9a0c50e4a362e36239dd048,2,4584.7755
24629335183644ea67f670b778acbd3534fc0d2f2a628fec7e0a30e2b4698e58,0,4225.728
246f2fadfefc3883dc7798e43778b576fe307f0d072b5b46580e1f151ea21462,2,4635.3355
24795a7a939245d82112bda9fe86cad8cf014d4ad0161985957d540dceb8fda3,2,11356.7905
2482fb0a52f37de21f80c823bdc342e8141f3b93b0f5bf143f01ae84a7a66504,2,6855.4755
24850ba487d400aacb0d42c33267ebe49eceb18c4eb75bb0171d601b250df1c9,0,3419.0215
248564733848bd3c14c2a17f64f928479e36b683ecfa8e874d1ffbdd92cb4973,2,6031.325000000001
248833c442c097b03655d63f17849b09e437edeb58c39158ded2c10787ac91ac,1,17527.175499999998
248e76e1e4051d43177a071ebd4752f9fe5ad15713fea6cd50d7d3fa9768df41,0,3905.4269999999997
249029f6637145475079ad5c807448215dcd39e9679a7832c9c0ad99acd942e4,2,7667.391
2498d5a4a6f6c5a5eb69b505b08999bea03ccaa3387f042fd934c02911445bd5,2,881.926
249be6b59c83ee8b1f99244f60a40e1bc127673975cd0b46f453d976db758976,0,1996.1960000000001
24a6862974c6d4c20bf49e9049083c4a6f377705306997fa9bad5105981f8268,0,4690.523499999999
24aa4472152ed39161476cf2b7258cbdfc564f8bc5c6fd1caddaa562058374fb,2,6247.308
24ad114155af88bf83ab06eb8074c0903869d32716284c4fbee161919a086351,2,199.52200000000002
24b26412d826b065d60108de0d39b5eba99a81e61cfec3284d3465a7dbbf0bf0,0,8191.550500000001
24cc31971604fb3fbb1d6cc57d96a254a4b296c324c4f074a339b29cea9fa125,2,34.55900000000001
24d094c2f43fb9597f7de4fb378b9b52eee72275b9163120672c32d984c311a9,1,9875.7675
24d0f68c6eb152c7a966fcb0cd8ef1f25071f2a6365dd7a8e0aec5ac9b56c57e,1,5858.3925
24da42afe9b938a096954f346347756305d3a3100b7fafc96e4f5a48c5c2188c,2,17372.8845
24defed8ab0faf1b30c6961b2003629b6aefae32ee1864a7e3cba2410726187f,2,15103.513
24e24ad17052f0c70ca3fc98eb3387d7e301de4c333fc22416016ca8815086e6,2,1979.1100000000001
24e2a1deee74c3c47a5d66e34eb6d6726f0ee4822dd61540462a202bb7bd0808,0,2035.3235000000002
24e589358f9200dab639a0b19e17d6d63b66bc32f583e602b1ffb406fd33386e,0,463.5265
24ee33d4dc5c4401dbea62e519787027cd9edfb73e32f113ff86582faa855002,2,20975.522
24f48fa4f3c14a1c8e5334766c128eaeb18a7f3f41b36e7ae3a591a9d3b8fb9b,0,2135.3485
24f89b16a38694a2f8acac11753889e8a631728dc548d1e6e8f1ea027ac5d3b7,2,7833.1265
24fbcee753522a241fe0ee33720f2f03187832a6431887cdabe78e9b0cd5b506,2,13673.3175
24fc5cc7af59358105a7e2054166599f738451a1fae5a00880afedbe3d67d133,0,2251.414
25002fad2e69a5b779b3d69ae0f806c82d2715e499ca3e43362e18825b299144,2,3800.7219999999998
2506607f8a8a54962aab128d3131d05973bbac884bedc6c4d25fa1f2075520c5,0,4051.568
2507a2b459276686f0c7a06836bfad6cdc9dc714e79bf509b6c262d07abd9ef8,2,5574.174999999999
2510b1b3b09556cd6c466e1a8dc5f426e8bf7ab1d604ed94fe750351bf02851d,2,862.1400000000001
25199006ffb143d646ffe056b89fb93c23cb08145e73b4f780472eea18fcc1a6,2,1763.2269999999999
251a8f6e78184d2744ec5314e5ac061893d936a646092c6769f59a8fbcb9e1ba,2,6500.1965
251b320a682f3d3d2c2370837b6a2dbc8e8a4f2522126565312e2c38ba1197fd,2,3581.063
2521fba5b82fca3053f84a79121989dc407de88e4e2387aea592b1d27eea6473,2,4229.8485
2526ee991496454faad09fe5b87e046f1436154a28a7ef4db38be0acfa4ef051,2,6847.313
2538791fdfd61c2d5fe248c6645fade2ea968f44973a198f0d477fdd5a4ba436,0,4949.883
253f0dacf08fbd3866004cc7ebe60dd686dd3ef429b6fb544f4843ceed23825d,2,3272.425
253f6fc6050149d9f5d78fed41c3ec7a18932bb0cf2996d98178a6ec5356cb5b,0,514.3065
25428a374bfec3d350115bfdabecf735a0eba8677756e8fa8b91550e186ed65f,0,3162.4535
254a8196ef771afc6d5804bfdd3c56c7352af111179a540d982e7150616586fe,0,6049.7294999999995
255572bf3f4e724e86c7c88956e898aa84db8781693e778c42db8fdce6be1911,0,1002.6665
255edc9cefaab3078382bf4bec7b56f67adb41395a22fc9320039054c94164ff,0,2923.7164999999995
25694a031ee26967dad860334f7345dd662f298ec90604eed67cd9b4674600a3,2,864.8220000000001
2569c07e6ad456bd99b8442705ad9d96c2e9f6871b548f0575038228145fbb75,2,5115.454000000001
256fa78fe60469640f2019e556038143539786101671bbfbcbcc44f20f9d72b4,2,2789.2185
2574dc1dc5b4b6c2c525affc42cde0bdcb3cf2d7ea5f155ba3ab628ed70cef29,1,20902.063
257ba02583483704a186703c4e171186da3de8486b5a1348d114943dd69e8a1b,2,112.46900000000002
258721a2d020471430187e6087510caceeb38f9d6aca5fcd18d0ce64a99849f5,0,6757.4915
258a807e59e83726b824c3475e21734f19fab7d23ee2a7d9aa3be4108b751c94,0,7495.775000000001
2591ba75081a832efd7b96c4cb2eda2b02d7cb43c7ba887332c9c11d9dd99086,0,2050.018
259c45422942368d51ee20ccc245c0f1b0aeb1b3e209881fae282869020ed988,0,4850.918
259fe06b9ba035898372cf595855a20f647b429752ac41fd1edb61efe0eb68e2,1,4930.2835000000005
259fe9cbcc31114fdd8f69b731bd63be4113d447533099f1743c40546fea1eb4,2,2798.6510000000003
25a2d754f581d9d47df9bb4f3272044d84a524571408c2cc4d664ead9989b401,2,1366.8913333333335
25aa5cc38d7d2c65564396ff6f71d1774d6dca45e182e67efc8c37c96567ac07,0,5160.1375
25ad0a78d87cbafd13d9981d54562c9e3dbdaf921feeb37c66beea3c352f3f69,0,11253.684000000001
25cd2be32bffefa1969d69750895e70efc79ab84f512a15fc49d2be1a2e80f25,0,12793.342499999999
25e462c76ce46ff3565b59ee5e4c251ab8bc07fda6a2114367ff370dd00825a3,0,5381.554
25e8dc0dfd5d4f60a14a4ead3fac47e59aa7319fbe6a0f74bbbf23b25ec4322e,1,12350.1425
25ed60bea7c4d0e490630c5949fa3308051fe676c3312768b42ecf2d8bed0c6a,0,4041.829
25ef7d901ac3407abf7b57a9d0206cef55e46b82b9c9b8c5b4859d6c4e695266,0,6285.3724999999995
25f21a7423c66dd4fe049789eec5fc9934be6d8a6d8bcd7bb3026bc5987c41f4,0,1741.801
25f903676c431db50262b4918c45174742db9a0a386077e5f4566c5b0aab4b77,1,6171.077499999999
25fbc9f55b337344d2d962607728a2435d04a6bc53474690e6f1f775825094d1,2,2841.5139999999997
26106d2cc6a8f94cf302447d0dd3ff137b87e06906762702c033f7781fdcd1a4,0,2557.8824999999997
26141c50b332c150ab45e1063244f7b25e58a00d14df2c631563de292fe52b2d,0,7992.353499999999
26144802ef808630f454df29c8abe8aa7c3387b111be40c5a9d30347363118fc,0,3847.8540000000003
26180891732871ea63e0d10262f716a001627b96a6ca5332c22fa8d4ab157d28,0,3898.81
261e06c8dc2bc00d7a54b2321a21402fe5fd53ee15a4fa9fe78d8027a04d7263,2,2323.1195
261f4dbec681c28d53c4fe2bbf9218f5cd9ddb73f52ffe025fbe4f410b7ba32b,2,14081.6545
2622bb290749de360f7dcf6138e4e7ab3d896fcf1c1ad22d349f6cdc1fe18112,2,3505.5545
262993562e80b7b499b63abfb8a0311a391ae6deac558e03209fbf0cb552ccd6,0,2567.9895
262e4aac11fed4d667b946fc0861b1b9081ec17cdd75bf4263cee1b1316d2bd3,2,2829.643
2631ad209f575773b087e0bfeac4ccb23ef85e474ea1043156eab40a8923a5cc,0,6988.654499999999
2632ef460f035918c47031709d3d169b7667cd2d943c2301a35367dcf976fda8,0,5078.086499999999
263333f5bd6638b2db5bfa1a7608cb80c70edd0185a4bd54ff2aa4ec4c9e9207,0,1691.4074999999998
2634dff5b96d4d458a32d58c899e80fa3e2bd937355b3005b4a59ee42401c85a,0,1543.6595000000002
26366ca3d9a35db8d55d61d6791ebcdaef3819c3166f7384f6d0e36112f5185f,0,966.2455
263754766eee118263aa4fe2bbda92244e73e47285d220fe0ada76e0acf754d3,0,7102.8550000000005
2637b1a9b54d4c521aafcd030c48f92120165e22c1df2b1afe26ea71edcb37e4,1,5404.8765
26383e04d38da0b0e0cd0a87b48ae09336e43ff8e47d643701f59ccc1ee2602b,2,4921.7880000000005
263d3df9debed23183abd3f6b23ae2ae06873c58267e0c9074e5b620de650f0c,0,4041.1099999999997
26412544d90c7ed4710fc013f06c4ff0dbadcce299b633d20de73467a10f2b02,2,1899.46
264126b6c01585c2d27e1dd5baa021b444b8bfeab59dba2194fde1a624e22855,0,785.076
2641d78ee28ea1ead9805ff6a0f1def716093e1bfa1609171b8f073e8698dc3f,0,2747.0709999999995
2646836a19cd04779ae1ec1397d642285b7254b84c55ad4de8e80d5421c0b178,2,4906.619
264b4155fde9fcdb4b46fddd8e27aa4fc76402d9162ca9f03a16e54f61e7f084,2,14939.019499999999
264e567fcc5d01700ab83d638254e4e3d130133f2d4ea672bdabec759f356194,0,2143.23
2651ba1c3623362bcc94f1bfb57051a7830ec4954534e59cd5ebd612cda7d4f6,2,912.0515
265b09fa3a8b2ee029c1005a3da66657c84a05ff0848cbd6285a85582c319583,0,1817.745
2665f1895ec845e014640f2ecbda0d4121f906c64553a126a02606712af19bfa,2,853.23
266b930a6c881fff6b0e2c7c0d60a8b622cb12bcba5c4b8697ece46715848474,2,1586.17
267fa2d72cc5aaaf652171c37b5760455247420afd10159303aada78a6638ea6,0,3246.2690000000002
268b28383b0cbb2c4a3e68d28e0713b7433240c0ed98ad6a4446f38bc5da9e04,0,1828.072
268dc266d95a0ee73ff4d566c4cf2288f320c585c866c4cc8207df98acf83c45,0,4849.3324999999995
269578cbddeb75604d975a2dab5dcd2a2467f94123680a2496e472b39435701e,0,5163.409000000001
2698dd299d10e2b8eb13a2ae9d59b2c165a9d7dfa8f1d8bf58bb76a9ee15c04a,2,2380.3500000000004
269f299cad0af0298d8e0ef7b476fecf0ed0739e51f0812c575f9e5bff90a9fa,0,1000.4405
26a004da810bfc0560eb8ec9dc8f5d2ea4495a0f71d1af62eb5e5d0e6f84bd85,0,4926.1825
26a61d1d183dee70e0f44013e0c4777cbda22ff67f1dadc04a7b42a452e05311,0,3775.3939999999993
26b5dc7f4bbbfc1e080d7777736d3fa902da0225f4eceba3c5278f16dd239d07,2,1667.2845
26c0f563c64a3832a4efa6967a034830f63cb7a27d9f2dd9f0239b27b028e221,0,2989.458
26c11d0740946a0e01c5a69aea774ea0817f446c158b9a6c5e56889791cbb163,2,3079.5795000000003
26c77cb7a9563113486e0b2469a7141bd7da626e67cb46fa70fea4f36ab8aac2,0,13305.5965
26c840e499f7e039e9c4ed203a3c74dead6fd6e5ffb9796d4eb2062ba910a7d9,2,2325.6220000000003
26c9e0efce9bc4afef33580a3d84a394e6d9b2a0edfe5b518852100ad9c48482,2,230.70300000000003
26cc0715941f96bb7b673022918b661e5580fb77d18f56ccbd9c1895e5ab503b,0,1617.3580000000002
26ce7d74a47cf7cff46b1b6fcefd376001b4e9a41330a49f01d4560a2ad6c657,0,2229.694
26d1837d588ec670adb37dca9b867feb0758914696acfa1d3fbba6de8b98498e,2,14313.31
26dadd9055b5d526c99d89f95b6db21015b97513508593ef914c4ef3d50f7279,0,7162.187
26e24caf5e7025655b8c752717262dd1dbe5f908f1092da1c6bcec926ec2c98b,0,1675.6605
26e775a5097e5112737f807083397c78f4b05476fca6bd9917ff7e97b5df242e,2,5193.9975
26e7a36963c17fd4eb7d4930762df0a6f3bcb8b7a6446cc1b4b13c9f578a0a2b,0,2541.4309999999996
26ee4c6c2222fa8eb114b9b196c099b1ab3a89108d6b1ed43bbd210fd6d57af0,0,10280.132000000001
26f0a2d49d7162b83036d0d2441f8ca66c6fb1398a4ebec7b0af4d616374d185,1,3155.8715
26f20c4e1a90ba6651c2887b1173904c154b18798f53fc00a4972ef582f7324d,0,1652.6974999999998
26f75d627256d2ca2f087dbeb627d05c7158de2241fc2f832155270cfe3bbf3a,0,2910.1255
26f916b06256f0ab0a88fd140e0d11a96cdda256d39f757b98371c5da9c16ce5,0,1607.8419999999999
2700a1cb4ad650628918c9595f1ca6c209455e4441db9c470dd52c6ee17004a0,2,4565.5235
2700ed6ca60661bbad680fe024e58da34093b5634a04af023c508395b5aeb787,2,6363.0205
2720ce2e23fc26a52cc189064a4b651be1de8bb6b06f48cdcb7f2451b3dcb392,0,3225.8639999999996
272257af00497882b93e2cb25b93ab53391c77591d1c88cfbeb02282764b52ea,2,5592.126
2725a3aa07b6fa08e7d112555728e5afc0e70567f895a0351ce5a627d6537dd7,0,47741.272000000004
27265b4f309f786e0685a5739449e73b232a27046554ddf81168fde817613a62,0,3870.739
2728fd39fb0248d6c974b77dbd18636ded852b707ef0f2132ac176da85b38af3,0,2527.8495
272933e2502723609abb82f204e2211daeb47917f17ca077d214a3a1cc28baaa,0,4880.79
273efedfd5544d70fd794efe8aebf421c9fa88256832e0b792da613b79378887,0,2505.5470000000005
2745196f5f8b0b284e88569aea5d78d5134a7555cc1b0c0931ea59ab4977c14b,0,1094.83375
27511a6895dcbdd7c063b7e9adfe100301aef0380c2093dbd4409a0861f3f435,2,6902.443000000001
27583e8ae004effbe7d811afacdf25effad153186e89c77d933666f6787ce808,2,3982.52
275b8d0d2635e6a2387f0c381d932062593a8d7fc6d51f4735f82c80afd87305,0,3024.5135
275d64916a64bb32855105ac9d64c81c0f90f23b7cad026e98846e518b9967c3,0,4952.710999999999
276b965fd298f3538410c1f661425209b78a144818871c761e930b885dc92c4f,0,3716.357
2773af0107a51d7eaeb6e9766f627fd498e01336bd66bcb51fa5634e85673693,0,6576.220499999999
277a40a960355ad193f24cb382609df8ebf5d47497628e47748caf1f8e6b1636,1,4992.429999999999
279187184703ff54758591e3144651139f181316117de4f2e4f9b4ee6850244a,1,19372.536500000002
279e2d43fc1289ea11752d95871524d16743b7fd285dbbd9a2e69085063018f0,2,5588.4995
279fd5780d1f7ac9fca2df7006b188bafdfd707a6e59a15598fa5ddcae82de1f,0,1673.5620000000001
27a55334cbc7b024ad5671120a16a918d2def39415366772e2b1d347930911e4,0,4148.0945
27a6ab82bb441d4e59172b696e658ec16aafa4d7e48316befc6f93ba68597580,0,1678.3859999999997
27a6d928af3fe46d52082e9742aa56478d47162db832e8d0a545e891c8ce0f28,0,2006.109
27ad5c62244fda6a9db957f5962065d7eee5c9b5db42b35db29b6ea708c335c1,2,4447.2145
27ad949995525ff38794bb8e9ab166930c0d90e98c1c5af9f00118a51e221cbb,2,69.84200000000001
27af751a9c598f2859a59499e2ad672b4770d23572624ef3684c0b89ba4a71d0,0,992.0325
27af7a4ec8e5f9077fe1577a273a3e2f9227317a3680bb9d7e34adb87839626b,0,4601.463
27bad0e8354930bc67b986bbdb6be89eef334f42db0c98bbb61598f61ede25e2,0,967.0305000000001
27c440259548966eb8b2d2acd25250a3ae24748489c8c7fc2840ce5716557bf8,1,14019.858
27ca018a7038ef51a76260490feb1c39ed0b77da83864dafddebb830a4b70e22,0,1471.379
27cbddc7df63f3bea61a21bf6ffe06a8d3715928976c7762ed0575e32b6f742d,0,1986.65
27cedc16cbe7a0efc2c061cf7ad17c530bf8223b36c5c638b760659bf9539adf,0,5324.64
27d111467519a488372db36ce541c8b76f5ed5f2cb17a379efa2b61e1c29aa35,0,5942.118
27d5a198fe63494033b2d10e1d91c18586db7857b491f4ac85a778360a2422a3,2,3455.762
27e2440951ca77915801cbf324d7f5689e04db7645786dd0d1fd7891e967704a,0,5534.627
27e5eb806786eae88f31d278d30abb395cd87156048df466c4832a257d792a45,0,1842.3000000000002
27e87f49a83e8b7eb6cc72b7b511305a0c27a83d621380f037d5f251a4314074,2,15841.1835
27e89a004787fb3673912163dab350938f0a7e9c930f4c55a3cf28eb16d00ba7,0,8576.5905
27eec36976a749d1b6a35f9af389f1cd4b564d3c5b608a14be72242e6f17474f,0,13612.8685
27ef4dc9ad6a67dff5a1955ac2c7569f245cc03900502d1828080405019577d9,2,6034.7475
27f10ee1a5a116ae3d5347a1d85d271f42795cc9c78fc5162a53fa50bdce735b,2,3879.7065000000002
27f92e354411bf7a2dedd31ce8b8201200f825b205d786e7f4807cf436ef664e,1,32.12599999999999
27fd16661b7b934b8edffec28398d2d3a5df2a09b4054629371974589d018562,0,2555.705
2800a7b2470e8511b233de91edac7c02280e62b544c37436045964e8ee43dc20,2,6029.5805
280129d57db4ee5d812c3fdf0d99cf5b502a99ab88a9b4e8cc7b3a0c70d4371b,2,3488.0435
28031fe5cda73432d56faed194f0fe1557e0e2bf7843ecbfe51badb63eca2bbd,2,1278.296
2804f5db0b187aad55927e21a3b04bcb7bd6dfe59339bbd41bae54b4ad146cc2,2,3006.529
28095664d8b93daa97d621781b2636fe9d4460e052d6ddc30e3bf47df9314086,0,1318.8975
2814fdb29904da4ca4c743d2960a9ac83aa42428e1b475a541cd4943dbd68eb6,2,4498.7165
282a6c4034a8249750f29b72ccbb6fc0fed20567b6f6b3f0e68392ee81946f6e,2,6683.2405
283317cafabc64134d3ec516af04046c496b2b949b9bcd2720f70eb2fc81a312,2,2722.739
2838c46cee0f55df1d282d3c4bf2c2080d9f2cde842babc721b1fa69072fdab4,0,5433.7905
283c8b8468456c486fb7bed92596ba782ea3b949a024bd2021f8f55c48a9bf9c,2,737.8595
283d1f7fbaf915e36ad92ae4e97674238838cb3c1a1a7b1b0eebfd74ca8f39b5,0,3897.58
283e60c8c58f49b38f1e1b60aa5d8a006085db8a19770ae3cdd332065b5564ac,2,4218.563999999999
285d0756bf11fe6d095552eff889113d83d81303b266677cc134280294ad6b9c,0,8124.998
2860e56a25a00a711cbe7cc4af04afc67a7aa7ef5941ebdde8af8e45e5335d27,0,2614.1775000000002
2862a2be048a95a2ddfd6ad7cef76f0778cab79ac2816b82146e776ff8ec5ffa,2,200.202
2865256effcf272a74c51012e9a0cf3884f98a12c03b24c116ae38173e2bc01f,2,5379.8765
2868e4ea8ec476d6d7abd667a7c86a74e08e39db9dc526ba4cdb1053a8b26783,0,1809.6545
2869397406343655074f4dd47e9b73f3bf46e8b9d9062cfd0a2b9322d7c1ab12,2,2310.7555
286c495b7efb533857ebaa509192dbfd53e137b5e6c0b7a682f2b0dd8ae3433e,0,3688.2465
287995b4bc411e16ba9e71608cb3b073c8a976cb9108f34a1d4cf6dc62e34773,0,4819.1995
287f1de95031469feec8cc554daaf4bede46869ca691a1bb168887d513734c71,2,3321.7145
2885a1b3b8dc74d31441d19b7ad81c10907e1cddd478bc6c61f7c26c53c15bc2,0,3549.9440000000004
288ed5e60e108a66a6d406e4da211ec658dc5de76d716c76925f40ec9846b9c6,2,4173.775000000001
2895e4308256f56518174a57b13679d65ddf1da57d3d0ba94b9ee0f7284000b4,0,3210.6695
2898e0ef654d7f146e386c6fa4adbfc5b739bd638ceb61d3e28f8e0df90b0509,0,1478.8805
289bc6e29d43268d8d79415eb5ec731697f9f8c224130ba7aca845108ec6fefe,2,3034.88
28b0a78ddea9951c54a4198649b6979af71bdc0a19c50485a6a45416e2ba96d7,2,7337.137000000001
28b350107e70838a82890b512b6394002dd4f112408adc9a6294df220e94b552,2,3383.281
28b6879dc833997d9675b1f9971d01b2b0b254d180562e48a26cda1e45723d93,0,2425.4970000000003
28bd2364e3698421e10c0d8e7a649ce7c080a82e8168bf8d1fbbf2ae26dcceb1,0,6381.6630000000005
28c0593c3973cd256244683298af3beff0d1aabf20a61420ae23e9d31fb20d60,0,1847.7910000000002
28c3b005ebf8ff1f70302e623e04e70906895d68118956567581a33932b3e8a6,2,3551.076
28c8418ca087a2d0e4ae26b4ca850b35bc9a93b98985c56138068f33efcfc621,0,3343.523
28e3dfd3be7d8c110a2ae8f7404c508eec6a8f45b2659b443efc4ee15f1c02b8,0,5429.0199999999995
28e864ad4f239020437a73d405fa4139298dec30b510ec5390227b03505f2602,0,4921.845499999999
28ec8be3e38d82c0502177744aa023e0060f6c131bb8b94198947ac24a739a05,0,4147.0295
28ed5708ed75265a349f6aa1c054e07514de995772f3b9259b20de949274c304,0,3397.838
28f0719a4b88a1ed2043e9ee7ca47c9abca74d0a5308c10976add26b989b2bea,0,2578.8635
28f09d4b0067bf6270a79281659c4b36b8ce457bc65809fef2f019fc42caac00,0,1948.955
28f779a2ed8b3f465affecfe8daf3c9ac53918742da3edccc216991eaf678ceb,1,13344.467999999999
28f89cbc5eb13931d67e8aee1620fb3ff08c6d2d4a92d62db184c844c0eaa895,0,2392.4835000000003
28f90b09ab901559ccdd73d978a4696ba79890e3600cb5261c2a92a81e3d7367,2,1931.33
28fec3ae2a5413cc974371162d43043b06e263f055ab4e31b4c829bdebcae847,0,2293.571
291347ddfed0eb42fc92dbb47cb9359bf30c967cc0e08d2e76fd7e53038be143,0,963.2640000000001
29171057d3e503287a380e19ac6defc6677d73cce5dedb4336cc7cc940d5947f,0,8426.375
29193b5f41739f0a00f9753fa5e42a4bc4f0c9e53019ff8c65286ce6ad27ca24,0,3909.308
291b9a131dcbb10d06eaeeb61d3dd026542d96ff9190d1a1bd864a2d6fcbc1bf,2,4382.601000000001
29226b9b6e5bbb403fbed999c966397e5a76cce83b9cf6194b41dcc59d8c0769,1,11108.93
2925d1b29221133dec49e092a8c7e5ec26f8973144239334d87ef4b15a5066b1,0,3737.125
292a4cbaebd7bb9e11ca4da6fed96a2d4699e23d41a204522ef5e7841552d26a,2,1472.5225
292d0f321b55f94f6c6ed91071eaf5a99fe332dd6b284fbedb8d7b5bfd25dfb2,0,4127.613
293ea40e0640c632e7fd9db9e89056bd6f8c8ba649e04c8018cc686cf69217dc,2,5025.541
2945105eb9e1812d8a84bdf33eb79e381ae5d3c56e9deebdae7a8c27d8bbddd9,2,3912.6820000000002
294af406da481df7502a15e97eea3c6ac0d6c835f86a5d1e07455041c04dbbda,2,1177.4495
29541827c60ec39a97acfd4b82e124b10f5529f107a973476b2c9c7ac6e852be,0,1161.9665
296035f566598ad6c56ae77ba5e938c744f1bcd4de6ea296504690c0b0e3559c,2,7581.021
297210d85095091611b71e4391c2932cc82d082b8b6ed7c695cabe9710784e20,0,2809.3025
2984ebc0fb585009867b578e5a2294b361c4eeda46ac3835c4fd0f630b2ce917,0,4833.5885
298dfef41ded7f0b601e6af43ee940efac98388d779f51b1cd1aa75d245e3ead,0,1897.663
298e4c57a632d09f93c78d3cc806e8c2343da72312c80c899fee93584448e44d,0,2470.3575
299a1b4193018586071a18d17f7d62b91b05b3b9e892162d4d05a52f3a80b817,2,1848.327
29a4b4352807c2e106a3fb5ce3e480a90b2bbe7ef3e9cf711d2926e89d93b4f8,0,3408.5244999999995
29a5182fcd408f818d3f3e222551ee84fba309063f4fc6e8346af6e130309c18,0,3529.1005
29a92437c13b901e9c054316d1b9d420688c49fc37a132ad6a48c62ed4e943e4,1,1566.1755
29b535cb3feb4053ffc02e6074d69780ddc419bb980db3151060445fbf6173e8,0,6324.193499999999
29b64eeb2ab3c849f195d95fc96d481cf09da42edf2123dc524e7bec227bbfb4,0,3757.433
29b780303a0411f10cae6585eb6272f55569346d285240fe0f6e8b140d7a10e9,0,3985.0160000000005
29b8911190503b23600c957c4f9a145328bbacc3a1b06066cf018066350f7f27,2,1286.5720000000001
29b89ed810f940e7c88b8ee12e9ca452e1f661be64092fb097f526d1b65dbb2a,0,2963.71625
29b9e6195e272052b178b82a293ac88d5b4bd1241ed8c3f65d604249eaef1fd5,0,76.06300000000002
29bca9f57ca4d110d4a31b32f70369c78a972804d822f175ac39d24b653196c8,2,3207.2005
29c22503f56383e0c1a6fb53be4a78d873bf90c3471f09bcbd44a9ac33fb6cb2,0,1466.1075
29c358bca1fe97893142efcb28bc905bd08896256a506dbb94868509904e8edf,2,3430.2390000000005
29c55b548e97ba301df6a93bb2094e045c217238daeede59ea7cdd0b95be45a4,0,2025.304
29c86073f50195c4953645f1346603c68684dc79457b249879daebb83b35ce04,0,2851.4505
29c899f9994c2558a306e2f5f1ead3514f1a3a0b5cbbf1a0b1ed85f98224a328,0,8041.373600000001
29cab9995ac9b6c63e9a628e7291e77add68ea85e744e4c1194ef9fa19cbd503,0,3813.9820000000004
29cabd787902c76f67d8ee22936fdf7280b73a421d84c8b23c920e7226f4a18e,0,3518.835
29cdc823a2a56304e6c3644a30b5b1bd3850680df8dee4dd5197a83ae7677a98,2,1446.8484999999998
29d09bb62cf9858eb6a29d3a510720a16fb2988efcea72bbdde47c15c53a1d69,1,2478.8845
29d4f3b1b418672558afa70c85b94f17e2745479156a93dc3f14d6611588af80,0,3988.147
29db8f8fc20f028102fdf25f654114fc9c43e7b935ce7ed211dc166deaa452a9,1,2529.333
29e7a28d758eb9f18eec3358f6ed3459ceccaf610a7111296f9143feb0971a5d,2,3367.8520000000003
29f4dab992712f260ab6a835876a480e1afd76b77bad01cb79864b6153062f85,0,12790.468
29f97859161818c8909db1191269034834ba5025e7a49d50ea9c08fa224ea842,2,4723.2715
29fff8bf016fd74648e91cd339b0f9843a9606bc405b3510f3d8b3fdc61505b2,0,3578.3735000000006
2a0ff1c45ba573623a39a249e14f049166d8de3827bef36b5c3891b2f753b860,2,1515.3165
2a16fb058eb3f16de85cf044532821e113c6545958a1afa4350c43e3539d863f,0,1185.517
2a1bca63f4a4c74ae288ad1a04beba99483926f3c144ed3cd952a4e4a55fccfa,0,8198.703000000001
2a22bc745350061c3dd11a30bc7f4b716f21e9fe823f05dca50b0c51e850015e,2,5987.63
2a2562fd709ece06a1e1cdc558fc4f5de92ca3e40b48aefcbf265c8fc106358a,0,2228.0285
2a273fe2fd347760a3c8cc3d1bf144f61f87a1f9efe5d61273bace224dd46749,0,4996.7085
2a308e60e1822ebf41921573ea2f3b7c84ae93dd1e6ba5da5207e7d1b1d8b6c7,0,6021.912999999999
2a32a1b59d14220ec08d34a75c1e090630c7fda043098e5ec36e6ff2290ba332,0,3391.7425
2a379d775390578badfe90251c69be0b9f73b914b63b009d0afccb1bc5b3875e,0,3603.1620000000003
2a3a4f009e077d8ecdab0d8f8094a08d6955da9d612613d5b147cac279cd5655,2,11433.345500000001
2a3ee5259ca189be4ce65806ceed96282b7b48175329ef0bb0be376c5d5c2e45,2,950.547
2a41e67dc5e2583747ebf1e8f8ce074797a24edd16b9174696d604200835310d,0,1753.0635000000002
2a42d34dd5898c3018dfe7107e4b6a8e45876dd208e4a6ba904ca47cef9ae8a8,0,5515.4195
2a42e0b159062c4168c120b31ae5b839dfc9b7d0566a0d13148aa2315d1a5b60,2,5137.3240000000005
2a44059001fd7032295c64422f38ed086199f41d4e6121bd23456315bfabdc1e,0,427.69500000000005
2a44ef3709006d4ce54457dc8a49db158daf76cc3143bc031ada4e8a7c0c60a2,2,1762.357
2a4cac2094b9d83bb56bb15f0dce1f884af1aba7e331a39f788a07c1fde95d02,2,8243.610999999999
2a4daddc13dafeab5d76c6b73a2a5916ffa6d463ffe968b73f43bc1f98ae09f4,2,3151.069
2a4e39e2a53cbbd96bd77010113d713dce98d50c507547605030b6003dee50e3,2,4624.8640000000005
2a55c55fae5f151ffa8a7646b916d35970e23048814a71c494139c6eff4ed20b,0,6134.630999999999
2a55f304a44051f6e3a7592d678756bc0cf7537853f090b3873214c73361557c,2,2609.152
2a57cac58c42aab8358c3d41219072805812424f56e7a53dab64e2d7f3092371,2,339.7629999999999
2a66f8197eabe76caf32f39d144565226895272f561f66399c10dbe0680eb2ad,2,4756.1755
2a67086831b84db7e7d20baeba6da59fcc03f4501deb5a31bdb732818d3f749f,2,3117.7664999999997
2a6acb7ce1a3927cf251b643ca10e84a35ea7128c9de1c0bab15080f1def6ab4,1,9601.584
2a7fe51caf422b5973c5662468a8bc1a7b1160aab74bfb220ddcef69d667dedb,0,1850.901
2a838c7a6cd61045efe1741077eacfd4751114602f99d6d1da89dbb7a203d2e3,0,5346.825500000001
2a888f4efe8991c88ee0de100082e694136d050d2867805925d27222629c00ae,0,8055.2045
2a94a6d051da0e88eecfd4fb898eb2520b0592cfbc61a6150aa902ae3d431d9d,1,22297.095
2a992c424baa0bb40b03d37a49c02ac39fe7088f6b309509113af3297642f9b0,2,6134.9975
2aa0de06759812af23cb243b29c6ad991864861a8c2f98f4635fac28ef94dadc,0,3316.3305
2aa407b62dde0ccea7b2037da5b90c14f931a2392f3c687ba930945bdb301f28,0,3615.4165000000003
2aa41cb90cefd7ba49c2077607cf8c0602d9e63089e7c83d028944839688292c,1,19855.780000000002
2aa4bacc8e48a27d56101bf19de1a7fe54e9d775e0ecf8595649f177dea64349,0,1834.0505
2aa6f4d87adaaf784516e9e3fb02ce6c0a0ec2eb1cba9782dcfba7ac2d0df644,0,1806.334
2ab24044ba5ed582c0369a7164ab938e72751c9dd0876ff50aa2edfd2abee7ce,0,8906.273000000001
2ab3bdff417e4a913c426c33e1ceae367536df9668736cf93f2325bdcf7382dd,1,10888.190999999999
2abe87c9d834b8ed28bb0adb00b05a380486a6c79c0b11990bf4ece19e8dc0d8,0,3973.8345
2ac006cffb1d1edb2960816521123903e7f90fb347aaf4b0dae849cd40334331,2,2232.041
2acb73a64adb2ddbf1961772a125a354aa1a9048d67bafb89eabffc093fc7d2b,0,3518.7315
2acca3116a867e578213235ccf22a997444ef00d081cc12e075673fd2e7d4167,2,1517.7490000000003
2ad303254783336f855c8c63b5a7664cca1acfda29a614a50ce51b107b4ff77f,0,2573.0305
2ad9bf4bd648b807ab5bb410284b6a61392a9360da4dbefdbd8f01f064fcaf69,0,11710.230499999998
2ada4d3bb020a1eca8488866834fad807061e104347e3f30a06638d9dd839f00,1,7725.3234999999995
2ada96e295ac910513f295e2c804ca5a78ca5ea6dbf878afdd8fd9c5ef0f3eb3,2,3275.226
2ae1597d633cd9bece970b78b24a81bf1556f86f12a5d9b86e5203f85c64d63c,0,2586.381
2af1be3f5e367d609bdd7b3018cda4dea8a21473b07acbb4660982ce8cc350e6,0,4441.529
2af3af58f413e0cd3b9a618f06908269017462a89de8b87852e1d3b5fa54133f,0,1040.4575
2afd32b695bc18ea99d36587c8390dd21a38fdc8ba637831e861f1c78980833c,2,8369.224
2b02e89533709a56901a8817e6fa0a830cda963a495257f39763b440acf659fb,0,4471.259
2b0ab60b733c11c8fc406b36b4d2726609365cf79a1ef2c01dd625ae8cdcee63,0,5074.1895
2b11e3f81a64ccef4e9f53b8ed21a05bc4b505b83014759aeea8e22428a6c149,0,1104.6325000000002
2b1c471dcc57e14ba6edcbb38e391297f6acad6a3a15e368718fb72d9b9dc46b,0,4147.7455
2b2284bd6943f9b288b088d8ff815119f9d2d341f7aa8c02ade1a49e09692cf1,0,5175.7235
2b2dc3760199735b44eb066977349627d81565cc46c37af7bbeebed2a983aed0,2,505.6920000000001
2b2f110a4476f3355dcf460a41b2954cdc3289133d4bed76335b2ef29f362cbf,2,656.3225
2b30bfcd5db3e0790b8a11508cbaae962f7f3b88c9a8f1ad2f8630c369a1f6f2,2,14307.794000000002
2b37f3770b4faa5f5db25a5edfd4788e0403ab2c64829e566fc7ffd36b0793ae,0,3720.0755
2b3e4f8c6e494ab82ff540a4a33039262568a189c80672273ae4eba93815d54a,2,549.7615000000001
2b40d98fcec682609e54ce7c9db56e6fb0f2a007e44ad892f57facf20a3f6ffe,0,2085.977
2b4a63d6359b52f78de832af864dd9bfaaec071d10305592254844b2ad865139,2,4468.280000000001
2b4deeec5f7aaa159154ce17edabcc9eb5c180ac8c823a65dfd9cf3524588ce6,0,2679.1310000000003
2b5aa5b1a1cd40916e00be435a03a99999c481a44fcf82fe2a901489ead6f8ee,2,10399.741
2b5e650ab62c5ecdefb14407e7e31ce4a73cc78ed6364e518652d9bd2fed7548,0,2135.5085
2b61010d3d6838b4267c87e00b3c322fd2ac22c731c9d66ecbc51e285c9a33aa,0,1293.5805
2b65896a8647e773b0bae7eacc832726e4b30b0d6e9d65762e5ae58ecc87c1a9,0,1845.2217500000002
2b695166652ca28d9389a3eed766471aa679be48cba82b6a1fd2f5cb337d3986,0,1982.88
2b6a6999a24d308277320779c5e8cec95245e68fc772b2278630fe5de677b513,0,2079.8445
2b7311414d2a4ef62214814c0ba1d3d4e5e3f153c031b245a4055dd3aeba8a50,0,2877.6935
2b79615b071a1a1469789dac53103f111e2b08ab6756d675d230e079ace22d7a,0,3289.3909999999996
2b81293e8032d4518e26faa5e2f33929660f16a1bda18818f4460346d9607f05,0,1666.4070000000002
2b880bda2cfe5014b2d79739f8d21f85d1c30b42b322773acf16cd37eebda55f,0,6464.6965
2b8d66afb70b0a710dd5834e2f01bd348152a621e3b4ecbf434da05d9f474816,0,4457.7765
2b939b0e68f17e72c0da395907dbb2a5e55999b61cd90d49dc8563ebc32516af,0,3494.8424999999997
2ba7d8123886e04c8e7273e5b0b85c7e03ea4328d488649c68481fbbce9ee9c6,0,1492.1465000000003
2bbfaf5cb2ba12473cd1b70f1c996621cde3cf8dc9f84f06e91fad1fca994953,2,4372.0875
2bc17e8f34009f60f3f1227d30417a393a2864a8ae29259ebeba4feb82dec442,0,1891.819
2bd584c8c387c098daa37f5d2b861ca0c6c47af0339cea54d0e0322b69541a73,2,3208.2995
2bde573c3a99cd6b371ff4fc8e9d27a2f0f3d93c3588bd5f48d8c681e1fd0c75,2,2550.6385
2be3338064664ff8e18f9fbe329db8833b4127151306a494f61a42d5f36c2435,2,2372.2515000000003
2be98585373d831b2753e9b2562d5457ad7fd1be03ce891f955a63a146fae2ca,0,9007.171999999999
2bee633148ce12abd29e9db0c61a4a20eafefba38f729f03c53828042dbfcc44,0,3148.8975
2bf47a0bbbcd5e289dfffb94fa1e94fd2727d88f85441900ce3d0e80dd08889f,2,5530.7195
2bfc19dce1532be3ed76018b71e44dd3b26adbfaf2e6b59f700b6a29213da089,0,3677.0690000000004
2c116bcd96bb82f5fd8305885777457147f53b5d2f4dafa5f522bc71e0cf92d8,2,843.24
2c18bd11a9157df1bf7efd8a9d22fd87601401d4d6b3d56c0cc90a8905ec5c28,2,4694.0380000000005
2c1c83f8138a1eb42080a418f2afa56018f0e16e31294b4d719d2c16c3965128,2,2849.543
2c27990c24771f0aa70bc8a0b7aec5754f945dacddd41720b3a13d88bacbc01f,0,3438.0785
2c2cc744eeab7f05264821d3e0f0c71e10ffc76ca85013493191d62027ef80e5,0,708.36
2c2e4326589855687b9e16ef40c7a335bb882f025dada6439c55d677f1f2db8f,0,2896.3250000000003
2c2ee3e081ad487400698fd319fba729183ae259767c7366523eefd204fbacaf,0,2283.246
2c3114e4521882ff59e56aeee676269b980d215cd5a67dc79c6f2b57a2c759dc,0,3264.2815
2c3a3b6085291857ae03dfba9720d57b5497d5e7c62f02ca8fb7840765af8376,0,1188.1825
2c41e7081fad36e031bfcad5d0e90b38ef0ccda57d9df27f1558fddeea4f877a,0,6354.455000000001
2c468796ba6364d83b82688702106a4b91e5e083e0553242bfbe19308edc5eef,0,4836.4355
2c4f70c01f10dd16ada5dd0535ca6b68229b06e47c1357d95799e6a615dbbe5b,0,5334.768999999999
2c5c7326778177a69004e422b0bc5196af76f71abb25136a6044cfac3377a98c,0,4527.7435000000005
2c63bc32c471e7b3cb1ff7bba91cfedcfc712d002fb1fbd97288d09f6d40ed12,0,2336.51
2c721087be519911b585f9a13b0230eda83d9c1044cf6d121683c7ca95764174,0,7877.4805
2c73e4ed08562f7451cf3db18b58b22a574a54c4c6f69a8c09e239265ee0b12d,0,1066.8210000000001
2c75da76047633e17fc99781a1d91692d8f1d5dc1987c943d964b2162d94753f,0,8735.032
2c78d5023dbfe2eea9435be1be6a15e7bbd8d0b83f115b351510f915aa639827,0,781.7760000000001
2c7ddcdfc554335a46abace0af92804e2a578fae7bcf03549fca4afbd1496b4e,0,4150.0915
2c81aa2e51adf3a88080c7454b7b76b7ea2b2dfedb20c1e965f006c8af53d117,2,10019.771499999999
2c8571732cc138da102fbf91b6e647e35731375339b4ec1349d0675b727037c2,0,3535.159
2c87cb1ace400b3c8b6ffccd38a06b6aa36a492c64b712a591b8143b7fee30e0,0,2613.614
2c8df922cc6203cedf7aae7239f5795d20248bfe299c1bb8afea45e7bdbed54d,0,2890.6565
2c91f7c16d0f19e985e80d777b93e4118aef229add5a0ccfb8e5c4ae2837fd09,2,4592.4215
2c931c92b60353831f9aaf35234cb784d554b9f4367c07453adc2429df06bf72,0,6091.253000000001
2ca0a27b535890bdd56d12b166a1386adbcad929934246dc1b0e2667e8e7c50a,2,2793.7980000000002
2ca1ca711bdbe4b704d2af8f9be9c1cc7ca6d5b5d3a44e4fb9a8d3617fa7db76,0,1802.7755
2ca3843a3b3f46a0f56b45a2ec96095a2a8499c016c428313bce8a636e1563e4,2,1267.489
2cc225cc2707320dfd8e115520ecf07a95928a304f56d2fb4cdf590c71276411,2,8514.1125
2cc268e3c5f3d25e314ab7618428e09cf3aaf3aa2966f496662489ca44d1dbf1,0,929.807
2cc3e7609baf4db6ab3074f4914c4861be73a10e9e5037bebe96537c28cefa4b,2,2417.5605000000005
2cc5ee100bbfb0f9a275b6b877571cf8c66c1562c7e9c3fd7e9d13ee82c4c58b,0,4626.457
2ccd0da3cf449b3b45497e5e08374f1cf25b4a4092d00d416b76253488e988ec,2,642.1080000000001
2cda8d4d1817c52ae265efbe8c2cb4f4a314717a3de6465d2fd0a0ca1becc03c,1,5711.9945
2cdad7c9b0d33eaf98b01a03d01b6c76c41bd20a0c3ac364a48caa0a716691fe,0,5856.924999999999
2cdb0bb38e7cd3d59f57f0f3ef9b35e298a0d00b904d337f7ef7f67dea591d32,0,1072.6665
2ce067917b37c797eb54dd09ec03489986e35a42cc2861b8137990fc5919589f,0,6000.048999999999
2ced6d7002350726af9c34529efb6e75fb2c20c43a44205989cdce6c26a3d6ac,0,2979.2475000000004
2cee1b86ab42a81943e27d5c8595d3ba9fcb184f244e00b073f4a7cdc9a3eb10,0,742.7695
2cef8dcb1d39289898636e4471721aafccb228143c64c4e9c1b4c5bcf8708cb1,0,3178.2045000000003
2cf28fdf8cad56ee6045110876957a7c6624d832a065573034a09b85837f1f46,2,1656.9005
2cf5c001e56e8e4a6c1108b5fb6d65adfbfe75fe3fe0ae704b7bd7a5c11b7e26,0,4127.6015
2d12251677cf7a56d422f19bf695807a82b5872aeaeb377cdc893e8b110d3981,2,40.281499999999994
2d15d4fbd6ed748ac4e5aa27d64b372bc6c4b72ff950c3e9a030787244873c4d,2,1.212
2d188416badeae1b20b0d393b993259ab5a4e0dfeb0a30c422a730905213d898,0,1182.038
2d18a6986561f4b3cffb11e7ecb938cc5b97bec5d3a90809e7663c0ad21577d8,0,5108.281499999999
2d1b0b590258ff8396e8b1e5e042a75c10c32d4e8e62bbdda5cce583945198a9,0,3137.445
2d2faf3f1a6e5ac249aa4e5bc5d8546c804ce44573c61c76845b5b7f4a1ccd51,0,1114.7205
2d303d2d02306722be29a8290ceca3849f7d77553e9a92eb1e34553bea2e4e9d,0,3243.385
2d346411008689f06ddec6f68283e58eed995b6e94f412eda76de60f0da70457,1,799.277
2d37c8b4a6d25c0fe38ccb1b2d84d93314248000d3093f2252b9b34b7f4a7113,0,4563.587500000001
2d39ac60329966385ce8bc624e65af7936f1b58535ceccd31019d07178c4d004,1,798.5015
2d4170c32764e7719af792c53ccb077b6dc1b5168a8a4afc59fba1607ec8c774,2,3145.9745
2d41f563aa96149ba4df10b0252cd67fc2f0d8042af0882fac0099a82becf552,0,2145.1684999999998
2d4536e17d852ee02f633acaca48aaa7455c1bd331c2ed7495b16849166ddc89,2,8400.077
2d556456a6a7e4b64c1a6c80b4efa35d0884fa70bbc1bd79142af297a1013717,0,1132.1309999999999
2d67e2b756e51f63f2e50a03c8f7e92f2fd87495df4aa52fe307eb4fb4c8c5cb,0,23383.073500000002
2d6aa87eac3b19cc09684e639bcd9978e507a3f2185e089ba77a8f1954bdd7da,0,12445.267000000002
2d738c1756ca887f7ac3497f2032cead635d0e0a4dd24923fb708387dd2f5d89,0,965.79
2d800cc2e1a634e0df47ef42a122198afba6ea536357a5dfc3a5de9231ae2ff0,2,3545.5850000000005
2d8b61a357cb9b622a7e64bc0be5f89f1fd5e6e667a9f30d95c2a401071a8776,2,2871.4494999999997
2d99410e00cfa84e416fc4d868c194d029d01a7322494409ae4d051c498e2f44,2,9476.678
2d9d0fe2cb2484a2ca39ef2065d0ad5d29a1207fadbf88b8809c6614f13e3062,0,9042.9665
2da8f36b1bc9dbe47010d329ad60986db1ae671bbb824a459e553b11c275fd4e,2,4247.321
2daa90d15a665d55bac8375f658c32cfa00f2f3396366a53fbea0924e492ccd4,2,1781.1105000000002
2dac93a941d43b671a6f0974cea1f7d5356345435a0f918d68beae1ae7f9a449,2,897.077
2daf577e3389b3c8cc4270a58e78a1166f1cfbc1de56eeb90d03e597eb5b370e,2,8312.8545
2dbaf19d33badb4258967d65270440365067105d95a381776ed40631e570c642,0,545.409
2dbc7a234b75e1e0ed0882e56e3ba565c535a02c0260695893b225cff20abb65,2,8772.6975
2dbd8411bafa33ec761646619d0574a24344079184339d026913c703c19569b3,0,2263.435
2dc189116cb6cc805aa3f9427c547486e564199fe377d2257cc2360501a45188,2,7255.323
2dcc5f1ad87b25def3e62f4c54cb844a490804b027bafd10ca04b2e21a6c2d7f,0,280.826
2dceed105b672625cf080702d7d19ac7cb7f733dde68fc806a06a0dcdc77d05b,2,8523.747
2dd65f3e4ff4143fc5fab6bd16186ffb6d81f350f4e1ac5adfad7223ed2a806d,0,1352.38325
2dd7f1a49d41cbbaabef49231ec63f02511d2a26121c6324420497ce636f8d7f,0,3888.3995000000004
2dd87ae28362cd2012d42f74cc5afe65e4a3338793cace9503e7bf15c622ebad,0,6543.6255
2dda0aa02ec4e3df99e9a329282efc6454243c9a102926bc72960989ac21500f,0,4249.415
2dfb216c5202b76b0bc6d3245d2fd5e658a3fabcaf1e611094cf8ea3f315f265,1,2767.398
2e04279f7502cf3b66b2a8c906ece11eab6af6f3467dd2480111ea393811bfa7,0,5042.8175
2e07373d2881e192297e1d294b7d9304e33b762b8c8a248bbbaebec1453e59aa,0,2125.4115
2e0a0a1b09a09f19ace31e6e7f7e08053931b83c723f58e9b1ae813701f72fb8,0,5442.273
2e0c4bb90635e8cbe9005f7643eab641e55f3bc43540ae79bd4d0a275f743a32,1,26373.786999999997
2e108657b5444ee152f6360612f5ff2482d390f83b1da0389c13638ec6dcca97,1,4295.0555
2e17bdea6a169d363333346520140887be66e363ce5c71842696efaade2e07e1,2,2929.4840000000004
2e18045410dd157852a32945e99e678208e70811996fa8f15f1ea47502d322a7,0,4794.303
2e266df9b5a5b034e930cf389c79c3c6b1c08c56066042cb69d18abf7b9a0bf4,0,2794.858
2e2895ea6a3b1dcbddaf4b569d1364cc165d1cab78de660cf4ba15036ddbe830,0,1578.3105
2e3d812a54fbb350c8951d44bc5f874d41e3e8e5e10fe3c65cdb507078af96f6,1,1753.7585
2e4aae8f0758ca03fa319a410755b5dd7094a9c98e7766a8dfdba288d5ebb9fa,0,4749.5109999999995
2e4c7b44bcb94fe56e04ec19191b2f93d9afeacba904c7ba8f50a39bbfb7c471,0,1167.2935
2e5ba7cef9845820dbd5cb6de0235d4e2d7b1bdc130772a733cee4722c50d02d,0,1804.984
2e5bec1e5160fac9c9c79a565bc2221eb7ce563df68c848d51940136d9b7a3d8,0,3221.9185
2e5ded162fc54b7930d6390c71f23315f5e11ad805cfa438bcf81243ced80baa,0,2674.6093333333333
2e6209265738b8ff9cae4a8a085a4e520088cc2891cacd027177d2f1523cdada,2,2408.342
2e6435e029a81cc3485695ab90738c8e56aec31e2305464e118a8797027b68c7,0,3736.7564999999995
2e64f7db9586e627202102d40e815366bdaafd4a458d749488e733f933b9dd2d,2,5079.217500000001
2e6740d7438cb73370b385c030e29981c7be2f1a9036602f0c3c74c3764fc334,0,4874.194
2e80cb33dbe20768ea00026247bddd35b1a0f335d7664dee19c4046f2d6a901d,0,1497.6745
2e89a2cd4275b890141c26cd9dbdbd090af9902d5b66418f78f7ef067fba9494,0,6180.6525
2e8dd229499e97a2c710dc4520b61c3e92677ebcca2b860473a30137894f9f25,0,6308.291499999999
2e9046ba9f927ecd2d1f7d54f004453359ae70f75a926d309b806e01cb73916a,0,2387.4365
2e967383c5ba9f07a926a23ec315fadeab85567ee704367fca05103168e2d7e4,0,1597.3605000000002
2e98cecb040d28dfab800853d33efd9f5e7abc1054700ef077492d487d1a7f8a,0,2863.036
2e9d1b038b42a823c59a7753762bba3a15f3bc88a23603978ee09300fcb7882c,0,2476.7915
2ea1834f0fc1f3a50b3d04a5eebb511b4a4568fc3204f5c9c00b513c62855c0d,2,2298.8230000000003
2ea247732e68a68465cc6a969ac73614790bd6f975cb161992504b2c20321401,2,5073.2345000000005
2ea7124b134fb01de89c77acd3cc220efefce23ead4166d41a8c37a7293abb9a,2,8383.545
2ea988379578b571ec5db62f0ae852351db004da087b3e943922188d00f50b31,0,3076.5779999999995
2eab981eb98e31b68352d80df0668129f7fb63614f51efd36b96863b7c633581,0,8973.4205
2eb0c0bc50e423fc97d2f96ed652bc6a4b8665781ed53b65e3fc41311865de8c,2,3082.9725
2eb7f53721d5dd35d19ee0eeab5b7cdd0a3a09b4ef07cd7da8b7faa91235f448,0,3095.268
2eb885d9567274433bf176ea05a0a0419f0607c5ec8df2c0fd32eb5ef3144df7,0,1426.0145
2ebb7514a4f2ab78fa4d883a93ba3e9cd2645de9a99a899d36fb5464856bb2da,0,2626.3995
2ebe11f4602394dd7496020b34fab96eb6f77730bc79ce9d5207e0b3d122e37e,2,6676.9335
2ecbaad5097394101b12ca8daa285574b1356145926107e97110e7b5a02badeb,0,2786.9529999999995
2ece9e504e13da39f89ab2143683ae589f30da10dda914a384052de8a7392a5f,2,562.9780000000001
2ed4d62785ddbff0e464dfb4277feaaffa421dd7577a26a50b3ec25aefae1b54,2,14400.5785
2ee8ce11c9201b9ebe01d6a3f6a5206f24335a9f7dbb7b6e29148ef7511c3f43,1,81325.161
2eeea0f6a58e141df5b8c61533209935ef1d5b4a847e240398b8beb7f9558fd8,0,1180.7945
2ef56d94398d4a4c25ddf6d028f582760a5bba9e47e07ad6239b2844b1e83d09,0,4734.009
2efab514b76326465b784150a425bf6def7be1dcfcb584c4d8ecbe9f464b19ee,2,5016.173000000001
2f017c068f6c5e8bdffc165a348c97dc53a80761eab27b96b44523f48b6ad928,2,1292.5605000000003
2f039cc699755ccd360ccd01af908b11cdea7b1ac657c061393b3f488a05e7bf,2,4056.4224999999997
2f08a9fddbaee704eab68f930d7984ab2bf4b4c32951b3a057538d3a1b3f5408,2,1152.0760000000002
2f12bb41d6bfe07ed046805a0474cb370ac94f4ebca905968a0b447174192721,0,12661.958
2f1b869f3f91a4edbd0760c595d48629093901b23a2e93632f5b7f7f2db7326f,0,4514.9955
2f2d737968c316e25008202a4f05a88263a258353128a2c68fa7e559e947d78a,0,2238.6220000000003
2f30a1c42b11873aece54d527b9285f3993ac5dc843ecb3f0d990a75295e54a7,2,1147.523
2f3738f1ff5b0af7c573b8d58249721ba0d820b6265d036896a67b9a16a0eb56,0,515.059
2f5010fecf57f1216910ef5ea4aa6f3c128b131325564b5e7402a96861057f5d,0,1076.7810000000002
2f50608ff5faea2b59ffc12638ad8c151fe881bbb7ba1d5195c7fafa6c5285f2,2,5296.8185
2f53f9ce8dd6480bbf59acac00a831836dbb8192ca0df143823f892a2a8f1f17,0,3698.3785000000003
2f5576bd9bf9a2d7df7555561de79a021696dcb97dcc1094179948421d52020a,0,1147.279
2f56d0df18fc75dddaa049d987c58c648d467f770e07298f1718aa3da494123e,2,15923.8105
2f5c40263fbc76f58cd19a579731e717027cd2b8cd4fc479c884bb69cb7b8708,0,8988.228
2f5dea11a7f0d08c454588d47ccc0db45bcc18cf9e143d51996f92d0cb36495f,2,2628.3520000000003
2f60ae1717e6e5a6fd2c30ba801e70d509e62f9ca2c2dc7832a7ee4037fc2c9d,0,2379.5665
2f6f74e6cba4d322174e8012f065bac96f86616ceb0791d739734d2b39b39a1d,0,1566.606
2f7b1b8efe97dcfeca80fa9b63ad5d3e58213191738412ef53874dec172527e1,2,1663.8575
2f7d8337a8a297486bcd6f012a16066c4ff90f45aa7d4917c4baa84a890891a3,0,1876.5205
2f83898c237b44c4deef0646bd03e89f8d18ceadae328e6491d4c32f65203e05,0,4942.219666666666
2f86a40e02112e6c6a2374272cdbf80e566258f6cc0a4903f6f0383049ba660f,0,1815.9405000000002
2f87c9ccab8023a1a1b4c4e29bc694ba5818f63196cad722fbea25939532ba04,2,1868.6555
2f8aff1255966c52d4bf6b274fef3e57f582aba0e317a7dc4de6e0b9401835d5,2,2691.1955
2fa967c0cec2d4496ee66f070d408bc7960f320303df8654955a6a210b479f7f,0,9552.4995
2faa7247b8534f4222467d9519fee605059f7c93cfc2e4f82145100ac31c6780,2,3013.5695
2fab1eea4347604e2a4f8fac7a57406723a3d30e53c3fb229673e5ad7ceff328,2,3010.2355
2fad26cceb3efb72f0ce40f9a87d9fd0af2bd937004ac4006046f026692f1830,2,2324.0434999999998
2fb6f212c6911a1ddca00796d9263132d8ed02ace586bc17ca769557ecc1604b,0,5254.5985
2fb746f57c1eb498260de164af593b70bef3c44be6486142e331e5278f2e8f2c,2,2130.3245
2fc390689e010cfed386bbc101f8676d5068d2017edbf6a0847ea5a583cc3f61,2,3387.7845
2fc434a18ea59625122ffc8d0c71487f1ce733797c71c38b2ad4afe6b7db16c8,0,2138.3715
2fc6c1136e3726c62f406a7ae496af9d001c734c81fc1b48b372f48bf4d22288,0,1862.5120000000002
2fc8dd59680ac71924273b12766a5651277365b11ab6527048f89288ae0834b7,2,270.481
2fcec42885dae3bccc4aa1e4ec6904215add4002086c30eb752026c3d94e7b20,0,7942.05
2fced53dd684a99ced1739801b42b76400bff955ce149964b1427e5cb787c79f,2,9052.035
2fd72881ec55a7e618d9a2f8033e25eecb65adc06b53f17587c3cb6df3c783c2,0,7740.782
2fd9d988828198d9d64f2d2f01e99c9f775c32fed07acf1b7b8c91d5a6a52597,0,1944.5665000000004
2fdc42c57ddaabfc2946a1374d616d9723db8d6e403728dbf64b53344c08155f,2,2026.5805
2fe630e4ad33ddc33d5ebb92cb1da1a53cdf0ed48351dbcc0a1182c2e69fd23c,0,4539.446
2fe96fd211368d23631afd6d0fc3cc2048a6da6518492112f39dc0a2eaf07d24,2,3265.9885
2fe9ba6f72df12c1c89cc1d2d70561bd21729f9d0226a247bd4fd94ce2f4a5ba,0,3666.8720000000003
2feabebff69de3ee7033021104e22a012df8bf31ed72eeb4666da31d18a9addc,0,2511.8
2ff740ad38677af1558b6469cc56cf14cf236194115a3def00fd33bdb6be4b53,0,6318.7635
2ffe67c15a4607f57ae5e80cd956e55acaf5eb9ce1ae77a7bf0af808cceaab64,2,14808.0255
3002afa70755690b23c33dee054ff5b9d75e4a014490feff8a0d4244a17fa945,2,3508.6180000000004
300c3f874c5872a057e71b8902bb9fcd86c4cb74f1a15857f4e613ad5af83eb1,2,6590.5995
301361fd21b12910ec2c591169dfd264753c9ff74a7d58094ca2170d20b8d5d9,2,266.98900000000003
3016037ebeba3148bb8ac185f413e6fd979a36d0249665c5814e8d0846717eaa,0,1832.292
301e12fe989c83d6a7b7f39e97ce42092ccfd6f48a491a3400f54529a95181fb,1,695.0400000000001
3026c882bd96940bd577501972ade61d881719fbd00df2d76568881c2e8e9b3b,0,746.069
302cba42130363283ffffb45c779bb9efec0f09b05b75d5b980346136ff05f65,0,1903.454
30302b2a5d0d62ef1824a14d004223fc2fe118d0e0e30fc84f07a7449e06f6eb,2,12680.8025
3031c30f79c299c0de6e1c91d814e83e9210ad1eae0e30a2997e741d48def7c2,0,2462.242
303261ba83e529d6c5d6832ab5630c23e596e1837d9d94f69dad3a66e877ef51,2,132.75650000000002
3038788ad80117c8b9faab023a92c2198543e95fd24329e80bb10c98903a3032,0,4828.795999999999
303d4d1d4112411187ead35aac5420c20605feee52a065551d2eece2f6a0c633,0,6277.7175
3048cbb263a2ae35f54830b7e1eef0d32ca7ed8017e067db1650d195936e7da4,0,2853.7725
3049bf3f12dd0abd53f4f66915e1e9408aaf45ac309234a64bf98a42f5b47be1,0,4105.7675
304df00f20f6d481cd6b78b65ee86c190ddf22c8649be509883ab56ae39ebc67,0,1988.1380000000001
30566fc06d9d7b498c6ad5aa055b5470d13d0f5b464069d5813895201a14a1db,2,6359.766
3058d6de1a0f648073a927b2d398a73a88976791093235354cfbac7fc178627a,2,1831.1680000000001
305c2e8fc4e5603ee712895fd1c2bd3dcc7502e1a4014b25e7af185d5940d2b2,0,3018.7780000000002
30603cbfdf039d2856669b05c581c9dfbd2025209734119047ad41dbb5097e2a,2,3729.5415000000003
306deba9f9cc5dd6979f9567c30ccecf608a8de62f716484e9f4c51a82fc2d7a,0,6045.476000000001
306f170ac0b475e720d2ab9c8c308cddd374b505f7327bc56d270bd620bed304,0,3450.166
3070fd6e5817e65a75b16851cd56b62020820fcb88d38e0f164a350d1b0e68f3,2,3958.5355
307904843c2cbf9fb42b94794fde77f39eccb7e18bb4774292e52d72a8df88ea,2,4275.892
307c3fbd9234ec5da57840e3576d68bfb1b98323d75872acf136bd7dcbf4760c,0,57.81
307c884d2aa10c640e1718360a1011ad8fe676a0a7c4f4fdfd766f68cf6a6df7,2,1667.372
3084aa167cc65b4230b125e7a6917bf0d832194128288a4ef9309e1b7175c383,0,3678.9765
308be09be48657888f46e1e21d634cee54eaf293be25886ce17b51f5cc5015f4,2,144.994
309217cd2a26302a5fa4e6d3ac4f31124d3909a82b55013126a48e486aea535b,0,7141.3925
30940e7cc488a3ff32b7bb4257aaf57eacbfe2cfd918c6ebfb979437d07157bb,2,4155.1095000000005
309859a7cd006afa69f237e06af7aecea8243b4a9250a8b6fcfcb6585ded4c1b,0,1494.9485000000002
3098b6276751fbf64a9c54776cce805ef8e6e6b50547658aacfc76065b7a4e88,0,1318.9845000000003
309afdb1856197f1abdf447535662ef36e2cf73f7097844bb5b060333cdbc19b,0,5303.3465
309cd30a1402d4405ce314182f4d106feaf7db86848aad724257160906bb1530,1,7118.274
30ae4372db74c079262d765e58e86c4160896c800d6ad9e4c1ec1031f1a59a8d,0,2429.6710000000003
30b26b8656cd07acd1f1df3c0cc15a65c4888ccdf87e48ee0ffc45c0fb8e3560,0,2282.0185
30b75a5cc26657cb8070cf5ae54553ef365bf48521036876bf43529afc016a88,2,14537.989500000001
30b79afa01f5da3c63b1a9347480590288e645dea0d208f204c1b3dcbcd70b00,2,2353.2455
30b822f6a5a1fffc81430138f294ab27818aa1fc0c134122c8969449db3e61e6,2,3136.3199999999997
30c110e1f27e0d14c0d575419da6bd3e8add3977d3d855a941da64a4e8fec7af,0,1553.145
30c8289ec0d08d1ffeb8f527804f111711c61318c3efedf5612306312da8b80f,2,2664.551
30ca15d7d3d4e4852bde2625ff2ae8594476bf4b38b5b237959447350dfdac00,0,3076.7665
30cb3bf07204f2cf6b970b9430c8c0cf6a44bb877f057a8a43ce2baa975765ce,0,2321.791
30d8cbbe325bb40b220d6a3bd5ceed2a69a922790c165fc9635ea48dc3dcf23a,0,4216.563
30e04dc78727fa918631794b4b839dd0bd11adfc23d619012cc75c4ae2aa748f,2,4049.5765
30e2d227de10d3852501daab03b5aaa3d9d68e89e6aa683b0b6bba9e339c5da7,0,1642.6610000000003
30e399a659e8fc9ba00e8edfdce46a670653409b1c28d1e2b3bb89cf34cbb65a,2,509.4585
30e91b4d9aea5fe95b15f59a9d2632db02e1ebaa838a13eccd50be75005727da,0,1266.7035
30ed26e08fb2e6b41f063526c049803a698c4def49298c726c9817b55bffb50d,0,4828.265
30f65413b91de3a8f677e417dea14ab1dc9cd02d99360ef6376cbb92ef1913c2,0,1674.1770000000001
30f6a9e0bc8f2f00018d5113d20196d47dc98fd7c863049c727b8b67b9f57708,1,2371.5139999999997
30f9c270271b62fc0dc09ed69a34192ed00a1f7727f1a5d4688589a6e5a6a1f7,2,690.3855000000001
30f9f1d40324f7fc86565d2f7f5a83c082e9334bce302f562e20ae96bba12fe2,1,10279.4235
31000b69cc6898462bb05714752ecff59cf8c91ffabd33d66a9de3809bdc79c0,0,3428.6165
310088e8d72a5d7499f78cf785c1d4180cba40733130d8395b8f85a6108c6acb,0,3586.1710000000003
3104a8d97c418601ede20f901c61bd182a0026e1a28400e807cae1a5a94689bf,0,1416.6000000000001
310997239b40b25d0ee7a5d4d2b4965695feeb13f2ff2f11f0debda9e6cabdf2,0,7581.201
31123d9f53aedbc5b8acc7c1ad4146b7b6091b625511247ae9367e1e107ccb68,2,10832.7925
311684b34da27a8eeed169b3f819c7ed87d8b511bed1fe62d717100487e30b57,0,2760.1760000000004
311f9e63ea824a62bcd38c2b6d35f3b6111bdd05584210d4e3eabbe3c33bbf96,2,4152.6359999999995
3129b0b87467706b0d4945399e8de6f16641074aea32a42825acc80cda77bc88,0,14995.744
312a532a4a981f6dcabec7bdf5112156e08b009b7b1395217d957a650e5dad7a,2,3690.9330000000004
31323fe7bf968a4d9746dbebf37bfd4f23172aee4f036d3867cd0ac54aff2295,0,1412.7925
313276b974850e5ae4d31a193f650d92dbb31af5448caa1022c2179e508679f5,2,4505.4775
313455445e49f87a702691292f12bb08e5451e51f9adebc69efe4375d2ccf113,0,4850.7125
3134a13e39b431a5834f97f00d8be29132b41b43888936307919907bf472ab28,2,7239.7675
3135cff553bb5b14d256c40e55de197fe04238dc446aff5999f4939aba13ec4d,0,3000.4080000000004
31419a3c23e66518a718ca1671dd0e7e87d9c0229dbce35973d9aee50d76c9d0,2,2755.6525
3144b3af1c6ec3de9415319b09f193a95172a502c5f104fd498f3b04f14c88bc,0,1767.3575
314fb00960376276f691ceaa8ec4b73129b15679c38e1607cc61f2550a2c5290,0,12714.074
31521f56460ce3124696811929801d5fd27aff961d22cd5b97ffdb60c6bc399e,0,690.5815000000001
3153858cc3f91aed2e0864c78c0a0fe1840700c5d69838e5d1cc5a166936ed91,2,3192.7025
3157343507710b4e0c9c3e3f17b4437a8d882fa7496cb0567bb6cfd6e9d9f5bd,0,1616.7925000000002
31587c2f1bf1a8de499b5a94d08f6d7f87d0c12807897c9604dcadf6a72238ca,0,1367.4305
316a972b47a1bcec5055ba9ec89104c7850d3bfa78081858aa68979bb51547bd,0,1032.087
3178e7b753782384bf30dbef705559d50c12840479b725d1457a7f2d1929de94,0,3541.8869999999997
317c626189d3a0458a7c7e72c5c65f0ee09470e32376325a9f66fe8eebe2e951,0,2078.107
318dd408a186c0290eb8c59d1e13ef2c8cf7949aafb54096959fa992841924ad,0,3079.8935
319079f5f536ddaeef604dd71b6131d8085ce94e01ebce6c296230754666649d,0,8580.208
3196543b897b4f5c9c8608a4f68be0b080ba977fd3fba9717172e7b0d332befa,0,1061.3395
319a31b028cd7b57ee73afd548b7713088ca8d23d90ff06a5de7ce9b3f714cf8,2,8097.320500000001
319da1ee51e2d89b71e6427ffdbca27ebddf4ffc3d6d90f2a281631e0ca5cc95,2,4065.0860000000002
31a87853ab02d46bff00eefc2a824bc96297dbe26c96ed1115887483f0a185ea,2,1784.694
31b22c60e25f73cec5957afd19657ae6f5f5ad63c455eaac4c32b7896681420c,1,5185.3075
31b529afa534e5dccad246f0a7e29eeb669cfa3b135b4882d12074a1618822cf,2,5782.360000000001
31bddd7b41408d601fab41b523e2ef12f0c3e0e4a530565eebcbc9bf1428b604,0,2544.4575
31c50ac851563ec3b75da7e26422ac07155ced7112b8abed6e16ab5e52e7b806,2,6721.3915
31ce327ade56072525ad966dc04e0762b673af27b5e5564873443ed9f4407504,1,4490.2405
31e5c9fc5a48c09f98f39590b1745662ee440891e8e388b57602deac6750d76a,0,6852.1044999999995
31e72ca5717516e342c44a70359141207f2297ae5bc96e210488424a8b75adee,2,35436.22749999999
31e742ac1f57f1ac84a930bf56343cef89f80e9cd426ceee8b7fd94d3c6cfe68,2,5281.174
31ece35b2ea4dbb2c1e277d6c3d48709a66271f603a22c70fb660f0fa2135e40,0,5897.541499999999
31f49bc3ba5bd52f406f073c54eecf0fed0e7e6b5d46ea33540af52ab54cc625,0,3363.2125
31fa4e358a9f58cb186002e120eaab8c6d4d77d0ced7b9226fbe51b1d19f78dc,2,1111.6045
31fa5eabac4ae546cdbcce9b35ba361fc4a2b4eadb3959f0a90141f3dfde1e7d,0,4727.7985
320753437d73dd96ff3afd7e8bc77aecd307ac406500f5cd2b02a392f2185d98,0,459.40950000000004
32137126bcbcb601974bd24cf10cab7aefe54c29d9ecc1ccca630c7f4228ef04,0,2175.426
3214ef4cec82e38505e16a8345e9b50ab5fe62f4a2e0c29f9540eec0bc9afbf0,2,2814.843
321b0cdadd5030171361bdb3a44bf1348e7646d191e992ab9fc480f3e0e61e82,0,875.2265
3222fd2e17b7d3899545385e3d059aa26d3857b48acbaa7f422936f620f8563c,0,2242.2745
32249a6964c587debe6fc0329f5fd6935f63db61f8587ae70cb2a4ab85d8d360,2,2546.7934999999998
3234f32a7fd8093443fbe5364d5c185922667f127f051e4fdf28d52d869a1f61,0,2241.5950000000003
323a49f299ab98436796e176560c010c05909789fc4064c08d9dd86a2b8266c8,2,204.048
32431f58bf2a0a6e4cf33a77b78297bdaa7c79a5c1230a9bb93a3b60ba8e3894,2,1696.726
324605afa347dc584ff75d4b0ccd364fabb2f16a9872f9505439349006f3d928,1,3499.143
3255a08785a5db809edf5b9c3bd7ebdda86736779615dcae03805660db82e93b,2,5273.3885
3255c339a078ed93581ec8e9bbfe4cd3a1793e4650e1059f23e2db2e6bf5e7da,2,6551.1315
3259ec7e3da13d7e6841ee8c51bbf3288a0dbdb7b0e0fc9df3bd08336be24854,1,3048.471
325f846e762bef692b2fb1f0e31d28f961369dcf403793f21acb51be933be9a2,2,4460.3965
32663ba8812d49ff881d80239c2d8750f1fc3ddd97e50300f5acc5310a7b11c1,0,4369.2495
3267d882b35cdd5a952f83ac3228a32d11e8d7af49622c4ecda92f6fe7a8829e,2,8121.1
3269468c1ec948ed181234b4470799695336de21b99cbf32ae4d11296945dbfc,2,2795.4575000000004
327b572a4d84a7356532c230dacdf0fecf3ee6484e97f730b651906467304849,0,141.60899999999998
327fd1300d89141d54a68d02afb3a5de04059f68cbda7d5ee6bc7bbf8aec1248,2,3160.4815
3288404d5dba3c4ff359bdeceb7b8973356bf714d8b8d484dfe53f1f7a2c3a7b,0,4110.587500000001
329177a14adb44b5452ecaac48fc4be580adc3b4778372b80e61db4e599a2c46,1,9035.1455
3293ae4e92b75c91d631844880487ddf016f70afbec6796b00236fccb208286d,0,5929.0905
32ad549f3f6a99d094e7464ae697598ef22302f0c6859df07062699e0c0d61c4,0,2211.6035
32b824ead07ba355468ab66074d2ae80815dc01393f46577602f830b140a0916,0,2756.5339999999997
32bafa877a5f41b0a82eb36ef06107cf4f64826b101d26f7929958d46ff94608,0,8186.748500000001
32be99c1371253e46861254399a24559e3317383d273d8019659c6b661b19ebc,0,1742.75
32c0576aa4cf830ffd2d508c3d8e4c1d2694ddf2399011857e184e3f9676cdda,0,2294.5445
32c2bb75530be14354aaabcfc49611d98cfd86e187951abeeb3a558fcccb59c3,0,2644.424
32cd3e629a2cf2ac09e3b91982509124145690ede3479fbdb7e3bda4766b6f88,0,2179.0055
32d2329f16da3bbd029219a4a26694c9ac659b6ad741ff77c15bc21221e6465d,2,4582.363
32d2499fb85e3e7185ccd55ae757e1c4342f30c43db80b09c9c690c67f4ef114,0,4170.179
32d4edbaada0c5f5d7c8d0cc5e58fd753ca3680babda5cd99fe07156c5c79144,0,8819.121
32d9ffa97972320d647e8b7c43aa6cdd92ce3621d59b9866823dafdf30d0f03f,0,226.10600000000002
32e6ef9763a2b1675562804f0154a176f9de1f019978543cb68380c3c99035a7,0,7777.426
32eb2d133ae14a46ad6e7d0f5dd76cd8cee0dab951845391a673db81cd07613f,2,1881.8805
32ebfeb2b8d9e585368ef23aa16270f3fd672ee5011202d22a68b5d60fb1ac36,1,9961.5325
33013dd0bdeaa9fb8e9c6e0924154b9f7841b5c159f48283de54a4eef42366de,2,4103.442999999999
3304486c4df36513aab8999869d3e2a4c57e0e13f8b3e0f7432870baf80c6209,0,6510.9795
3306914de0d8542ef6c0068675c175cf1637f7b56f8b0015fcad7bcc628a0bec,0,4043.5915
3310c37ff7c94bd2c1ad7b5ee063972e29b7788c884ff3e220793e8a4590b1f2,0,6761.603
33183253a68832681438ed97a5fbb16c2fffe7a29312dc11840907685bdee46a,0,7036.902
33233c1531031ff62eb458a5b80afcf81435f225354db098d076be6791fe66f8,2,824.4495
332fb6df853db5a576ec9ffdd1ce48ecfac6e59f67e9ffab82c5c158a9cac34b,0,3703.7660000000005
332fc1a8c753def2adb68841b4a62ccdaac988f8ee22b06b65e1844f2f5289b2,0,1445.1955
333384aff4a7c4bafaeb4f0910a0f278794b568c1f6cc78395bf4149f175d390,2,3894.7445000000002
333b776e1b271a2c6fb28b58bcf3980f3a094af4ebab4608f037a190887b9c97,2,4504.765
333bb9409832938b1d793a88538014d6b6b2b4d48959f0778d27501d55d7e99d,0,1623.2595
33403ba43a404f92b0e284e468bb090c3feec3249582d094de3b9787a8621d29,2,2101.95
33407f8ab3c744d850019c97acf9479eecd6e13fddb624a176c84d9571aa8611,2,1130.5729999999999
334a18df94f2f6dce06e51096316a2fc7e4ab92cac611677383c14d1702f3104,0,743.8465000000001
3352918593cea02b11de1fe643fadf6c055e031284fe7b0475956f9a2dfd9c05,0,6190.594999999999
33595f7a37add45ec09c1f4e3f3e44cea19ba1414cab7e9e28357955713c67cc,0,3409.3485
3359ec3dafed7ca962fcac61833a7e1c4a5be8b0ca2c075d8af0059add192cf2,0,2664.2699999999995
335bc9cbdc17d1827a42b15e4baa2692a213e6e94fc3ef4e8e4cae22c3316a32,0,4155.152
335cd64fb69916eda70c231b74d74306031019004955d90a2ce7790d8ceab2cb,2,162.21200000000005
33624ef13259878b79fade5ee8662562dd584f819d881259be4e6bf7e5fc1b87,2,6554.652
336264013bfcd76606331ad25b7e0c8e0acffc231d61e28acff532c98448b549,0,1736.6225000000002
33694abcec6f112d9071c7a6d9e0844e49e034fd64a89c5a5dd49891715889e2,0,3956.124
33706df6d70ca5dbb602d3b9c8d15842624c352b7bd934aad86d554e0012f0ed,0,6941.807000000001
33747464ada3da08fd9b54b66c54441ba8bc5897b9bc9c4e3c9877698c1f5f0b,0,3670.1315000000004
3377cd9d0239317afb99dbc1f9c182977f3a296fedb8dddd8fd18dabf961f00a,2,6645.111
3378bdc9ca1988212c1ef037f9567e9efa6ccbc101c1ec1dff4e013c993e520a,2,4942.5715
33805cf884fc0c0ff59608ef3037e644c96bea3b70472c3b8eebd85f0b0029a8,0,370.17100000000005
33917c6c1e10936ded53b11c6d3c6ab8d7957dc1c49afc3c8b6885636990c833,2,7201.979
3393bc8055e0789cb2eb3dead2730d29d3a97bd3f31509efa0ae3cc2ff2d5c03,2,2421.6795
339766809501d7109c4ae72465684f64ebc35fd4797513e679c2f50bd6958997,2,11.129
33996293f75832cfdb1e3a0ba9975f9ae7d13a9228aa346a60a1eafabd8d7224,0,2454.4429999999998
339e774a3131c2644a1632c96531e75ad0d5c42109078feadbee10bcf9abb304,1,1806.48
33a0985ffdec31f75e491c17c2481d351a60ffbc50b25368c2a85720d57a0925,2,3715.737
33a224a695f27705dc8f040d31d91379f98b09a188a51428f8b3af9384c349d4,1,3321.489
33a34068537ca27759d958fe07a6aaa43c87f4563672826bdfbc6a5dbf0bdbbb,2,5342.272
33a87d8770974eec0a2cade3a1908da8258dbed8a8e1da21068c5071391a08bb,2,2873.273
33c932511a9b35dc814fdb5f8e4a4bf7aa2369a2a0fba64b1a7ddbffecf9cbb9,0,3551.563
33caf78546b0b930277102858bdb7445f10d57f68a85329c195f4e6c0c4ad05c,0,3382.002
33cd54869b54f686f7644b1a351cc1dc47aa3a18e0c0d6a8bbf670f284558953,0,1045.367
33d3b34583b1be0c4b18072436df58ba0bbbac02f13baacdbf3d383ce463eb5b,0,4111.8640000000005
33d45b2a5e0e3d419e3140bb9ee525ff03e2ece145741796e4a9ae7837a98cb5,0,4845.1125
33ded7329d4ae31c3c2d2d5bdcce974c90362d9a817e35ebbaf688135d4c63dd,0,5937.068
33e13c4ce1c684459862dc1f4d3a281b6644babe6dc97fc244674903d8fdb796,0,2741.042
33e8e34ff90c7e00b00073f58452005be87ea77d178ac811824ebf19ac3cd0e7,2,2127.6725
33f42d0c08c583cbce5a3a572c7dc5567aba8e92055bf6df6f50bfa51e87e543,0,2461.4605
33fc4a3f1cc9666f1d738b615244d155899a98c03521659a842b0999d47bfd9b,2,4216.106
3407645d394b5bdf6973808432d68958c6de73ed6d50164eab6fb292f2615e7c,0,1346.5615000000003
340772a3f75d9f3caf5094d8f42b5b7bba65d400cb77d9962483252c414b576d,2,1266.459
34093181537e7d105ee09a932b0fc8584359647dc8abef5394c347610b58d278,2,6426.835
3414fe2eac4253152ffdfbf3bbff66d895435fead571280c341a32ef9dbf65cf,2,3060.9190000000003
34176fae6cfc80e57d93e4e312611c8465049badafa1b07c5ec4b802dd031d49,0,3564.2855
3419058185366eac1c77cdc1a2cbc52b83660d7fed3d235feefb518205f9ce4d,0,19331.463499999998
34235a5fbd289c1cd52821b06d8b029ab89c5cd64bfdf0d365985641bc297276,0,11287.0965
34341c66fc56ada0578af5205574186ad3b39f4d11a8bb24f8248a85333e2bc7,0,10622.4545
344452f5a9083eaa508842a64ffeda03869b84ab82321a25f2be68b9ba98a207,0,1498.0230000000001
3446d66635e906d35864140dfb14011fac60ab4f50ec9a104027c8bc4c025da6,2,5544.4205
34476d1ea80e876ae42e28d7a725bc92cc56b7be1ca0d060ea3072d896f4c558,2,36.6075
344853a7079cc51c66a9edb323b28a493284165d3dd1c6f301987973974241ae,2,2290.6389999999997
344bed1938b86b91a00e356dc9dd428e8035373c6d5c027ad81f802c844c8d5d,0,1291.6420000000003
344cb622572c7c52a604cbc5d6cdeaa8081e6ccb2c9f60a658f2c85c27b0ac98,0,5725.2165
344f2ca5aabe543bb4e33f2052021f8afbcf6a0206c00b7ebe21af9cfcf72787,2,593.441
3458a0ae27afa0d2ae2f101450c166affe805e0ffd6c4a02274877090a14e0ea,2,2731.6065000000003
345cd80777f4bdbc65500786cf3ede811a51f6a641ac23f3a8cc95da6f0d811a,2,8954.646999999999
3461a134f82c10f2fda702e2848d0a3665ffc2b5dab6f4d3aec8420b887546bc,2,15.161000000000001
3468113a125ad768b235e906ac7b6fed70bd350b3b0291abf1b8d25c98d8f91c,0,3262.478
346fef7df9943e1a17e99ae672c65ccd21f1ecd08d41af6d7666504e63dca0e6,1,5946.0115000000005
347419fc8e0512a5e82ce84a27207f70ddbc47e47c1381a3bd425eac6ac0aefc,0,2944.218
3478cefbb0fca499636bf3a23fdc6c39491d6fd90948073b39f0af973715dc39,1,5161.189
347b98316dbfb695ff15393815acdedc647e93a97f15fe977b6f0d203d6fbe45,2,8942.569
3487da337a5e6903fe31e83bd2e2912d937d396094bf43e81bdd64708a8d3465,0,2785.1455
348f1364c22002a8fb0da3b73f22e4f80819d6e2cf5ade69792ff109e355142a,0,2944.9970000000003
3495dd5bbb837053714db34c0fad14e71898334495d2bdd7e37cc7a8031f3dcb,0,1503.742
349a93cef163a25789d4a6be20b589018825e82a5dd24d09abd3cd9915496a12,2,1329.1285
349aa657469e646fa19e6e3608f6611f8feae99436f5d1621e7acdf23e9482af,2,5936.373
349e49d0d95eb7d89740e94dca8c5b07fbd8c1dde3834e66403c91172382203b,2,40907.127
34a1f8dedc8039bd7615e4896540e3883d38df95f53f2eee9d16424d77d54c38,0,2984.0005
34ad5433dbf70db8ff753ba6f4a8fa75782cefa4202c69c13d4f823b85424181,2,4374.334500000001
34b4c286b7bf7a7b66c0c6e2dc742bd4b8f8bbcdeb45d1cdf7b428120497cd04,0,8100.809
34b5acd3f8a8979f744aad1974bdf191aaba65fe7a96d670500800bc773a2dcd,0,5652.656
34b5f85ecb556551ff7eef4f1dad9586c2b0aa446f3a49a48d304f5edb2fed1f,0,1794.4505000000001
34c02f34e6e8e9f0893662880058dfd12f4914e08d70c05e1eda624abc7edadd,0,5470.914
34c3c9c2fbf52fded33495a46f92bd377acb806ea12c6ca0e067d893c2fce622,0,8568.546
34c4596edc24c173457512b7e7bb2419c470df37b840f62e162868067d08263a,0,2691.3135
34c877ba2591995794d17994eb10abc807acc791bc54b8ec1af90f080870c950,0,13139.685500000001
34c955056de6906d78c5c174e978fc9c8d63494e73930556851dc55cf9537200,0,1915.7835
34cad722848428c02d33e7d3bfed0c6965a782947fa1b89c992f3542297a1e2a,0,3383.1854999999996
34cb660260fdb831e7703fc80c4552f04ba7b9545ac8f5edf59a8ef172acb90d,2,3020.6460000000006
34cba92976abe346ddf03abc14bcf118fb1f629dbfb75fbf1e487764f6e1656b,0,6071.2535
34d64a87f756805fbbafa20143734b5d5b168f69efb8f751ff40aff069994570,0,549.379
34da400d2f2f168084eaa041d467f88b1ae02b02176dd45023d4e5992a0e4e0f,2,4112.097
34f62eff2b0784a2d7ecc438b3af3c3581fe21becdc9cd635d201e7eae9c57e9,0,1006.6410000000001
350f88b18fda621df71f3e30b69fc29c998da5a80d18c91782d1814b475078b3,2,737.246
35237f69c83b48dde73ba27ee8019856e572c794565aed6c587fbc0ac462034d,2,6237.995000000001
352527fa7d73156d61a43571b10808d06db7d8962e21e880ffa662544fbac2d4,0,2364.4590000000003
3528a364f074a61c0c4651342d3cb189e857799ab1ee90abf1a6b58e337e1ddc,0,821.6899999999999
352bea29bf9afaf8f88ce7fb65b9fbbcb96e87350ebbf4e78ad6a4c913ca5e57,0,2423.682
352df873c88609bf678bac04ce891ae6dcb2afc1521a36b5a5f82188d7c33bb7,0,4545.236000000001
352e52e33ea18b895f709f2295cff054adba44d7ec8b59d076bc13f102d02261,0,3254.6245000000004
352fb9b34f804f6e9757b44f58cc8780c96c6cb76f6c5cdc55f2d75557a61055,0,2125.4094999999998
35350e9517fa3b2e7667984e5e380346f4fce2cd69af45fbb25d48cbdff354f6,0,3996.4384999999997
353a7c1f92abc249140753b803e86d399a4450797516f645cb44b8955b72a4bb,0,328.57200000000006
3547743ace8aac846b9dfa070a4653babef174fec72ae0ca6852e6ed8f1971ee,2,3083.7039999999997
3550451d5724e1d14f0371ba65a1000e919be2743d67ece5ef38adb9f8ba1fbe,2,3305.5255
3555bf9aca9abc1d725e4ec125d1f7cf1a5d88c3f82c59a1ea3fbd4b6f8eb881,0,2386.1535000000003
355caa6ce57e67c4e72060e603153ac172f29c7c9a398f671f39de0b0f082f49,2,9134.6165
355d90c066381cbd1eb6d16b204a9eae816856ff62bb51aa321a668da02e2acd,2,3347.24
3561f7fef20409eecc17a2747ab8a39009cc52b40a44755e76bd05ae95aec1b7,0,2324.8269999999998
356550965ac4fddd04b4fc86884dde1c9df833dd8bc265d0baf1076b1d3de2e6,2,4809.9465
356ea981d6364d8abd51a14555613c35abb209772e1a44d931aec14faab5fbea,0,8753.009
35714483c7fa449a7f5d7555be43439c504bf82137b11df1c2a557d8be32bebc,0,4545.0415
3574432d9f7bbfe24fde7cc56e3c836aa59310f03be4426d94467844ab304e9b,0,1915.0335000000002
35781285498c6c395a38f0d14ac1172ffe52cf62e83098979552d30b24584240,0,3294.3695000000002
357f51372a509e4954b25ccd7d9df0ed2340c86dbb664a71acb4d1e6b3e24f08,0,4063.9449999999997
3580be5e5048a3f14f4159a023bce349b4f99d4185d6594b3dac0df87da8d5f7,0,10696.133
35811e646c1550fbfec9840bbcfbc0eb7ec48696153d196ffb33443dab1b3571,2,2401.4125
35832d6730465ec6b07db33a661f226bf7d5303c2987b44f96a24efd21384ce2,0,3131.7954999999997
3583e6fb6cdfc74a5d3d7af1411c89052bc3374203a5f49da7f86bdfe53432b4,2,21162.9465
35866be02aa92aeeabf2650eb22e29010dbf90012358e0072ede01fc21fe2b28,2,5360.4505
358eb7bc11c964bf9cc70f70ca9ba8b2353581e9c98834f17d7f06ea22266211,2,3382.6445000000003
3594544d33708149ca9848931b6ef026918c061d608ab322bfd1d7b9a79015b1,0,2961.1004999999996
359cc1f29b6c9da1b496f686bb39e259b204608cb59add116e405ffcb1ab4a31,2,1273.5320000000002
35a728687da6ba2464788742307fc847843c75c3f92d0159802825942f54e99c,0,2596.9030000000002
35a97b6568264948de34ba2b8b97700b6e9911d576c442641353e0c7fb273ad4,0,6864.369000000001
35b7fb85a9d823c1902c4d3463703b05c18c9575e4f31d827302b9d35520f522,0,5259.205
35bd445389cef2b09bdb9a7f290f3a599f85878a6a61a1460777052236916efd,0,8560.715499999998
35c058dea3e5e36bcfedaf742db108fdc92b9b28f4607df01f2540ad36ca5e6d,2,575.5
35c2c170d969bbdcea59e7d7d233a23d98471ccbfa30d89a5fedc0891f05f51e,2,3230.754
35cb5e01bf1046d441b47eaeeee8a34785b55170a778a85a968e1f81cbe2a5cd,2,3744.789
35ccb2c357033f5fb91068abe4fe7af866da5738b95f23b50364d068df92305a,2,1011.3525000000001
35cd11e0b5b63b87f7d923ec481079aadb74e7ae49d7bd80dfccc356ff52b72c,2,945.5089999999999
35d64b391d0249d5c8811cf30bd0878ef801fdf7e114b6bc2fda74522bb2be61,2,816.8105
35e3918137d085f7bfb064d73cb5ab51b50b98820613d797e3142e189f5d2e1f,2,2172.6704999999997
35e3934f84a4521ea65ba61e40bc6e4c5fabf5edf5aa7e3ff70e7eaf42005c66,1,16709.2615
35ea9e0f8fd39188b2956e781a413038fcb194a176eac98d50269f39f442d991,0,4554.6465
35efd7b3768e77ebda557ca56c4acb5732f40a41e424398dbab292422e10ffae,1,16489.321
35f05a1680d442d95da7596ae29261f94a4cbb29f2a10d1b1d3571a5e00a186d,0,443.83650000000006
35f0eb260924c1e85d4e394bb54bbfa6937f49011d0f0163a54333916e335005,0,4037.34
35f13330a02d15973173cee394d8d37f2e7bdee6ec35603e9be7d2f0d55badb0,2,5816.401
35f762179246a157fae1290c93347711c4c4ca15f0f0df241d824e365cae5e7f,2,6490.4755000000005
35fcd596d43802a91b2d95a4f22bc944ed017c2787dbd50eec40443de0b1578d,0,4395.7955
35fd4d0aadcf0a9aee09da374691dbc75697eaee1a77f48c3ed82928ff76ef67,2,8293.155999999999
3601b0d4aa0ee7e783d32b3df2cfd7846d3b6b8b642a6dc1759314bce9a79f34,1,5611.870499999999
3601d5458639db0cf4fb8c0c3761819aa36ca1049d5ae16218564771692aece4,0,1284.8315
3612847808837c189345a9c29e948bd46e341950a5bd370ba27611baaaa5fa6b,0,11266.0175
361813b1eb463efb6acfbf707925e68dccb59ce661930f819465463fb092cd66,0,8673.788
361b56a0ca31b3b1453adc4848bc60cad115d05352a4675c740934fd8a240992,0,3065.2530000000006
3621e9e97c9e4bd60580818793d0a9e68c6779eaf6879275b192f2f9612d3e74,0,3990.118
362694436294658705713695aad353f3c738b0b5b17356ab51cf352b742569c5,2,1880.9679999999998
362a2ae931bb2e937b1bc48313afd56fca621ba7c522d5a4823ba63263ec3877,0,3568.1135
362e3b3f94f4184ed096464be4bdcad244f36e4e6757e7b5387508fc748c9bd9,0,1908.631
3634a72b1dfa708fef664683dd77affb6b97bd6bcb9ab63a0279da07f06a9e34,0,2098.3815
363602ba0f8d49ec43782d5a23d7d33a121d1db8c38ed9d66273d41aad121fd3,2,6105.339
363a8c57d4cb531ed5f0b0568d06a01a1fc504cc5e2b6d89d05750217b1d4e82,2,9420.1515
3643eecb53958b9577379687c2677cba26548764414c35dc587b70070149cb48,0,5049.8060000000005
36508045dd59a39cedad08b34b463ba65ebedbacbd4e2e55b9d63f030b8d9214,0,8769.5985
36571dd72c4a9c5d5d7374ad83375bb3a16e6eadba4a3a4fcd5870053fe9098c,0,7727.6565
365c66ac449f54425b6bc7a1ddb68e77de7cb1bdb8a7a85de0d7649421a4d6c4,0,4988.0650000000005
365d49e24fca1312818e1def0f942a4e481a4ae0f40478d7785dbfd4cbe34c57,0,1235.2345
3666f3d0f7b5ad2ce32e404d6fdb87e61eb140a329a9df388aaff1c0f061cda2,2,880.6875
366979059ba0267889c2733b12d00e28cee1a970766b6cf04a7d3d8e9f12a686,2,8616.606
366a82e8d1c78ddb3a7477d18b2ace8f2bed5f0423eefc02320e4054509a1c59,0,1392.9845
366e5965599501df689be1f0a48ad87525a19f55feb0df3b2064f2b2948a9a0c,0,3017.213
36703336b76e3587bb3e3192bb69b6641e808ab5048137861bde68c7cc8e3ca9,2,4010.331
36709d61cf2d830e1ea6803e631f5d72517e1d9ebd9f434b97a100467558e8ed,0,2575.30375
367203ed49fa6e87459627b8f08991cb47fb54050393a3cb2e61241fd19375a0,2,5778.344999999999
367e2e801b7cb9e53e77f2d4c3e8c264137e83661e7fdb98ec65b49404537b41,0,10225.9285
368011523c5871eda2bcda7e7762b84ff181d7ef8ef9e129e860a997794013ec,2,4764.173
3692306948335dc81a5a31eae5a0e60601721c4fa8795cb5e73b8919632d5f03,1,1636.5
36965bfa31461a29c35be309a4b3dd46a3299592a431bdc97970c6b2ecda6986,2,53.74300000000001
369c891dd603aace6d70c295bf850ff7127cb22ea660a14c04e19697c4b2ee42,2,5198.3009999999995
369c8aef9c8e836a6c9c9afd69b8666102caa8f6f16d4257216fee5f1fb65890,1,7030.3265
369f2814983d1f05e3100375644e570652a9ad6d813c908386847cfb25324558,2,106.37450000000001
36a49e6bb1a0fbbaf4f7f7ef41c637b6d242785b2f4af1788464947478ceaf77,0,3726.2055000000005
36ab09f0d98ae82fa83d992df88571c469ba4e49c11a42e7c63ca74312d9f1bd,0,1266.1835
36ac5a160b79016aa97a639ae1cfbb37fc6ea8dc3a2304c93ac5dd90fa3453d5,2,5332.255
36b0012049443863aa3061600bc578d64b24a0ba422308235ffaee4262ed9cfe,0,7020.489
36b326ba88a965816b7b92dc28d50546c6d67c26b61861366f878d1668cd61ae,2,1474.0794999999998
36b8aac88c42d874d5493b63a985493d22e24bb0e070276d5bdf62c30d5bd43d,0,19512.5365
36bc73602485455e242980ac83b98733724be629585f6862599feaa5aee9c95b,2,5710.835000000001
36bfefcd3744be345dea9b8d07116a6f7cae49be64b475cea9c4a76dcbf2c5b0,2,6869.085999999999
36c450041878518f063f6b290eba1b25f76ee42b782063f016a955de2599cbe6,2,2275.8905
36cf91fd9c9a0a1061416a34ff4536ea67877ebb8555570edea84f90f7aedaa4,0,941.5685
36d6968225bdbc46661c8929a5fd3dd7f517600c58977ae6df294c3d362328d4,0,4631.706
36e1305d86d31b142ec6ca77e0e7f32b8404e1af8ce450c16d9c6ae3cb47a5a2,1,19162.9985
36f5c9f6549f6a9643b978e5a488765c199dfdca09f4ce07e636323e3f663d3b,0,4937.232
36f97c1324e6d7580233dcfa1e052abedb95bb6374ebd9f669fd6072f82dd1a2,2,1857.4874999999997
370bcca8009a2d5d990d8f57d79695601a9e3ba43cfe56efd050918ef776f1ff,0,2255.4535
370ef15069dbcf2da5e4e7c7007bc3bfbf182a2ebfee94cdab0f4345c70072e8,2,3895.7355
371115206d37265157d18303fb8fc49458e731b8b035e158e547a0f4fb6255c5,2,2502.7955
37159f5b95c010bd81c3585fad55d51a4a82f33ed3622d3ecb8bd22aa977863a,0,1522.0204999999999
371668fefb053080d5c8622ae8d67bd73f97123283661ee86277273eca69987d,0,1848.288
371672b05bf0435f4013cd1957793126361fc64ab66917972e75967eea4e4414,2,511.4820000000001
3716c010abb24558fa5bc76b4b1bc3deaed6f3dcb8ddcf9c394b81de274e98e4,0,5260.359
37176a32aaa66048b0ca4c41440754ce1c8ad9d143be9d9269b82b07657779f0,0,1912.4515000000001
372459cd8f6cec2a069ca6d56c6b12950fcc830cc3d16c3e3b96de5349e52339,2,6600.69
3729ac7a1536d0f6d992b56e15cd3d9879ebfed8cd4ba0c0335c9b7d038a8854,0,9542.65
372f0fcd2a7295705905bd1cc0227dc9726daa63dcbcdf4e5dc2afe0e5bc0614,0,3462.2125
374059a43b6fae54476518628169d1416c6a7150fe6c064814ebe2767a114487,0,1982.8325
375f53aebba874b48efa8607b6c9a06f3a073db9de1b989786abedd667788af0,2,4051.96
37727c94703bcd84602e321b75b92bbfb9891443d2dc4d81a7e166bcc068a198,0,3766.2709999999997
377289d90d0a9c1af3c6e46a3dfe3687c544e32bbab9f718836bbe5898e03116,1,0.8160000000000001
3776093a512163de27ee16234e767e6d15804ba9c65c28f3d1ac4956fb766c11,0,2926.3775
3788f2e7d3350d099f813ba259c5dbdada655d18d34481bcb91da98bfdf5f3fe,0,8911.3745
378f89575be9f25884eade72817c1013f622efcc3de345cf9a033d0af06fb4d1,2,4472.606
379234e971edd746cb8d35006ebd968b2efa068594bc25ca3707a73548784727,0,4066.3025000000007
37933f8ba661a10f1ca65c94d24d721b2271672797b3f00b116e07f8a96ed665,0,535.321
3798920f9a79c11cf346e56bca246a126503e7ad3b1dd0156a91a8c95de1d367,2,2995.2774999999997
37ab997840dfe3949b06ebce6dc6b9dded5c311fe6d19d6a84572744df365a47,0,10713.613
37ad4f83c7d45f5647ce2895d33f443b1be321a948e75e486f3f6e5b33fa4a76,1,8752.5765
37b0b7d1e4f104dd35be31e9af8e1422bbd12b759a25bdd9aa4bee62ce1dde38,2,8289.9665
37b15630e2f39ced391fb5f421c65b28e19c70f689539c797824afe6da2af6cf,0,2809.6130000000003
37d5342625fb43ca9505edc6bb74ae89dfda947040f702acdbc28f26880bd945,0,2685.5536666666667
37dbea233835d38974b631fbaa0b15a00b7d0835891d397ed8cd236ec160b53a,2,3133.0685000000003
37e3c4dc79958fbc6f6d21cdc7f6781288acf7879ba4fca06bf9dc778bf05661,0,2185.6400000000003
37e3f2121f64fcbc13848bd64f9114b51a36884440984a7f16ef3490f6c368a7,2,6822.914500000001
37e606694dd3c1017376954ba765df19d4f155c2b5562694fc2786465f09125d,2,1376.9524999999996
37ea4ce52005ec9572ac2d9f18f4ecf3f07150224c8ea6b14adf56e6b4030888,0,6925.6695
37fcec8767e276a4ef99aefa7a8a9620706dc2c5fcb5bdadfa4b2d73a636da1f,0,2242.979
37fd3dd482b8be60d89e5b15a062e41fefbcf03935c6116eb25baa9bc8657a69,2,6108.356000000001
380ebbb70f5933eb58fd5686041331c4db3453b3ff0e12adb6f4dcb3f816d12b,1,17606.881
3815f15a4104e8cb2beef3fa8d656751c981043d924525591bea33236d31f2a8,0,2005.036
381db505a197dee86232ae24d2967add9b21956f59fe7c1a77b2cf341e34a6d1,0,2332.5465000000004
382722e53b382690ef1b2418920404fe8082aa0d4a6fcc5de2b58ddad7eba082,2,10401.093
3827823257f2ccc34abb6f78acda67b6ce98d547a5223326b9f835a699087d07,2,1812.3519999999999
382e8ac9ae460d17079d1057a07916eb047d7d491eb18f08ffd63de8027191cb,0,3935.0645000000004
38387a4301685454c1588766817d16a8163bd5ea4a7491d86bf8cf4f91831e9d,2,5058.088000000001
3840d7f94d3a3cf5b757246f4ab7342d0d72ea45594936ba3b944a8194b89e45,2,1216.6095
384202c1dfc56b1ff75c05060fbc3fbde6a1c6a2d3982db75f1f1ee83d278430,0,506.3155
384345aa760d6a6db178b628846bc8e3ce156956784bf248a619b5be9c18c864,0,2220.9355000000005
3845a7c5cbe81b9f4853abd68b2fdf71bbdc332294243ca95d26d2074152990e,2,4089.6679999999997
384b1cf2f3f4734291c938646698b5ec907648858b68f7d2b28fd2cbe8cad745,2,4979.691500000001
3851276e56d9616c06f649682728c010ade42a570c3b0b49a6e7770e2e62561d,2,1353.4375
38572add1d7b921e74c17752abc4c89500b44c0d26b4beb86f6fd4afa0f14544,2,3536.8759999999997
3857cc24f8c050e8393b49b3e17e74a0c4921bb2c8dae59a6d2d0f20a25b9f39,2,3348.857
38745c0e2f4c948b36bb4dbe3fd90e4b379248f903df6cc36161387ae3e360bb,0,2743.834
38753468efde24cdc962bfd81a72a9db75d2149afd634aa54caf64d4cad96c99,0,1881.4589999999998
387c7fa41b6b6b5b8a9c109355984e0a227ff64ec10c67e013ad08913974f7e0,2,3168.5635
387e2e31626ca56deb06912678db73ad92b7582e7ed5c5a1c75ff7b293aee413,0,4030.4435000000003
3882a9c450cc2436e134491c43abf21baa1f6d29eb9128122c01e3e04fdc5338,0,1182.3665
3882aa6da0501320d27a04fa8c409bcbdd4c17fee024e4e2717cbc0ec6a59e6e,1,21189.077
3894a2dab89d963fa953809d791418c0d65213404b996439af99174cd4c41f93,2,938.24
38a04504a68499291514c8e3fd71679589110ec309e0af5e14812b26b554c77b,2,4974.67
38a21c03d2a1627c37ffd7d96366cc1935f026e2ed6fe5b5850497ff89d634e2,0,2517.407
38a6d0ea71c8c511da955e3f623ccf9d16c8c2176401e9339a5c8a3112ee25fe,1,1077.1095
38bc2500f00fd46a62bffa838e146005bc5a0eb623ef8ea08d782d9feda51983,2,6310.118999999999
38c8db8b0933ad908bbe863e71ff71a8de5a6bc16882f9bcda6dc509c210004b,2,3832.8015
38cc6fc9ba3bcdb56a27f8d537f88a83017bef8956fcf624582f7d4fe2953aeb,0,475.54300000000006
38cdcb38507d756005be9f494fedcda9caf68263cd419d37754901fdecfb4684,0,5942.995
38d2adbc6b396dd53ee89690dd7bc5bae953b395af82106e8bcf814a76dc042b,0,5688.1885
38ddf68a346c08cc73c76a0d6d74dc4e3f8102176a300aa6c8c6eb38ac312b54,0,9353.2965
38e13aa23acbcb61e7e2505773f0492ae5169edf1ad468bc83e02086e412ace4,0,3066.0115
38e3343d97900c3b13ad41093d73be4e60db36bb7dfd165bbf8a706ac4250dbb,2,4507.1615
38e715749693a60bd0b0efb15b96d6190dd7289ce1e802fad25963c3285d451a,0,5005.535
38ee9be6f51132abfc0e84b97e9f43c5c5a9d01d30f1491bbecc9544865d4399,0,3689.9049999999997
38f09d8a8cffd6571712cf4a2860ff13a2f92f74ad6bf08e3c73222fd29693ad,2,340.9635
38f0f001a17d401e64ff8bcbf43c2a95222bf1cd8dcb3d77e27790d97c47ef1b,1,4750.647
38f2e9de903d5a169aae247d5b40348a7c627a095d6754554de8d034568e8d1f,2,7510.981000000001
38f3b8320fbffa5496021a2831880a3a00cad3cbfdea0450ef07ee0e772bc0d8,0,11942.923
38fa06d3c6bc5c87d73cf5221aac3039cc66c6bb7bc8fb2ab6fbf3d07b80804c,2,10788.789
390e9ea07f81548b51694456472d083464bad32637b9e5b85e188ead1bebd281,0,3109.0665
3912d9be5a82999453f99826e6a4ae719683766bfe66459f295b7a3114ad56c8,0,2259.3360000000002
3915b513f235f6aa5142feaa96cafa0019461d8ec37fa143d0ecffac67070d61,2,146.501
3917566e5d9b5ee555d5072464a062ca9efa895d7d847fed6c6339b7b9f68362,0,5534.017999999999
3918e6327a534b1109466dc88dfeda84a4ea5f91d68bd82eec9166a60f40386a,0,5050.254999999999
391a0e6c39272c9c746d3e39f3994fc6a806cf30a198dda04248158ec38bf123,2,10637.8085
391bbe9b7bf93d5bbd37cddb27e56b247eab1882f20e47d7db3023e159cb9549,2,4846.049999999999
391d257b26ba7217c207cd670d9a36bb8d0e4b2402fc8538f10b490438f23d89,2,2714.4825
3927384caf150eda0c2250e8227e927b5befd717b265072c407c20104584a519,0,6733.033
392fc744336c42d1c08ec704b7605b241f5247a808c3c39b6c0c6bc8e468a27e,2,4645.799999999999
392fd1aa2051ef146a764c140ce1cae495860dcc4c84f2a6ea38fb946cbf8933,2,5271.4385
393732318798c5faed54abe0f7cbeb1203e2e9af249a8ccef588c21cb8162469,0,560.6575
393a781e07ad35674a728c4fb9efd39127466653685fb7d7660f4de4d2bda286,0,5138.965
394b6b07e7b3b44e6de7cebef2a08ecedd57c3ee88c2da2f768358158bcdbd38,0,4593.322
394c653ec7b257eb3d0da4fd391c311ef0c65d33d960eca751d35323f5c178b5,0,975.656
39530acd86e5e1b59459b078ac5d57e1a7f220df1dc3381a5d1c36ed25397c05,1,2080.056
3965d946a777c003f5d7eaea3302c7bd88d0cfa3cbb58c499a6950b382f7f7e2,0,4118.097
39683bba3df30171ba38b036d05dba96ef1cb47674cab4f6432746601a3d11bb,0,5778.525
396a2886bbdd53b974c3a2d9bd17ae63f109730f98f74bd219d52bc9aaff6a32,0,4602.389499999999
396d4a6c134c173259afaa71216c0a889b6b7372d57487a35bc572bb5c4956bc,0,119.07249999999999
39716cd853dc9f97927230689dfe877635280c208068b15f8f345ca0a1ef9051,1,18448.371
39741d19bee64d2c3cd2de1d07832c516c1c6ccbe425b0cef14e67e38d797b63,0,1061.364
398894ff290da26b08ca1e1ef20a51664c647cd9483c56ef07673dbcec5303a5,0,1462.4885000000002
3989c3d0e687b833e9a284a1298e2942de607f1305b38575228ba57b697a10cc,0,1592.0785
398c0a195ab6a302c89aadf91a6a7e7e21a142e80092dfbe77b79b9d0094d5cf,2,1404.836
399c2d32376cc23fef6ea5c960796683394bf8ec2357f4ff568578c728ed2934,0,9135.657500000001
39b61d9b942a71a24eae8865d910fb68650474d12cb1935eadf801358dc611ee,0,4617.224
39beeeed2ae8a8e5e9ddcc9c2389a33611fbab0f1e3fddb1a632837c358b8998,0,3085.7885
39c7c5514a424a4fb9f7c1d6d23c0b9a8351f6c1739e961378bd69fc6abb316d,0,5005.022000000001
39d9cc5864568b151730efbd87a797ecef1aa8db2bcb438c6cfffcf0c758d5a2,0,1476.309
39da1cb624c1fe024a94e233f35a96b5912d4e3d2c698852a2f55832652ee26f,2,4675.700500000001
39daabee1b5b6e618154edb45423aa3b9690b3ec8a642b3028fa9db096fb468e,1,8948.83535
39dc5f2062d25a270b8a9ad31039263acf3be3b995f08b1c91da0bfefd23205d,2,4550.442
39ddb97a0f17f88317790786cac4fcb484a4b61b4eabbdd4597be404a808711e,0,987.0670000000001
39e1715af00e12e1e37628951810174c89b09b2c9cb94978659e40a887f8dba5,2,1633.6315
39f5b694d92d8d84996c6527dad16835ade0dc61924788d65ac656c9863c63c3,0,9541.3695
39f6cc4fb71a8e0da0d695cbee1d6b5d25d7d409649ce33b7da8f30a7a173e40,1,6922.904500000001
39f94170439599b5cd2f01a36250d408050229a6c602533743a93c657820a724,2,6432.392
39f986c05bd4ad6519b5bece866b9918e17e6e493a63a326b7dfb2ba64f10204,0,1613.3485
39fd21312f60719bdc75f2a15bbb592936a51b0f0fb24ae33c69261efd065836,0,3032.206
3a03b7d9cd0dd6a2e241b5e20993d260ece14b8421314cc271ca2435defdc2a0,0,7207.42
3a05d09626495e214edfbd5f46ceb663e78d8e618e479bd8ef11f488ad841fbf,1,15734.787
3a0bad53ce6e20e31dce7262083c0f770eec621780f44fb8116f11b15962015d,0,3381.327
3a0d1d2d8d9be68025e925198f91568b8d6b97b5f9eb4226b79c20f19ec2739f,0,3064.8981666666664
3a1897da8e24168b561b7abd76ae400c88a6948c104a1300dcc76342299c8b7f,2,2289.326
3a22d890db864fca9c901785a8b0c890a3046ed832de083efd02d40bbece2d96,2,4699.949500000001
3a2424f43d8dbed99f3318118865113298adf13216454de341c21b9c494449b1,0,5113.054
3a27285063e8aa5d8a6aedbe3446b8578688b08d4f6f9308af92f615213d7a4b,0,10691.7165
3a27c57fa060c8badc6391f33e148347f5a0d519eb12a8712eed13535a785bc5,2,1650.5425000000002
3a393f6af678ef73a7cd78124020d5924ca64796d9ba49cbb3b6a0ddc9fb2fad,2,61.614000000000004
3a435ba27bf755caaf927f723fd74c7f91eff69c9f57147c506830b04571a093,2,1004.7515000000001
3a4be0d315e734d53294d171ed73359ca43058a6250806cf3dcdca8371b36270,0,1157.0125
3a4da0ebd0f23bc22d05051aba7770c5399894b013fa461a829e22e2cf41a727,0,3855.306
3a56e14d112a917a62f881da92da540eb0e88303338614e78458443a30d25d62,2,8694.4095
3a58cdc82521f2fbb00254f6f9ae37a2c1049bdac74f865f2d62b83b044b29b5,2,93.70700000000001
3a657c5a5203bbc4c9c23a541bf024279a764151afe7fac529cb777453531734,1,1909.8475
3a693970aa30b44929d465a1401936fe768aaebe1154c66738ee9120a86864ac,0,3661.132
3a6a3d0d734dbdd9ba088cce19e60eba28c0630384208c0058c7d25e26a3f962,2,1138.504
3a6af40599763de6c3b56cfb1caf1f561d40bdcc8f29c50a7fbf74e7966d7d3f,1,753.485
3a6cc95e479516b2a56ebbab075356171562e4f2a90a5d6e81e044b4e9efedb3,0,4058.1895
3a73dd864e63b1dd322f04a2279dabb7569579faa9c24f945f993a1936676167,0,2903.2385
3a792c81f3716b2585e1bb6b23e5299c55098a2f3b16f7f87c15c1a618139645,1,9172.8985
3a8328e1af379dcf6abbd3a63a2231b3cf31c168c1581140d1b417840d9e918f,2,3560.6445
3a8fd860a1ad66ebab7cf746753628bc34e51982016a18aca2ef91ab88607a18,0,2680.2325
3a91b3d297ee597fe412ed2c7bdb9088ec25a9c8f17f2228b6f4f3219219a85e,2,6845.3195
3a94b95c98af06f45c3fdf811d0f2625116df4a06efc650e9d28044becf61c0e,0,4310.494
3a9a2584c959ffb346c668c884e49eac08befbfc82f038605c3b4a2801646f05,0,3276.718
3a9c097457624203aeb1844e7c11b64b66f7859417062467a45810fc77c39f6c,0,1003.736
3aa485ba9bca9127fefb4fec7063f7dd2e0888637fc4daaba097f70eacba3e7d,0,3792.3995
3aa7c836f7c5cc9e04d6f8ec7c1c2bbc144022722cca160b9733cdc7a8168ed4,2,4350.002
3ab2297b13367646b792bc0499321aedfc70d17bda763d89d45e40e1cedc2ef9,0,7467.661
3ab6475f19642ccd45851b79fca6be04922f700026c1d6ae42156303fea4cec3,0,361.2685000000001
3abc0665017c521e3a2e685cddc3f8cdcaef731e29069cb8877855f2366e3b6c,2,4588.101500000001
3ac4914090fe175081f3144831418465c9fb259b15ba16648679ec390e4faec7,2,1886.5334999999998
3ac5c8e895440013c7b694f08347c868555b7101323d409abd9794ffe9b72d3e,0,6243.179
3acad20a08549bd3e35689ab18cd4e71770dfe4b2736e6316e6c44165e855971,0,3132.6169999999997
3acb103f93880f020a7dabdbddb9878e346d836be5cc861ad1b4ce0cf9ea636e,0,3359.9705000000004
3ada1a647bfabdfde9cc5d465854848d45c53a84d2343e265f78f21d337ac055,0,2292.2980000000002
3adabc967a73180fbf043deaaa343371216f1cd3136811d7e9e67d78548ba69a,2,1360.305
3aeb03f9b13d0928d5ee9fb4ed8f7803b789472661b3817838365f7dd5eabc85,0,3433.1105
3af77bb8164ed1f6c54aa1527a01821d2308eee3bd093d4bfdbb279b7d750e20,2,1507.5520000000001
3b061721e32c803168368926c9917be44f0df66bbab21749ac211ffb25d949e1,0,5828.499000000001
3b0f22d35e4cc6cc6318b52115b83f46cf76ecd087c3f4c7d6cf14771b9fb44f,0,2164.626
3b132b6f97c43cd044aaf1d24cabf50a58fb98b2d54f2e79267c8a69fc199eac,2,1860.6465
3b15279641c2653d68a10d55f56150515d24c7cfb910b2a5c89723ca352f97ae,2,22.081000000000003
3b1f79ef776393ce105e92fb3d8836674881367ff8e4b5fa3338372f4d616731,0,4731.034
3b20eeff55b4f2c993004ba8a124b1586f31b82353970137c69b8fba982226df,0,5959.9235
3b28fed73601d077fc6e58a563ec40a3ceeb147ea97a2e9cfa7a46b3616bda2f,2,3436.249
3b2b22f04d2ae2e1735e2dc700014c5a9fd77c7c820f3ee4a4ece28f7aa51791,0,2774.855
3b2d8ca47e620a6970356951723e6446323658f6e5460cdcddf2ccc538428c42,1,16373.534500000002
3b2decc95e6179b84aee52d322f7e4f077a0dcb39403a1ad874c0ad11787dd22,0,2639.0275
3b349f04b712ab04e6a4bc96c84303420b3edea653f1bd22fdb4daeffa3ab4a6,2,7229.235500000001
3b4332193e66c1ca7a4827d7d6d0952a901d023246c5ccf46c537786399e8590,2,26.524
3b560f74563f2465cae868d3e2e6c1c0b779c2ba0be58a31560b9d529146862b,0,6820.8385
3b5d679235a073f93ec68c6e57aeda8fbef8d9fe60c1c138f2d7be049aa28865,2,2579.5265
3b6012c0ebe18d467a3b91ddf2b15bc7fdd9b171171b8c96fa7a31c6594fa795,2,5762.262
3b61dbe1acb1827264e8806870db672f5ad08feb7e8720208f2f6968ba353592,0,1086.9175
3b62618d05133e98848bc459f8b86b30503b1dde1786f52341c3a96585e73420,0,1577.673
3b6a89e3eced4a9541b9ca570f0e07b6f2e6ad354e20a0550ff6356aaa837c9e,1,9350.307
3b6b934dc9c26f50429710c186047be2a4d6cc1ff42df5c0385fb6b6ce572efe,2,2488.1859999999997
3b6e61b43420434031c0391b52b7df42506e5c787b99cb8230379df290e81013,2,4679.2315
3b71707954dc962ab68fe44fa46b62d9a9b5348ce457bfa596e65d6b08e711a8,0,10129.932999999999
3b79a3170d071f4bbcc8d5490811e979870a02b727aedfce6ffafac85c8604c0,0,3286.8999999999996
3b7e8d443e2438bc2487700bc1a16db486c7dc777e9a050833a3679404777ea8,2,2857.364
3b7e990b456f6ac097cc465ba57ea719d3c293c9de77238df32c1b5babddc783,2,21719.0735
3b82d19089c44e42f559a6b3944548cf2862c782fd1c3d591290e6cc9c99878c,0,8299.997
3b8aa59f4993cf9edda8c19654c62ea0d4327c703a6f2e400b8e37cc921db97f,2,6293.5195
3b92d90bd8eb6568af38f389aebf8575bf6de9e99efcf595c35053b55ac151d1,0,2384.3720000000003
3b96c40a5826c398dd2825ac2507a85e21fd20e462f74cbab3b9c533ec4d1a71,0,2514.7145000000005
3b9f91ae0572b5f61ba1ccfdcaabc15b888919bf4418ec1e4df84566a0ad1788,2,2598.3465
3ba0306e12a30866ae7c6648903e43ad7a473c37b7c1d3f325db5488b577047e,2,5827.2455
3ba39a93e651985be4ae9fe7dbccdc7e99052fd9c7bc4d4e6cafd1792b8e23e3,1,13940.181499999999
3ba553ef8f35b4abe8553545671f532f814d04b99fff477fcfabc210d07c1125,2,3363.46
3bac407f08bf3cb908d09e52994d27a9951041be5cd36e38cfa34c409e776849,0,15618.2025
3bb08c8f7c1503f84f512bd21d8f62e8d6c30a70ae763f5e05b6e98ae381cbbd,0,4649.2995
3bb40e1b9acba900bab842f5ef9751aa8d94cd7a1e0ee50921105964797546f0,2,5943.403499999999
3bba079c3b42bd06adf82b16f85d4d1e0474d3a8f16f37ee1363a021fcf1a0fc,0,982.5889999999999
3bbc8bb2d8306d5c781b7be0c9ad1ed9579c032483da5e5dfb8e5833564ef335,0,1835.98075
3bbd7ac90db4964c15a2ea69458a66c55bcdd725cc51c489624d38f9fd888a5d,0,3015.9629999999997
3bbe93b42681dc34b9f83bac1fe7a8c4c14f4a3269f77291e33be1bc6f02f4ff,2,3600.203
3bbf6d98e337fc15f83c1cb5ce9a06e450c1f948f1af6f76c397e3592958b383,0,4014.1760000000004
3bbf7d29d75d72f246a05b5acd6dfb442ad6d6c8512f6acff6e9a2748acd0797,0,3573.515
3bc0bc6a12afe209843964a30fcd3e814cdbcf5b47c4b084ab3978543af071df,2,2424.9709999999995
3bc366b47621e91b005950e845636b2baf4a83e01115450954147b64cd40fa6e,0,1784.194
3bc3e10c89ea8a41eefcbba8b6ee7f55c0ecea409632c94f09dfae629645696f,2,5157.693
3bc90568a2706556b23fb28170b818e345f52659d7aa8579916c7edf0f6aac73,2,5139.4245
3bd8cd0506b37f2b579bd2405936f430628ddf36432a50649f8a63a9ee669af7,2,961.093
3be8ab9558ccec83560dd9dee124c1b2020c527c2bcc773f02717cb3e073a388,2,7616.062
3bf49a65c1d4c8cd1c48bc96e505c99ae718e4a36fd46b7afe9377bb508d5442,2,1331.6005
3bf7d2786ac5f75f8c40f6b390e0862e61124fb5e6ff295456a4abe78482f7db,2,627.762
3c0452563ef59d037b8b46492dbae4dad18655c5c9f5862fabe888be2dd33c18,0,2688.2709999999997
3c280982db53b7ef0071339502727ab6dd54d454370cd6f2c790353e09fba52c,0,1909.426
3c385a1c5686c644de78741ace14cd10d9d30518b772f81fb72777e81d614349,2,6430.501499999999
3c420972a0e0da7ece9d4d4ff796e196345f41cf11bf502688628783d770e88a,2,10781.393
3c46db8a48e53387cc1da10de48250d734480d4144f027e93f4446ed88fc7b4d,2,4770.031499999999
3c5077879258aa9efb3f16dd2d721f89bd9da3f1e0bac44000d52d8f1b0dadf9,0,3867.1535
3c53d28fb1ef36859d6d8bf08b1987c75c2851ffddfa8fa34567c4a061c0ecd8,2,5643.893
3c5fe1391067fc523e4a123ef9d534cd45950bdb867fbd99aeb91f0c1806f997,2,963.2075000000001
3c65183f31963f9c570aa47aa41136ed2907ab28b999b961a4d19b2438397431,2,4949.875999999999
3c690d9a7fea8eed8124b44e973c03ebe3cf293a808bf0f436d0eb884b694ae9,0,5515.4785
3c6f351280b768dc5f0a8a299f1078fb6c8b2e805d51600a49b711a4700aad8e,0,3069.7184999999995
3c747b8b4221b6b3823200e252b6bb6274930c8cf89b3266b4a533c2a2502343,2,2840.317
3c75f2df3f0a50d9d1e3c87a49ac0c197af2bf40808ba3159c90777d192ab602,0,7359.4245
3c7cfab7b62c3f91a43d7011b104e345b5c77b03b3cde33e875b0046909ca85a,2,1552.1540000000002
3c8a8ad6be8e6c7bf76fa28719e400e386df64df6dec4ff20bb2f6e83d7d3fa8,0,1739.0055000000002
3c8fa75ae014f617f78deddec7527cca136ed8a89c25f354a1e09906027c69cc,0,5316.9465
3c92c6f98f64305e394c300ec97d61f99ce11af62a1e39af7aaf5ab15a27a37d,2,2987.7614999999996
3c9389874eb04eea13902132d85bf718bad1f3ba33fbfa17563422745870038f,2,4112.0805
3c951f6db7916aa5876d6d5cd9d55acf5f2a5a4f181585927b6512c4eca62444,0,4259.995
3c9fb4e1946b45805e0363c6f3fa1a244fe700c33a92830306f1fa94e6eebd17,1,1519.1075
3ca983c197dfa14aa8a566f40c8f3d88b6d9120d29ae360aa7920a0980c038fa,0,4167.7895
3cb4b0cec313551d67712208f6a9e50a76e243fb5ca29fae8b4e0a5c6ca6d2b5,0,2016.5275000000001
3cb67f6ab81814d097ff3abe53291b952173a38522849a8cbe1baa6fbfef9aca,2,14828.1615
3cb8020109d13b5e30ea372a221b9879fb747fe33ea2011f24584c8e3f43ab60,0,2885.861
3cc2f9ff3876bafbfa7646627e7cc32b2bac3b6d04f9826a2b18897fae43afbc,0,4369.9595
3cc81b5ea9b685cee7cb4a56cdfd2e7b7aa382566095aea1216adba4fda4843d,0,3835.185
3ccdd66defea948d06ffd731f94cbf5f2ca551d6e9d7f32da1533f7c8b6a274b,0,3625.301
3cd4b3284fcb3e2338d29393fa10dc15ab0626de78267e3d8da99fe490c31a3c,0,5161.449500000001
3cf1d7449fdaabcfe39048f752ec108bc9211a5f36011bf6787f4df92c40384c,2,3517.891
3d06b514f97750380ee7e0f4e25bbb1559d7a64fd14ccadad162a6ffeae86784,2,1709.2675
3d079e1f14242a1123481454bf79e386e3f56af1c2a427206547e87de2eb9931,0,2297.0855
3d0a3b35df11e32b24ac9f9a202a37c71eb85e856de2a568ff9e81b8b9c93d19,0,6992.6475
3d0d08901b353b7fb05faae350042ff12a8b02d60a050a955b13c81fd644b836,0,3284.0205
3d1704b1de18ee981d777c154e5f1049f9537431aa5c29ce099387241f70fd6c,2,7067.3945
3d186b3934bd1329a5362f38932fd8ed833a90e55bfd4c10eb9a067f305a33a0,2,1179.9085
3d23f966048d81d61203594d9811bb71a1581417bd721b19908a514e674d35da,0,5950.18
3d29f85d495b8d291abae9e368e54a5a3f7c41e28cdf57072df40327573f0631,2,8798.63
3d2dfa9ea6f8f4152c25bb15f457439a8c8d893abd4948b42b5ec381e45116ac,0,2475.5865
3d367c5a2d40942db7bd03a839b32f9e36a8e1fc30ca5e8c65d19785eb8af2cf,0,1314.237
3d38cf1aef88c3e7b1c13ed1f83f70680b5a8c1e36cfef54824b3502cabdb076,2,5462.541
3d4ecc0702fe7c806c3150300dd62c0a859b71b6113201c2b191f7ebf6b66390,0,2133.266
3d5447855879cacf7fa89bc7eac58192cbfa5d5720696efe93ee40fffd10e1fc,0,6556.909000000001
3d562e44798121b78b89f647df75be28d8b2b349374293d65ee4ada94a6b1e65,2,4759.7880000000005
3d611d5536313d128adad7746a6d6cdb3270b81eb24586a065ffc1a199e91ca0,2,4508.1455
3d71478a330cc5db1e4ebd6fc1bee4e26535ed0fb564e43a130cfa20a9d8b004,0,2941.2935
3d7bcb3bbe8282dcfbfaaf25b4e77cb3ca6f8bcc5b9589cf131937ddc364d124,0,9729.219500000001
3d81d36cadc0550f699f87ed34456a2228b1a4930bae86ee4445a540f2e02820,2,5103.1075
3d86815b9d5144f84484d3c9475313d19d899e8cd6f217fdbc3e520c020b65a9,0,3590.9568333333327
3d8b6a3e2be271fa09a13af6224c8d7b1c611792d669ff7910d1c1cc998fc27c,0,305.42850000000004
3d9675cee4194df1bed1afee12c257af5fd2564b5271447fe02611beb8084671,2,2656.4370000000004
3d9a8e5e55c888b1fdaab868c39d599959c3099d285c6a523b0a28105d2e90c8,2,2013.055
3da300c23d25b8fdbdc23e21068e47f813dec7ad5a9dbee221af5ab454b68647,0,2085.8954999999996
3db6a4dce1447b86ef122975943df91186828092bc9533b293133a2be9b7ea4c,0,4941.1355
3db90dac37b0e1ef469d45ba0ebd0dff2de7ac3c87ca4ab63e3e528c7e0dd6cf,0,2738.1634999999997
3dc3e635178c4891d8e02b2ab8845bb96ad08fe6c9258cf341b2ef005e2611b3,0,2451.7165
3dc511a0ec9bca1a962b2d470c5a5cb8f9ece89892254a9701fac60d743d91c2,0,4767.9635
3dd285b594e2a2b40754bc3e1a2273cc82a239ae41b11c28f77c689d4fdf16af,2,5384.440500000001
3ddac88428f438712dd5af63358840b48ec5d32226db45e82d0e4b783be20a6f,2,855.7765
3deb18414b736b73ba795f407bacbb4506f69485e9aaae53e4feac3bba242544,2,3552.915
3e000415887bd710a7f9cb6d29318e9bf6bd85c4921ea792e100a882a15cc441,0,1711.5625
3e0d3e3f7e68f966f6502d79d1ec4111223a42ddbf99874c884ab63270212b3a,1,4316.588
3e0dea6c1ecc58d65c7d2edcac9766971c45961f4396dfb8ba8ea3dfb9f1e18a,0,2945.2115000000003
3e0eacaf63796a76ed497651ff3d203d6b18b14eebf77d1379122fc91e087cb4,2,1543.5245
3e1280e3b569062ec61ba1106f530914a8f5d3408d2f55ecccb51fe1d97119c6,0,3955.1710000000003
3e1945b6bcc9b59b807fc84f27c0f9b2409b368853bb74a580d2f23fc0205534,2,3980.8264999999997
3e1dce5a11039033ac1e502953e7cd685b8d43bc74ec288fe5f93fec637dfd49,0,2406.5325000000003
3e2099327a560c4c19abd471eee02b117f547250872989b131a03722fd227b73,2,3803.567
3e238dce1b0097ce708e7f86365728e5498925aa2835e600d12ab642a2c40a39,2,9867.1855
3e293fad66d43ef4d0d37bcd15b4f25d6c3d6f36885e4217538b815d5f6d1b26,0,7096.0075
3e2b70643e562679fc0c37641424a96d5c959134c0637e084be4bf1a1cb35506,2,1424.7705
3e2c695efcea8f3d5f4e2069469e16c41cf74b29955b7a3c8edd7a8c8a919c84,2,2502.9210000000003
3e49abe5ae763f96ea5cf56d17b43f15c59ce624a17617e10d761b23aa54c983,2,695.9575
3e4a0dd331b6a34184262998079cd57ba13f6958f6101da916e42cafe5443cd5,2,248.25900000000001
3e4e118e17f12e449d45e75d9cd6af4c69f54161616ed8f39311c75b2f7a2a55,0,2038.8685
3e508267f5874d44c65a68888a5aedf735bc1c1210036c7fd91efa857b064349,2,3223.12575
3e5b3c5d1da4b16866faf155c56f4c7971055b469b75dd30125ab2a18ee389cc,0,3936.053
3e6c3919f25e732c6d0859941f1668ddfcab0eae84f3a5b37562c6e5504e5810,2,2115.4939999999997
3e6f2a9e6e0fac7f5e61fb6831739e45d6c49a98093a33f73782e85e64660299,0,3250.9725
3e7039294d79f65d99b405c07742b54700e422c33d56a1bc1bbfce9cd8703cf4,0,1470.3205
3e7b87998b26679edcef1dc1bbdc3743d77ce3c7ba2d591c84087e3d9206396f,2,7227.6265
3e7baf5d098aa484d558d30be71b21aca6c1501c2af5e76180abc7d099d41118,0,1964.154
3e8217236003d4174c3e68d64a90000d38c0b3415a9e6d3ee6df71f5d8933fe4,0,2163.083
3e8c442674861ebc7242a59577e44cf16f600e2bd92a44e027eb8ca83af164a6,0,1581.5845
3e8ee1933fcfbffb0ae93fc8f5012a3f989542b18869224144266e55cf0beaa6,2,6810.346499999999
3e9483659c192fd62b8d220216b6d8f4895167131a15785cf2eb1931843a5370,2,3189.023
3e955612605c8e08c3da1e85ed816542a86c69f8473f5e923aed20a981af6597,2,1018.5975000000001
3e95e83acefd5c43f0df4428303b28ee476c4ab535e5906f617f6fc838e445b3,0,5156.439
3e9a8a919363dc1a574d46d2561756f58c0f501ccc8100975b781efca9479e99,1,15954.161
3ea90854df1cf5fc64ff488e9835f67d76643e6fa65885f3cc82dc95c776204a,0,4238.8635
3eb1bd65584d6edef035a5ca0d951eb323af55af6566d998543d322c12047060,2,4388.5265
3ebb4512c07f854de152d863f1b8bf359691aa0bab2dc409bd3d3ba696fa940b,0,217.64249999999998
3ec1c6e711c33227bd426072c89c84ad251ba609cf457d6c41ce3c4de33c2e9b,2,637.1
3ec2bda40b95ee81046cf1217124084d76da19658277ec453edd56499ccf4070,0,5932.0154999999995
3ec6984d27694eee8268f7cd8b75db8f92a9b6346c88c0c14fd395a5b88d58c5,0,3673.8275
3ecff3f78384603508f2ea313431be076333a7a7e14355b0da32327d1b91c410,1,17981.1885
3ee0a3501d4c0810031ad4008b19c5a8c998b2bcbaafebe7c7311263a163fe3f,2,5740.168
3ee8369435261b167ccbfcef980497f07d0c40f6dfa04dd0576adad7cf5ec735,2,3011.0425
3eeb7ede7fb75d171ac6c614bac2462c51e1df4a1a4d8af4a287aa59032c27a6,2,11170.867999999999
3ef3636387941827a702fc06f7f2881731f25f9e112ec71ea7bc40e070f22058,0,5067.164
3ef866901acbba53768db99d238ad7ab3b7e03308e74b4c008ce7412fb733f71,0,7890.879500000001
3efb3281e8b1acfb6e70ee197b3f4570ba1aa885dd96e404f78e36bae9f2200e,0,639.855
3efed951f02ab3078e19bc66fdda6d6232cdc3658a125a07b381533ba45c3183,0,4305.2325
3f01b10836375484aa652e22b27580b990b9f4b80e4c2aa187c87fdca4af9cde,0,2252.1795
3f0739df6bbef23cda23cea16800daa37f75de33ee16760b63c76e5cefe8cc4b,0,3359.246
3f0d857a3af9e1ae6b5c818f156f66f2a0cc866179bdacc87dc3af92c1e52d50,2,5566.915500000001
3f0ea7a6e072b773a88a92aed337871d7bd87684e6959caae7b07ecb1243bd9f,0,2590.839
3f19254fcf87b5cb0317a8c64e4e98848257d5f3024267afe683b7e6d21208e8,0,3960.986000000001
3f1a306fc70df9466e6dad7fb2df3173d22de274a131de1656f3f0208f87e181,0,718.801
3f1cf438f2648171c9e3e2e54d8c82442cc38f60ff39466ea240e4afc36156e0,0,736.1505000000001
3f1ea85ca6141b22a909745ebe3f5194fa37a993fda0bfef929de5ef703d84f3,0,1740.4409999999998
3f23c3bc40fd59afa717de08e034a2e843710f34f259c37f2fede90bd7af4eca,0,1421.1260000000002
3f24e2a51f929ff7918e145212b11b7c15470e2aa56c4cfb40b0dbb330c8fa69,2,6449.402999999999
3f2cd481e6f469b3aa42809b96f5ecd33660f6fc335f2ee5f08c05f3b8278a3e,0,1533.3545000000001
3f33f682b8053a9bb3e1aa7881bb6ba1a4b3a1c57e716f57374b379414b0b97e,0,7228.183000000001
3f345ff43655ccbb4ba2943a26d552c8f7e27b8629433026bfad1d3aa0f5933c,0,5271.8725
3f43ff37c81b5f807dcae9857c9d8c7e0a40afea81fb9d4db33e401b06a0c2d9,0,6185.6115
3f441f4e8f85a2e69051113963455e0ce24a76c5d485941d6548a880b32b8fd4,0,1.5199999999999998
3f4d9ae802fadc6d75d5c71486dcbeba22bf5798b6cf0b60a9ebff8971e81c63,0,7322.7965
3f501bb5cce988cd081c6ae5aeb8198faeb26bccc7fa24988f7a917549164f74,2,353.589
3f544646bec9cf4bba901ec24996d3d248f83ce493b784bdabb391880817ec75,0,9125.7495
3f700dd9194d0f4d5e90e2de39bf7ea4601c90d63acc899163c42ae508aedb7c,0,2796.1195
3f753f706cfb3427beacb14928b036c43c5f1b9d6f1be42c8d5c557ff5d9c47a,2,2076.6325
3f83472fd23baf1365055498992c6c659206fd01c5b427d750d64187bc7e2011,0,2435.411
3f889a23f54adc8f9236a5cf0bf703d1082f519bcb0bb8af242da52b3e5aced3,2,6842.6345
3f88abdb2327bd0560def6e508d47060e27179247775c0eebbc93573309052a2,0,1523.2079999999999
3f8d40b02a6c9d785e8b57be746ee8b505bbdc8acf808575aefeee82c9dc2883,0,7128.9185
3f93d4a9e4c74b4f02851eaca665e44e16523db6845f1b0a4ddf2c4c71ba9d90,1,184.65750000000008
3f9d38cb9d854e5238812aaebf6704ad0a2738c81722039cf9032723b04cdbe2,2,4764.3724999999995
3fa80ac5245e8a29ae865c7ec397e5462c6bda812509b4d95a966ad9fe7ba8eb,2,1724.919
3fb31432b61999a4eb293aaae353ddfbcc824a95a37e8bfbda077a47d9ddb80d,2,4673.709
3fc58346fe6cdaa33731cdc3384671c52ab36e33da629a1eaacc23d6be3a96fa,0,2504.52
3fc6172035fe394d4537ce6355c3a686a81f33217dc7fa43f724cd2ccf52619d,0,17941.234999999997
3fca47d46bba81d62bc04cf32e058dd96057f03a255f47027b4ce2d97a444725,1,10316.7545
3fcb3c45e66b5d3c17ea61b99b6bf0fc47ea91f506bc97c6a3f862f7564fe4c7,2,959.3485000000001
3fd6306e6628c0ed51fbdbdad6a47b647cfdab8f2466f810b7e4ebc5940bd375,0,6960.5005
3fe4019af4c5e40e7c1ceef4748ac2b483a9924b422bb9cd34e4ea1e31ea8a59,0,18075.626
3fe50bb7cd592294aaacf5bb3625c81fb4a10b423ef5df881d905dda9f542572,0,2379.9289999999996
3fe7042c08847823c1cf319c1c4b958f7985f27a7fc7a18d8868bb91d6f0d582,0,3751.644
3fea3e99329b9a19f2a146157cb86f30754c740dc27d52f485fa3ae9e01924a4,2,2465.803
400e1711d9b8641dede747b69d408ec7fdf3127eeb6564f1f5fe31d1115a6f85,0,7912.879499999999
402681aff8f6cb82756ad9c26c51c2574bf0546c79aa6a7521d283d071382eef,0,4132.2905
4027d9365735863c154e87b52cc50841a89573b9f9f1e22272ea049c6e13ec91,2,4007.4800000000005
4039420c223b1e02d8e4abef467fb590b5b6bfa8e87cd8cc06e42bd2e7bf46fd,2,4472.7919999999995
403b8e7a73f4ddfeb27c545708d2daa07e40ff09a8d6dd1a8487f5041451a9dc,2,3065.918
4049ac94ee23ff0e3bd79f95543105b4992718adc0db305c0e4b0c7bd5201c51,2,6178.0115000000005
404b2c4e579168d95571c69d6daf7d6ad70e70cf1aa443d8b9ff87caa2a71527,2,14026.8755
405dc1f099f437ed53c1678ddcd1eb70eeafda4ff3ccb58852032c4e3e6e5d14,2,5913.8115
4065de9010ec27d086593ab41d7d56b327d5e253549fe19c7ddf3e7f2174a627,2,4798.8865
4067990e3ceb01b96477392be7737026d14a7bb0cd991e454bb0e0ebc856e6ce,1,15769.769499999999
406e6739983960685843815746f130a2d7c0a669436a0e7a106512e4e087494c,0,2150.542
406ed8e1e0ce71638f73b77b6969aaebbbe654cd358ac3100c8e7d7848b821c5,2,4640.503999999999
40711c5748c1c6e6e39b415234f6c4ad96143854703cb0f53a95673aee8050c1,0,1463.3715
40740b3e04da73e6df057743a5aecd789119e60cd801d6ecd37c7e49f85f5a7f,0,9375.1045
40757df4c86c8ac28b49fcb8be8600f2b01e32283a989e12368c95bbe7ea90e2,2,3262.4985
40845f25292591a29a09c978b7310e9b9991303f874fb03f045a90da79faf45c,0,2260.2490000000003
40888a5a255c83d9d86525500f73552f591d074343f43b376ee17d22c9d3b9a1,2,8690.9005
4089c0e8eebc312ebb9d37c11320cad0c7f3eb999a8da6bc029bd73e743580f5,2,1451.6145000000001
408bd879527407954f529c1df391ead6992f93df28743582c03e50709a9a925a,0,4663.5105
408dc29a6b3e85da1e05883d53d1c4443aaebf5dc207900af1b371c0a25717c5,1,13547.076
409744279c32f4ff2d5e9137a484cbb234048a5326e30072db44ae30d2cb31a7,0,7334.780500000001
4099069b00ed97bd8138ae9bf5d3a5b7f5afe2e577baacd6a9e6fd6a43251f83,0,637.6355000000001
40a78ddf49f26772b8a2f0c5d0f7bdb4dbe4a2f8aacd116dd6a2794bf228591e,0,3573.0685
40a9bbf64be750d933e9fbb84cae09a2540428e58cbe7f8c19d16e5318878139,1,7109.912
40aa3603f1d3f03a39f2242a62671f6a46cc9ea03857cd21b5863c05faf6774c,1,1586.3745000000004
40ab392124b1a5677704517e84dee0dd85fb287fb063e4bde2116bb872e61d5f,2,1988.9395
40ae933206c300d4818d891f9100631f7408e14395ad7a2b99ac4abc7cf86e4d,0,11971.11
40af4e4fff5ed3a9dd9074c974ff2667089e00a3ba4fe887c6a2e987b17daf57,0,1111.5645000000002
40c4d852abae3cdb243089a6a5b8467706e822230bb2cb27f8403285a332d45c,1,7087.232499999999
40c551f3a985f18d4ac2397b74692b3e0fb86e0f8d13368e305ee887861ee51a,0,69.341
40c5df7b3efd77b8b57184a45c4e706b7644ff64e862a62863280b05cde9ad2c,0,4788.71
40c75ca2e7cc5c5650cfc9d55352c32fb0fa87b3e2f2bb23c414248294307800,2,3791.6285
40c9239b1f67697c4157dc64616af7537d211fbab7514d226292d9c31d1c61f0,0,7398.6
40cabd233c517e2b22d5349b4c557898690261417f97f2525ec391a473abc0e3,0,6492.43
40ccad1e3a2269af1ee84fb8b2e8b2f0a3d949c74603f293dcef4c2d8f1223e4,0,5169.001
40cf34ce2b929d5245c7406ac7150f796c2977c8fe38fe09798be3e65e9c93ea,0,2861.617
40d7a44464507e713b5a7953b2b89906ad1c049d699c573f8f246d3750637d39,2,10096.125
40eab54587787155cf62214443231adf175a8666859635bb8477674dc601b2d7,0,1151.2410000000002
40edf2576c81a9926191a09277e43ee6f71f0aef1a563d8e70dce55fc2ee937f,2,6700.759
40f3ebc6a04c4c495dbf72f1c44ef235da0d2c802e5293ab1643010eba88a6dc,0,3114.3264999999997
40f9f65ebe3cd5c19142802a8100cf88986d389473c935f5765920a524459359,2,273.60200000000003
40fa72b5711e2a3cbada302f7ad1b83bfea873536976fc75e481e8505d5ce211,0,1925.6979999999999
40ff1b382868c75d34232e6c00514f81e85ab0b98dd8ef4005d36f1e444bef89,2,965.8270000000001
41002940f0ad99127921e85d16849d68249e14e1cb565c8acfd1ea74dbc582fb,0,1234.5805
4100843fcd875f2467285fafb5c3fd2c9fbbbb2ccb63bbd334b0cf951cfc97fa,2,4904.909
41029e281e0ed60c28f671fdcb4b120ebbc9e75a8fb89d72ff3b5724c90f7e6e,0,2811.492
41030defa0957eba88646bd1584192e931fe70a7b1a819604dbef364c8cc755f,2,2337.8559999999998
410c5a239e81d663e1c512e5f407d218c65de29ffeac03f5390c9abbd0d276e2,2,9693.7325
411ddc938aa8625c4c1f50c47b35191a9b66c3fe191aa05a08bfce6e502cad9a,2,4400.2885
4124b31a42e3f28ae4ec99c998076280868d628427f81304ced0d87646f356c4,2,0.017
41260adace91235f21f4a3af8fb6e45fffa1eb7942243b1b212737cf87acc908,2,1206.538
41355802ebf1d5fe6d03f2d03459d377e8aa2a5b4db26a1c764db7d72aeb4ff8,0,249.09799999999998
41409f909afa4063657c3699c6e31b6d87880dfaeb4e98201debe4d9a909c648,2,529.5944999999999
4143e2799fa1db0ff48767905e87900f7afadb11ce7f7ef13d58200f48b6a604,2,5987.971500000001
4146052bf2127b35f6e7219145b58bd8593fd5cf41271c0441399c9fce4f1794,1,1520.4025
41467e75b05b488faf0242e460e4692e22fe758e0cd9a76fe77fb02ff23e8800,2,6643.671
414f1ffcf95f5c30b96fccd5f193bc474b7bd9237f538b4215f7bbca776dce4d,0,6996.9495
4156b9bf65ee704a86cc1f343b64f066dedcd9c97e89d1fe73ce2d29c10aa0de,0,4764.8195
415c8d1c7ca65301543054bc28b91bb8d8c7d51e18569d59afbf833aecb51a1e,0,2009.7065
4167f21df286a5f9a74a4a2a5d6d63d3819c1f92fd9439c476913e5eeab4c150,2,4632.2435000000005
416954e1b3180d1b299271f2c40cad5785e492d65d8a9386d981ce12444d541e,2,1396.9325000000001
416fb65b715cfb3b535a910545f65fe7a3a8b762fc4692bedd8f0451200e3e83,0,4245.2365
417eefaadac45e886d21f6e4445d4ea8484e99f64547998f01eb6ef632990c30,2,1535.7994999999999
41835b87b45df005e7fe476523b4a058f4841eb24fbafadbb7e28adf0bd1b552,1,2107.1765
418a58482c7b4e61c0c90e754794237affbb9b7cbe99b3869f626ff1de66be14,0,3560.276
418df22b785763afc90899ec641af932b4e573e3752b608458a9d4fb91971f01,0,6074.124
4198e509718d0b60d8a28e85853619138df8fc41426fb76a1a6377fa566afcb8,0,2408.4235
41a0d3afa2835fda3243199977cd971125291f239181dba33177341f807cb967,0,2321.9764999999998
41a1a5e0a33f205e1fd0a7e6699128e75ada6171247875417f882bb38478af44,2,3592.712
41a7f0f0c1548433e30ceb069f39b87bf80cfd89ef11a7da35e44d8144383947,2,1664.2625000000003
41b3c11803792700c7775b2af31590c7271be3cce3121305e4070d078dafacc4,0,3430.3154999999997
41bd379c0fa274ec2f7c74f2001bcc0c4fdb5f3e1a4d4146b74c748936f68b5b,0,3706.2255
41cf36cb027e108ba5421ae099260ea60888ca513b3fa29c539df604372907c3,0,1864.086
41d7ef170848f303e01cb89a3b20e778c70c20df1e421ac425e52e0b53725f59,0,1762.6750000000002
41d8a73c0cd5e34b0f6736d083e72d2b0131fc549f67ae11da915d8992a8efeb,2,5242.9455
41deb1115e0c6b078d80acdc4211a4832a8df941980dce68f37173da1966bd06,0,5542.6105
41e1d0d1fa4282bb608da60b2371d842da6ce2ef4b55250af5fbc894d739d424,2,3323.3365
41e4fc34f03d4ecfaaea22b869233a84fe09b675c6eb5063da7d2e52bc65c73d,2,1238.0430000000001
41f02df52c454027e271da35dfc87bc21933cd26b0b00e08b972df2e56b7fc27,0,4867.207
42040294aa9f73663c5eb3c1ccf29c779c823357dd3db872b4183dec0706e7f2,2,3140.8265
4207e94caa9f090d36fb83324218d66fb9fe1c355bff29a5e3710897895539f3,0,3651.9745
4209d1f94cb794544cd9931ba697a7377324f0af6d371741f60201faf51809fd,2,158.62
420eaa8e1f9939592bcd73231653cd380d89f0a76f7ea48bdfa526adc9404cd1,0,5127.7205
421a94013d09e6a0b95bafa7263a094c5b9ed3c516017c9844b1bdc6f54a0578,2,1827.5725
4236e7bda6df7194f3b142d192808ce3a6e61e9d2491a71450879b84ced43908,0,5303.287499999999
423df6adf1961ac3e762cbf4145ae0600f58305b5d836dfeafca51b58e3e2658,2,6862.4835
4241c5d090a8e619fbca881cf40bbe4d8a295de298eac31ac41a303ea5efbc41,0,11002.411499999998
42507d3a3382ad6eb112ceac5fd9d3ebf30678053780fdc5a93eba912927ece5,2,3627.258
4259dafa119f6b93a1e0ac12794ec343a24acb499c7269e8435c58001a6fabfb,0,5538.2965
425cd2e7b994556f888a4cfa0b0ef8d59918d529cd6a0daddbc2a004c3697478,0,8978.67875
426348ae37f20e3706ee07e02b90afefee09d54a9e8c4e688e4417a8868d03de,1,20171.634
4269d25c32a5886946485995a0109ec3fa7beb18d9bc931ef848d32f52ed5524,1,2157.1875
426d5332717c8ba11ae643d4ed64022efe05deb3ab449509406cc78893951a32,2,4325.9529999999995
4271854d05f103cba1d5eae37d3cbf1f20e04e673c154b26d3fa4477150115ed,0,1259.4
427a57a6bb773380593750b6f80c12efbfe820f80c4ec2d5264f1f9aa2357362,1,19200.9495
427cacce9ec9e9d4c34478189bcc0299ad7790cb8e906f1eb6d22aa15989e219,1,1734.2685
427f19e4269575642109102fafc46cd458a68c0346ecc2b16010a7bf5f75f23d,2,4239.357
4285664524a51c3612a0f19367acad416760cbc328349e7e7aab35201e190e5d,0,4070.956
42880f75b59c3843277afaff2cf4a19b866f6ced617c17d47d242be06e7850f4,0,1776.5680000000002
4289499a591421f963a7ba8abe565e444210851e8ea92218a97a0b9a9c9486bf,0,3429.215
4290bdc2b4945c5d87bede8753ffb6cff92f5ceea8a3f6414f8820135713ae71,2,2792.8725
4296cb088a953b3023431f3e02e73254fc21761d8ab6a3efd41b7307234f0d90,2,4338.319
42a82dec56d16616ab5917799fb1176ffb623d015de17ad8e4f175a9bdf4fdce,0,1459.4434999999999
42b0ae63d3afe662e2c7d7b54576076f8a1cc98f1a48d45fedbb76f033980eec,0,2715.6385
42bfa1ff9c78a197c3544124426414b9eaa473e492ab8946cba4e006a3907bd4,2,822.0139999999999
42bfa985848f4cff29ce01e84e29fe67e324307e95b4f301ea834353f64bae0b,0,1305.4234999999999
42c1930cdc50589a9d904a40e97f3cb2a4cf34531a1adbbf12ed4b5932ed4778,2,6733.960500000001
42c2847f3a312c2922e28d8e0331306111094df2b856295ea45b6fdb4e4a7446,0,9041.235499999999
42c32451606c19bcd749306e763de39e7b560bccca96a4585dbc8464289a9fff,2,294.80000000000007
42c4ff067b1259d9cea0f181001eeab01e8c97951b4b567da109b463558ce064,2,1021.6055
42c7ffa52b65213a74f98f70cc5716f18ecfc5077295c216d01f9e54250f2ea5,2,4817.415499999999
42dcd6efe0a781f75a0855771a3f0736ca9744354694c4a466a9ff556eb48bdf,2,2807.891
42f577a8bbc69c21a9f5e6eb42497e2fc094eedcd86408f3a14dcd2bcb3bed27,0,5667.43
42fafad62c2be9774d8428748a1bcccbfbf767ddd0ee6f445430a8ecadf1a991,0,3570.785
43009943788c5732ced2ced4dde1a4b865edd08b12f795566b8f6ea7b720a9b2,0,11457.986
430b9889b87e8ea35467d3d17e0e69fc50d714fd09a46c77ca9def41e6dc5281,0,3573.8675000000003
430c38f7fb75ebba3b18286423a0c729dc87bc45476c632b572aefafdcf38e8b,0,2391.165
430f0632120fecf224bef193bd30d43a65e28784e80ac38026c230e97a37359f,0,5005.5235
431dde9afe475a093c2183ec8cfe537fb01ba784c11140bd72cd56aa3aafbe70,0,5201.3665
432042e81e1f9ab5556a63b2d8849d5c555a5c8769db3b8c951a8d33f64f1541,2,11184.979500000001
4320827258dc86f663665a7b9f1917d092d3b773120ccb9a853906b8db80af94,0,1674.1515
4325373317c63745ff54f26953b63284957989cf4e8d816b32397950a509c2e4,0,1284.0895
4325fd433432315e2f4dca62149695a4888844ae2df1dcc70fde971284a4ec60,0,5369.7390000000005
432e327186206a47ff5aba7eaff956b9a306779d449897707ca69890662c7ea7,1,12559.572000000002
432f5d1380ef0217d4cf23662df621920eb67e87978b58dcdd910b87b7f9eea3,0,3041.9945
433e8950b1a6951b2bd8012403450b39db93645b3c4ec245e434e7b853d75e22,1,6531.005
43434c45977bcf0201d3429371ba3d08291be404e3f6f43919ab819f840a101a,0,1581.731
434c752dcf3e3327b701b750b0f5bf770a12dbbe6c8385914b236aadf8af338e,2,1839.6005
434ca06137949568e6a53f97b2b0c624a108044d26f2770eda2a9df4bbd69bf6,2,3277.2585
434f256f412fdbb76c67b388dbebd070365fd060e2e4ba215c91bc5ed404f66b,2,2200.7405
43504d7829aea3b611d2e855bda2461de2a1e80d53769f950b94be41e002f835,2,1518.5165000000002
43528f385e24b3b72c9c73efb11daf27dd6dd68323291e14640f9db0159cb65d,2,3582.9495
43622b9ea3dae14a03096b905f7a4ed126e22a2470de7a4c3f9f02856bd8740e,2,2231.932
43629874caf1e6ff57c70356eac36886f0fb5ec31338a59320d2ca69913a618e,0,875.0135000000001
436626596771deea9266fc8a3ed0f312d5a29b8434a95674519d30353bb399e4,2,5664.771
436e944182dbcd8228c72a9d4a7f98199fd4b7710620fab052afd5504886f4bf,2,4714.28
437653e605061bf530c335436c3c924668ea5d8cd8c34686501ba3a6ac43c9ab,0,3201.9500000000003
437a7074e487f6f30c8ccd144fc070375a90f96e88d95b9822d0e83473198bf1,0,3070.713
4380db8b7cfce6dc3516817f29fef00083c92295510c886fa3fcb13df15e406a,2,1986.7210000000002
4384fd3309e70a6cc791667f3021f12bf36081876dae134dc19c972c395190a2,0,716.7325
438b54d262491aacd942032addf4ea3eb438abe9e1cd51651ce28ee8aab7b2af,0,1814.5235
4390d3af0af1312bd204847d8de9a02bd0264fd365c0277a9296d8d9b17fba79,0,4147.3645
4391d4b21f81de318a866dc604733d1ed58a221a6f6f243bcb2195c234a1844e,0,2712.9065
4392d6fe8ba80fa203593061b479e09152262e0e3916a938e03b4b113b50b82b,1,633.8535000000002
4394a9b4ae51b85aedd5eff4c41febf81833c6cf5c420c96f9be86532e3c3f21,0,7149.6505
439a219ab614145781eb11685e53d04ad9d53c28b1d353faf2214831464204cf,0,1849.3235
439b3410d4732d5d62ddf4bbd34a01fd75500fb0031f287198065c503e408dae,0,5753.870500000001
43a3a16c9a417a7591bd862cd7bde023b0ed9bf192a891b0228c5496123b7aad,2,7334.2845
43b89ea1bfb7b95e8735e7db800e4fe68937bd1ab2a4f8dff2fc04a00548a0c6,0,272.07300000000004
43bb7b7c488fd94e38ddf9e4d93bc47a73b2c00d7c1cbd9fbab74252b8fe2518,0,5373.4259999999995
43bbc7280a23a2108e3a27510aa1b48c79aeb80c119bde6aefbbdf7515f9b2bb,2,3179.4705000000004
43bd94b4160a6a7b0315429499b576cd04d68291be119542590c3ec3e419c9fc,0,5237.096666666666
43c03a6a5644928a9823b73e2f62b23e6ab757fdc82cc410132d314c1f3d3921,0,5354.581499999999
43c61b5628707ad7e5eff6fa7a51516c5aa8fa82ef7813844cc2e5d00db684ea,0,7234.091
43c78c53ae4e80759e0b231660b5912bac30662cc48e65f9c151857beacb41b0,0,4682.834
43cb731ee597c33e427c6a162f73592355f23da3645edb6447ffbdaef8d789c7,0,2746.0260000000003
43defa28a7d3675cfe94049bbe3ea60f74e00d75419b0608b9ee920394903560,1,3306.817
43e2dcc5e95ac18fb4ece3d3decd089542c5f3905b7663ac304d89762c7183ca,0,3081.4815
43e33e96e4b0318685e92622d55d6417ab2ec05998c5837b7b396fcbeba72710,2,2413.597333333333
43e75cba0960ac79035f6f2abb140c05cc0474a70640c811e1f904a261d409bd,0,5000.921
43ea38b39a79673d2649635dbba441bfb4548a846c7048781f1a85aa70aa1359,2,9374.965666666667
43ecfd9068fb5959ece10dab0fcdf64a311ea6626bd0b16825618b6f24a74398,2,2533.8369999999995
43f5d5740364ec91edb77aa9def41e59ca6a5a4c1ffcc7d655fd789e2fd0870f,2,3822.4269999999997
440304a24b22cd3d66bb099d973ef469622bd43520a22a320b65bc2b0f577fef,2,3843.0835
4417c388cd83b023737aab7860d03b608ae7e063ae630c41aba5c38c23a239ac,0,5946.642000000001
441bbe83b59fa9fded2709cef8bb4a249f0259c64df19adc07acc163cea086b9,0,4155.490000000001
4421912188a1355686eaeb32ed5b0dcef52d99f15ca4dc8f03d04efa4f1cb8c7,0,1536.4089999999999
4426ab278e1daf123264fdc4f39a398b7d239e0e356fd5ae20dabdef14c6f549,0,640.5085
4426e66437a2fd89ce02b2575b09dba9879e52664e2f208de263702a4b51b373,0,1193.3764999999999
44273b9404007a67c5c37035d911b095652878dc75f7a865eb4955631d098069,2,4371.0035
442a9f399986ac4a249e945fe1960f6b1c12010be76b8ce5ee1dff58f4d34e60,0,3044.2405
44357d34692c80e6aa6c66fd32bd5734fcd817ffd5c914b139c70eca0718a229,2,3967.4705
443dd77dfa87b60bd048813ba440f86182a583e0ec73b013f194d52f2dc74fc8,2,4394.7365
44587c98f695ad4e5e1951dd787684e5f47b6978fa0e49f59bf982f2d45b74b1,1,13159.457999999999
44658ef32e27813fe0647ffa871ae75d12b41a5d424b757ae47d1afe80d210fc,2,69.8035
446a315ea4787562bb137e9b06bb39b414135840499fc9d6f5b72781dee3984a,1,14266.093499999999
446dc00e52275be1bbce49535533ccaecff8d6bac70f72f54e9ad79b337bf9ce,0,6237.76
447339605dcc3e8208e5694824df0b49a98b01072bf1092be2ab524e77d3dffd,0,3975.1705
4479f0ae312eac5bea29188b9f2ad94ce598350bcb721a05ee9656c5df06a46c,2,2377.811
447d9f83f822be793caf787e45b3786643acc919fbca0660c478cf70f213dd18,2,379.659
4480d8ceaaf1eedd889d6332480a710e970c43a6d4fce3e2454a9ae8c737591e,2,2469.9139999999998
44828274bcd81e686a708e3ace97974b8f725313301a3e0f63b5bfb19b01ad5f,1,4947.941500000001
448a05ebf51788818202789b358c1b1198cc4cf8525627ab4c7afd675c2b7121,2,5519.1815
4491a1fee1ec28cbe91aeeba77b9068b4dd4af5ff20fc460a176671b8fe78eac,0,1811.409
4496e4f54c61b514ef5d1c786d4eab9be19724b9e900e195ccb47b7d61498320,2,1463.408
449732990caf89afc100817913778c4b4fcc541dd3725c8e1ee64ae035fcac73,0,3921.542
44a0ee5b00b69640ad331c1644fe2c901a4408bd747b86bb23809c7a8d03cbed,0,3720.906
44a34cdfd2617d2a087727cd9686a22f4d993157e584b68a131f0c104630ea6a,2,1785.476
44a68bba0edb876f75713d3b909b5889a2e00194395eee86004ea3cd68c0b9cc,2,34.909000000000006
44ad8c05d5a7fbe5bcf25c4f36797c62d0c295957e20bbb034e7c8a43b3825a5,0,3135.8375
44c3d159732fe454082d29313303d8fd6bf77a8265eae0f735d1e1cc5e75e420,2,5367.1975
44cb61b163b8cb08f42becd6bbbca87f1c95965a61634dd4df576cdd73e10c7a,0,4379.0205000000005
44d39ce0a59ebc62337ddbbe87a5cdad5b40e33d871cf9fc1bafeb63bfd6e863,0,4075.5885
44d4128aee97706f3cc9fa96383967e9a23d96b50caf9d93ad0f9dfd8227bdb9,0,14870.264000000003
44df7da15a6ae60fc427eccdf4777d3331e5fc767c83a6887b2093836f1b3bf1,0,7261.0905
44e5adee2b2d39cf3fc65e4014df4a81d14dc89c05012d2f1c12fbb4f4951afa,0,9940.1885
44ecdb62e123a65bdddd1d07d79d7b4dd8c93dd1c6b5dc2182cce12360f34fe7,2,5426.885
44f393c8b8b530ad8e502ed759811ff59c491626c4cce613bb536ab9e599f870,2,13965.056499999999
44f4ad91572bcd3c66fde8c5499af927dde053d5ee4473309b7b9c443d6313b7,2,4316.5005
44f5e5eda7d9cee3580840a348d9d536320002c687b886d81ba751a3531571c3,0,3486.8459999999995
44f626151b3fe589fd5a528b9d7f0005b371c86ca4ac1198bef6da0217e9290f,0,5634.817
45055451675d0314575923b59873b488baff7c4d6ad21be10dd964cd3305a048,1,11777.5525
450667096ffd176f7b904fbf7642c39d8e71d8d6e0a979989931d9ca49363ffb,2,5947.7875
450d6373d470679bbf84d2c15e8d1085094fe383e5c468c55987542af085fbef,0,880.067
45208e0a59eb58e590d9d3582742ca1586bfca466eaa22c8358b86bcfef8c7d8,2,7141.841
452409276af25da82c77748c045bfce8186f0723354f298366b9b801da9033bb,2,4425.690500000001
452464ed68e85c54d8b97fdb23382875c6b153800bc019db3542a2046470ce61,2,1823.5895
452a28fb5a879d50a6e266acd2b5697877d3890dd5ad30a39e1c815b7e9c6e67,1,9359.0435
452b121eb2f576c3177956ca496662868eefb40f37b1b97f328e582ded01c603,2,5701.0725
4533c2f90d4e95771f4cefc12c96e081ff0f0d0997ad111a170ba515ee3c3fc5,2,4404.746
4537e0df43332bba2dbd8ee3b22c2c753e11d482aebdbd9be99a403573e713ed,2,1405.6209999999999
4547293ba490cee004a39cddcaff98f373dfa428291f83112e254d93830ba3f6,0,3534.534
455426c41d379b655f540354985c7d589fa3e01e1e748c687ce0cfa3bb36a887,2,1493.6385
455450ebc8460034e818bb8d326df298936f442afc25d9c7b094ef2104b05c25,0,5608.231000000001
456670025396c6a5927142a18345881027f8e93d64eea682480bd462bb0d6b6f,0,3758.015
4567c96052b7e08b3fb18db43472a1355f0dd514eae8273f04e7e2e612db00a8,0,5344.865
456f0e7aa4638a1374867a6a8447895d7da3421f284b0d3a3ab8cbb3d271082d,2,3317.5099999999998
4587afd8de042fce88e670a13b583d14c0b600aaaf52a7161c4a91dbe04bd2b4,0,526.0425
459541e749a4e6ca10ae399d3e638443f6d088c657e0f32c1d5cc3c25ed1c305,0,8382.948
459611289b5bed6324ac6740a2f2ae060986db98c072039353c13d44104d9a89,2,2269.398
45992c871265a453785f93039ca92d9c46ebbf5116bd7e2710fa7c6eb0e73421,2,11358.517
45a31cba01c5b81a7017281b551b90f7d84e5fc1b51d5ce44950d9f9b4e6b14e,2,7298.9655
45aad1260e896e80647add88edc854627debdc50afd15ecb3a0d4ce4537b3333,2,4093.5935
45aebbd99f504039ec0455a45ae8d520409d095e16155c964f9894a309b4d7bf,2,2976.6895
45bd316d08e76b59791fa8639a02cc25529428a45138d0d7eb2b549e0a6e0f1f,2,5325.612499999999
45bfcb61ff5f52121fefd93ada3fcbbb6abdae9921fa9bd8b156bfd9dd8cff14,0,5006.3085
45d1c40539d7d335409636f5da0897bc64b8de522981e50af51c8ca4fb974f41,0,942.866
45d43c0a915f602d599ce2dfe4652510296f802a2859d8fd4441e8e02caae7c1,2,5442.624
45e7cff21fb5895df10c531ccbc70f3ae10fbb8a4ef684d0e904c2f4a4167932,0,2607.737
45efaf71f387f197b59048fd2df61d89bd8246045e44ffd2ee29e7e43067fcb3,2,5702.5689999999995
45effa312bd81b33533cc0bda9b5ca7e275cee0aa9c7701e0f78fa507e2ea082,0,6699.397500000001
45f87d0cce5cdfb08bb3c80bfd03ee8ba7d3d048bc619ebe9f6b161fff1fdc47,2,5764.01
46131942f2e80f12caf505ba312feb3bf72a92d11afc5b8fa9ce130135d8cb9f,2,7050.9475
461834669164d1bd578966386025324181bf966c7bdd85c21ab3522f5f936f61,0,1848.1535000000001
4621c2e353b17bcb17f3db2ba940333f1422d7f9a425144d1291b42cd6a4314d,0,4523.130999999999
4622f90fd2a6e79d0fa4101447ac3820f14888e10c690396af3c782c83f1289e,1,6097.523
4625f7eac240fe141dd3924096047920ec0aba1ef4b3b78fc7cb5f61b8c861b6,2,4095.008
462789923befa4331fb1970e70575a1ef6cd787e74bd0e4f6160e34b1e783147,0,914.8865000000001
462fe7317bf4263b328b6b46845a66448dbadd300d904e1cb26b0d8eb15f31ca,0,3671.3545000000004
4630edec952307800f9c4f789ce717962cb5ff39f52eead6d860f1dccfc288f1,0,2327.45
463508d054bbd60c534a4b76beb170f91e4b0e034cf78d4634ff403d65463039,2,3682.3775000000005
4640fd3bdc5ea2a9c18ba615cba14b677cf7914b29e974e32ddaf826da77c91d,2,4946.3095
46435bae328f8c3b996a0f61d739f8a6ab1a9fa984c44e6b9a1ebbdf8556c794,0,1615.0610000000001
46446d8dbc3b1dc39fab20bffb96344a32a2be076ae3b233d582c29f847d3a5b,0,5290.17
46454243a4e6c367477fd429a96d3f1723a21cb2a3ce764dc9fce6b385b7872d,2,4885.366
46480206bf390bb9bad1b9717239b68dced56a208231eea0f98b3ab6f9eb3f80,2,3284.7439999999997
464a4f04c99f8cf81c60c5ffc3b7dfd624cfba2f1165726590d493caa261cbde,0,1348.7475
4654df476e263eb5abd367c24aa8fd82a7e46a0bc46ed1d407ef8668a8f8ec57,2,4459.494
4655aee3b6c5eab3fbbe6368f8e6a9a0ded4f3f230de59048ea4a8cfaac37e9f,0,6006.0745
465646217ef7d13df5876abdf4df12b642767c6bae6777cefb469c5cb157d29a,2,10502.777
46579ddfd19ec26674382b37114057372e2f4c539f61c2edee8a36b5e1ecd6f8,2,8130.0185
465903997564ccec6b263083a86cfd9fb47e870dc5a00473f0ff0f63cbdaa953,0,4906.833
4662ae55b4cce36e779952a67031fb6ad1429ece97cd8401d230ea009a77a26d,0,3482.4885
466bb80074c0fd4f67b334ebd04bab677e59adb27eeaff602e61974659589d0c,2,1927.9875000000002
467f6cd7fed1222c81c3193667b92b82fd1e3f1f242d56113c9c25ce515f96a9,2,5327.5265
4680618106e5b81eb78dac93c9a00b15ab1f496b2668fdee8ba3469fbaba9402,0,9091.1445
4682d893596cdb84852c070a40d59d28e6d690bff684d1149a2da4e0d41d03b1,2,949.297
4685af9ea8a1e0068485e93ded85f15c190c4347fc4650f4cfeb4376812c6df8,2,3523.5765
46888d24a2c0be0698d3f4eb5b4b22744c0862f35292e8e68d7081fb450533dc,0,1757.6799999999998
4688a695b2d26f48c7cf5f2edfe00788712e9f632c9d533a5244637a1206c21d,2,4921.833
468af0042b1487a85ef64e6abe38faac5d3507c3788c892b4e4597b3cb8b7613,2,4226.358
468ccd3d908a4d407fb7af1227997feeeeb6fe3bd86bd22526248b7d9840b2e5,0,681.0440000000001
469c50a985c82ab04fdd3ba4355b3b100894d07fdc758bb84c927146dc222a0d,2,6135.391999999999
469cc19c482a1fd994e8a67507907990cf013c03b517939213a7eca839c20e7f,0,731.98
46a2cd17c14b35d5635e3d235215e700c952cbfc90dab7b2eb04c7327ed09516,2,2.816
46abaf12c7f4c4846db90aa74d909fb23b03e350c598ab9f436ba60f560ea8ee,2,4870.6715
46b25633e72fc5099c18d5c514b3aebbdf1990d540790b615ffa078a3a1433aa,2,5190.465
46bac143a0342c569c95cc90544b470db7585d48444c9aa62adb524b8f0f9f93,0,8240.336000000001
46beba708a6fee9d009d3df6ed73a8b8ce9f0c1178aac9d515e63e5a28be4b8b,0,2332.5350000000003
46c808147ccb932378138d4faf3ab5322b3488a69c05d107af42011c6ffd3079,0,1139.8600000000001
46d5e1d1f8467e659d7f72d7020f547027b56049146e3cdbd307271a40f95c9d,2,1947.1225
46dd40d400d30b3a5695bafb7d819e75f2b4340fe251b31fc6dd237d80c76128,2,1897.5975
46dd81c905a7a9137f06e4181b716d03558c0d15d3ab29e73692f6dec175171e,2,1482.7725
46e22ce003679fe6a8a95e465b74c4858118e87f027f325c871d8539e841505d,0,2929.5540000000005
46e95587f04672182e3268e615e051a80f3a2d6632e4d4b680ad8d7ab981e9d1,0,1583.3925000000004
46e95ae7f50ebb2ddf6f7c906bf3cd6ebbc41ce95b4d2cbd443a1c4710d217e5,2,2310.834
46f839b151fe652ab55f1672255a58e53d35fe261740bccd585c5fbcd3cda654,2,1136.9575
46ffea5b3a4e060acbc4e228936985320bad235ffea37f3f6b1f133dee8c3bca,2,2770.3509999999997
4705865f1b4ecb0ba32b1813ad4c8238cb5890abfcb4008a16fa8474d2795ffe,2,569.5229999999999
4706b19f52c13f98ec498558d6101c74418e4f1e156b49177efad5c3719da5ef,0,4183.925
47091b64389f15e900e5a3d150b3e23b5316848de58eff5361e1131b8fd48482,1,9733.280999999999
4709cfb75db7256fc7b7939ffcfdf75611200098c7341d896a2593ef2632ac78,0,3705.203
4711c563ae1c5bc003491ed93f4bfe865dc1d0a8a408f7754b8558c841889e5a,2,13438.52
4712e0bb4752d9980fae3e5319f0eb13cfbf2f71d319883ec1aaf697ec7e9df0,0,4803.502
47167b32767a834584d22dddaef1c25890bc74af7095094e7bb7dd9a2e7d8095,0,2486.6804999999995
47171cfa41a6289ba775c597e08d446b2b6fcafff6440332cd8192cd89930d30,2,3997.5964999999997
4718a3920dce0fcf1b1d654f42063f97371f52779dd1f0a7817892bf5cec4ba1,2,3882.4075000000003
47223376bbce2426d65ee2b4c717f4b5677a379b38762995a339d6a7096553e0,2,4072.656
4733f95ce78ef0332b2b2ab69d5bda313fc09853f3eb1244983449b2a2bea58c,0,780.5915
47346267d4b32737bea31fce94a976bb091639997f7153f319f40a35b3097160,2,543.818
4745f792e6066ef6f0fb42771db9fa642a2173d33fe20a3739d4f00d79656a88,0,2544.4005
4746dfaaf7b62fe68401f6bb875d298f7b8b325e4595baf46d00c7a07d3bd945,0,2773.1220000000003
4747d7e47c9499e106423a2d4ec4a48b68b6b12341dacd2d811f189fa623d6a1,0,5319.844000000001
474932a44e50bb79b84719b2f4f12771186168b6bd5bd987961c5bc873789301,0,3012.0014999999994
4757dcb87fc7aca6dff3b20ecd038a5ebe40d40f2d7c59e3f0847c959ef0139d,0,12065.5555
475f6adcd499c4d68de197b38cb2062fd69a33ebd51c01fbe986f5641e9c89c4,0,4958.9665
4766aaced70f5887e9f53bc938b5687fbf01482bf988821edfc846a206694b6c,2,259.68199999999996
47674733b0f59e18e01ba89778816d5d218e265d06ec2c149ed9510bfc95e2ed,0,1109.768
4767ca6a7dbd2f68bbba034afd73052e6b27d541c38ac6da86d55a6be48cc9be,2,4888.056500000001
476b10b30418b84ee9273b79fb8a6980b3b2d1bfd8ea0bb3b5108ee5f9e6a871,0,6801.6095000000005
477089b42dae2a6e6c99089e5d2e195e98e714e2ec2d5fe361483d22ec329114,2,1269.4289999999999
477b5e4416a2535a724f04b9ac3dadc517c263268557808936f17854447de0d7,0,1933.9044999999999
477dd2debe8dfe32bb70ecd2e1255c22c4541b796a5eff73e0ee567fb742745b,2,5530.5244999999995
4789fe1809fd73cab9ecab6df2b0e3bc24d3576cf0e43c9e66e3e069c9544106,0,3163.4090000000006
47934eea122d4fcb054f1222363b3dac3db3d34099415bb32dc392dfd1c20a76,1,5764.286
479491851b96a4236346272733b76796384c24b213de271136a201c1bf39fd08,2,7778.852
47996621bd5784c39cdfc35064b4473fb78c2bd98e9487d12595422fc050e73c,0,1764.0015000000003
479e99e99a84f860c9ad492bbb50bca11377524b0dc7277ee283e0481489f583,2,3530.497
47a92a93a2bc562f5dcf8e2d0e69f6202e7dca4389f5a95546b423fa2b291f01,2,2921.3915
47ae31924d0d236c9c69baec8164e6f4b84ef9e760403012d4a36ed4e1c80e1a,0,706.7570000000001
47b7d73d062456bb498d6becd24b7db81b6f54826eff23979fa2482e10ffbfa1,2,2246.112
47d17ed548343aca94512932c64a4f1d8389502d02c8849442dea9bcfe9c649f,0,2351.88
47df719cf434c0ed79eb4691996ff1b854ce63a929463d1561962341b523a0ea,2,950.2315000000001
47e30769c6ad782990e636d66aa6c425583f16963a8f5ebeec88436b0c8bc83c,0,1741.6875
47e6fa03471939ac1281ad5ae046a1b8aceb74379fb02909bf82d6b7f4437bdd,2,6880.0695
47f61e3880f408e2efad9683447a58103e4c6ed5a8dfe9c3b96f009cafc20591,0,83.65950000000001
47f9ba17cd2899213572e0907b98bf317f12fcfbed5bd0165a302660c7a7fe86,2,8116.6425
47fca51c645f1348a20309b7670735f85f35c5c00e9de51bd838d1fe97720143,1,4393.571
48072efbfb8693bf2b76e3d8f7a8b303a8ae08921d6916c037b00df811464f15,2,10325.962
480a92e0443b4b216a516d5c7d36610edc941228039a56649f33de31bd11ebb7,1,3745.7805
480a9e5fcad9bb21e77cae6f3c58849cf9513b97d1b3019ae1be5ff78d1190dc,0,2000.67
481e169713393122d88bf210b4b9751a187f05b6e55aade27950c7bdda2d84a2,0,3559.8795
481fd31e8bd08e15361c65cdd645ee4ddf6241718584e3debc10fafc5f6b4b7b,0,1052.4555
4820a886e96dcce6deca14d363aa3659a51ed8979d6d3e792a8f7f0b9a92883a,2,6771.244000000001
48239243bb173827f5118f728c1f94fd421e756788511155448daa386aedd087,1,6164.0419999999995
4824ca616e8809d34231f1372418d3c89a9e17bc26a90b304e609cfddde3e1df,2,1266.699
482c5fc9de03d50d53802949594a07a1101c523555f6d33eae56534b91e3d329,0,4328.854
482e55812ca292eceda3c23e3fee8cecb88f1bf7dec8222c6b65122c44ade850,0,4469.064
483991c77aee0bde8ffe994641f13ec48074a168779c15f1101dc6716b8a9ac7,0,3688.9275000000002
483bf92a290eda3f6bd7b2e9810aa6bcedfba5af4d4f7f4c476d09d15a8f782e,0,1636.434
483cc3cc62833ce989252758aa546470c1430d0c30ecb1985b68dfc1131857ae,1,6034.521
483d1f8bc1f86c6f4698220a246672d9bc26dce9a2721490d0ca5afc996b3a21,2,5913.6795
4846331cc5044d510bc1d143b1971c3eb9946695dfb8b4541569cc8c3e688fd0,0,3955.4995000000004
4847d862ad068cc0b0ac6de625814768637938850598265a9d54f21142e6a8a1,2,8982.019
484e2298ad66c8e20159c4f8df2cfa415a2679cbeb078a820c0b7964a67b9ac9,0,3037.9295
4851739b7a52a47ff8ccca88cd519fce00400ae630719e69f290aa4cb5cd661f,2,2566.4759999999997
4859393196ad60fe78dceac68ea9bb1d3c7c79fe54524ef8b3c15448690336c5,2,3194.6504999999997
485cb87b94953c5f0c95cfbdd6d7eec78b9f67b527fab6fda1ef37633415f284,2,1091.5600000000002
486303777d52f9908d4221e6d6fa1d5c047f8f8765ed60f4953077fd61c96938,0,4066.7305
4871938dabda75b4e3b38168550476e6475f8d7e3d02756608ba4c3d9020c81f,0,2418.483
48727003dc9b81fe4bad3fcafa99938ab90cf64413798851601eddfc778e9bb9,0,4200.7565
487b8dd6d52676f38bb16910ae588d3b0a68ffe2ec36dfbc74dee4ba6eaefec4,2,2169.7380000000003
487cf31c9198781abee6ff634a92b20a7f5d46e1c25ca3cac8d3958bf106e9cf,1,1747.0425
4880529ef1171595d2fd9cf04fe26ef07cd47e36177d6984b00376415219d8dd,0,2982.6834999999996
4884b81172f45ddd9c08f90ee0e8517e3b79432a33c33b357af57ffd5db2292d,0,5714.6525
488a8190b3bd52133c4fed5ddec4b53b375bb330f94ee112616744fa306cab40,0,8383.280999999999
488dc5813af348137ac630dd1350592c8012254a615480102002f22d836fe70d,2,1548.358
4892a0b688fbc9c6f9d7653d068eaf6feabacbab92cda835d457b62e70eabe08,2,2371.183
48939d64d16f195e12c00167502f323b454d3ffce912b26d8e0d3d793652f9fb,0,5378.702499999999
4895fa4831839c5c6fa25786a2f787ea57c87f2746df8b8ecdabc34c0d3cc0f0,0,7026.157499999999
4897206c0c898a7afbc0b16c356fd3379352ff956b903dd04777f5b997be2ffe,0,2457.887
489da7238d5496739d6a8b453740beaff68d9ec8f0b58eb722fc2955363e618d,0,3428.9335
48a0bd902f56d020461365084b81be3e4d488fb0db0c5eddd6b4311d5893cca6,0,2780.5855
48a30c88ebaa4bad9624764fdcffa82f39467f35c515f37b57d8a650af6b81d4,0,3228.7080000000005
48b14befc6d68b193579031d3449427953a9e09449963e41eb1281cc2fe8fa44,2,4569.4574999999995
48b3bd7125cdd503fe3cdb6355e3b87dd6310b4228004cb8caf4445135fa5189,0,548.0055000000001
48c9b6c1fe741ef4ea6d2e96867e7eca8aef3b098fd8d159e53bafea0bda5381,0,2088.4225
48ce590fd26277a71a291bdbcc5338989cdf449187ec80154fa92e1a867b0486,0,6842.855000000001
48d2c3b4a3316aba288b2c33b8a2ac560f726ce5a892641a02dfbc3f8e251fa0,0,965.5895000000002
48fa2f43fbdc35af76c30b573db8ff05a9eb98cdc400df7c5a2735a9bc2cf88e,0,1573.8184999999999
48fafcf9a2ab954412ba9a80073047c68de23642456ba111e56c5d3b8955bd55,2,42080.3835
48fc390091ffd2f8025d9db839379777e8c9ea892480792442330f3518d82009,0,4887.4213
4900dcd3ae772e786963cf56432b9cfeef2549ab959281cacb8db6e4ab53a311,0,2528.9035000000003
490174348658d41ba878074f7a59ff575b6c4e13dfc1cb7167b706ec20e76933,0,1508.3890000000001
49041d036fa465337a672a1061f1b43efacd309682b5806bf8ca33e376ed861b,2,10846.304
49046c3619c1f6256784b33541294c7d2afc01611079eda423a826b343784e67,0,5719.845499999999
490518e58f33d0e5e78517546d4a6c82c0fc2331df08166ef45c2a59cb2bda02,0,4395.4165
490babb231aa245be630baa6d9fde83b66b336aa28269cf00658a513de655bd1,1,6548.032499999999
49116101c204f22f606dffb4cad9fd5161a17caa4f47fd185ae438c7dbca9014,0,2989.3175
491568ea186aca49f6e26ee728962a28d00be80e1ba4640eb8d8f9d20a50e7ba,2,5464.1089999999995
4916f554c5b716aec911b2daf2f25172378bd168e2d3c152a93a5c93e38d49aa,0,1843.2205
4918c11612759599dc77caee026e1da06a1993fc2607a233ac23ad980433769f,0,4484.829
491b390db339222ff11e4acf7efeafa1349915f48f769bf592c23a37bae5687b,2,2755.9230000000002
491cac5cfcb1e8b82943b22cd08b2e62365948d0e7b588de9f99d452e117a250,2,9315.301
491e53b914556341a48ca6790d0c2a14e1bb8b51d262ac773face5c3cf4ba1f8,2,4042.7390000000005
49281f7e9d7ab07d1ce9916732befbc76efb5edbabd174add0c399facfaec66a,2,2961.3170000000005
49364e75ded80aad63cc347621a7f3affa4fd67d25caa2dafed8630543a8f149,2,5575.408
493704c18ebfdceed7f9003963b7e9b1266a549c54c2a091dfcc37973748df4d,2,2093.039
493c4f46a9ef2c9e7bcac0f9bfb9e9d21ed0807d72f762e1fd3321befca58eef,0,27003.007
493fffd1e8accb4fe166b8ad2782a7fe6fce646e06e1e76d307c06d8c3a03b7d,1,3081.377
49450b41040ac60fbef8e29e39544441379330b159c159b395a91b12d0d8f0fe,0,9108.083
4946d4e9d9fe8c38920ec0e8546acc92cb48cd5637ca382288e3470578775e14,0,522.148
4948573cac763406a22d4564a16a81d4224747805929844dbd0977c216931783,2,2992.2825000000003
4949d32265fee64a68a3974a88955c8b727346c5a5d42fb17483a7e2ca70eeb0,0,4187.0655
494a8db532cbb5e24695b16260f1c0cc005df00dc16e72f10c8c4e70de42c0b2,0,2635.626
494ba0bf50d5e45502da0ffc73a5ff0d82bb87dfb59c5921fee9ad8d4999c403,0,2369.1225
494e62ca3b8c6b3a15cb8bb33bd00736d675a5c2fd3fc82f0c3a696a51057ee1,0,3714.564
494ebc53eeaaf0b29c94de4dfe0687ea1b9044c8bfb24a80aa1d4b445d714419,2,7681.292999999999
4953c8465ca8a71835bb992ff21ffd21c0c2ab9ab57ec2feb7559de78ca8da8d,0,4741.41
4959cd2a055974cae23423a8954cde69554e3987f395cbe0d276233847f1c30d,2,4565.3925
4978d6c8905754f843f82df6cf072ad76b2eabe0a9cd1dd83feaf64819365b78,0,1417.8485
497d947c437214cf93128f098e10e28f319192465893f600963d10a0146f172e,0,5391.931416666666
49814d977e4cae6791ed9d9c711e02d4272ba66efe3e7eba35f7c221a7b41749,2,5017.974
498918fd488f6b613ec9cf02bec713d6a4ce0fc4da11c491460f99376403f2a4,2,6421.557000000001
4989950c7abeb750dff7462f8a599e7c7222e246ad5f4e596d8d0d336d27d252,2,2670.849
498eb7684ca802eea9fe234fe6e47f6802aa12eaf847b201c5f7770813a5a145,0,3750.693
4993d34e0ab87296cfe1e6b69563eb1b1e5b8b7f6760f399cf033b37c3cbef3f,2,155.00400000000002
49b013a841e73619686c0b359176a1d1db855107995a5d28f7bff3db3cecc2dd,1,442.53549999999996
49b85cbf350359d6147ca414221e8f7fec981b905ae0298b3cf6037bb9fdac8b,2,2496.804
49ba5eb85304609ef25f3924e7f9a47e40f0e0abac99df88957b165da3f1fbbe,0,3293.6585000000005
49bc75446f6ee5d2bfab35df6db5fe17677469b759e361eba63d09393e4d1d63,2,5797.039000000001
49c84914f1a8b37c6a57f718d023a503cda26a4f8d23304479765b43e00f861f,0,1269.2275
49d47cdb5180dfd52569bbe79c540c9c862fb235f859a696bbfd793e0202bdc0,2,2719.4105
49d9aabf964f2ca3773fca6e41d4c1ded5d8eb2e4d5832106a754e6ecbd47605,0,6074.991500000002
49e163907a4b06f6cb820f4456791518d9a2f709f1192d54eda20582a5f23b36,2,3217.7975
49e2f5d285b5011adb6ba9e7ddf97fbef6d04c25872b3027dac80ae6b0d0326f,0,4687.839
49e529c21c70deb7be29e3938fe993224fce9f997a295c0e878c8a02e0a044af,2,2861.6360000000004
49e91803c5d0d2a713eac130e03b1cc82a74531c20a0d9bffd58d8ddc636c85d,0,5454.238
49f2f7bb9bfddd0512b9380cef82c02b343a54dc6932ad8730a0f667f4620a21,2,1957.5999999999997
4a14ee95f290a482202966560137f482201c7a5288eba1f30551a0553018d41b,2,3630.4574999999995
4a1ed6928546790b4db9103fb728b089c604358116b382fc1689f9f9c0260f20,2,7273.902999999999
4a20959c4070d672f7eafdf0c41b8030b46f7002941054a7da27cd97df481aed,2,1880.9634999999998
4a241d0992aedf67adffa270c5813b1b1603babc0cbcc57865598ca87b34cd26,0,2038.5265
4a263ec694277d1c1cb0dbf1ae517338c8994c14f75a30d6bd343a1adf642f26,0,7876.5355
4a2c2930fd7b108432e38cbd21f78ce89cf2bb6708744515310599fc32df640f,1,11027.139000000001
4a3b7a1703dc5f4714cd1c105ba35e962b7db04b45de0dc98663c5e0f4f4f007,2,6818.058499999999
4a5b0ad9102713149c1254a0cfac990e70afe3a12ec2ef94296bc37e693958a7,2,4997.1215
4a60c04d0858d24582c97b8d8769362219a8072ff5a067ce6589374ac2e808b4,2,268.667
4a60e5f164b3bab8320c6dc0d3d6a4f8704d2bac5907ed3596cd6f9bed999f3a,0,3780.4835000000003
4a619b587f32ef8fa598ad60fa064992f4921bbe8f38be4fd930c627505f5870,0,4333.939
4a6f60c9584e24ce02dd6211f17eb78395829467f540fc6ae9e2a021154e6feb,0,1476.688
4a7844749be31a5a1ed1c3eee0dcf461e546edbe226e163f8c1e1dfb9e6025f4,2,4008.7435
4a7e9fb1e2175eb1916f159da01e6843ca7289a83f7606e958cc6e7ae5f5bbb6,0,1637.246
4a8e475cc231a648e11fa014f05f0573e6746d92ff03f4a333d50ab0b3622e1a,1,1537.1619999999998
4a981689f4e8b8514e8612f267d271280964f62c8b99407975ddad2ac625ffa1,0,1160.219
4aa0bb0317371cd74877469b6f797e45a1dadf5c898d27880c5090ea510dfbb1,2,2155.379
4aa3efc4da4627f4f941d4e7012d06ba017a91ece032d4bb07c09727fd3ddb74,0,4070.3655000000003
4aa5e806ca39ed5f44b181271253745daf5e3252962f2b6f00c60b10e8f6c541,1,4140.1005000000005
4aa8a74896d5f95d9bb093860ee20b01b769a370d17bac04611d823628aee754,0,1035.3015
4aaab6542340619c1e5aa8315fc0f9fb52128e13687e43c7b4ebd81a033c3d50,0,3060.2785
4aad605a85c45fac848f2ad57f79e74b526d83037d9a1412c82c83c59cd357e5,1,7583.3645
4ab878c977e7296839b9a1c89be75b797d64d3adde7877e73d4831ff369f204d,0,2267.131
4ac66854c848fe700ed35f93b2bbaaee6dc64cd0f62d79af8be55bf5a63c5d9b,0,4965.118
4acd959832b66e7a65aa882568970ee875927bf322025399c32bd235ae03018e,0,2902.8729999999996
4acdde7c891679d672609c31e5afbea9645c37d08f78bb5d530d54fefe5113b3,2,1229.9320000000002
4ad2b86e0a542b109b9f90291ce21c5978dacc63d761223b114b6a10d81dd4c8,0,706.7355
4ad3f73098f2593bf12ab92c33977f7effe7a3dacce4fe5cba1d6751d1d52ac1,0,3177.005
4ae14bd23af5ea9153c82870a7d46b06042970bdee2c8095f63e6959a38e01a5,0,4002.6279999999997
4ae59909eecc442400a658a810042b0abfc35dcf02677029ca9bed221c441183,0,2237.9065
4ae83fc2df7a856fe2d714a6f7c9a60143ad89ca28e6bc97471b35e50dc56c42,2,5539.895
4af160c3702eac79701b6a451ca79a543d75f6423fc4111a105fe376057478bf,2,4358.6065
4af5a3931f8f9d693555f3a950f0618ca4a9ccbf99326a888c0e9eca137caaf5,0,1861.9859999999999
4afa9f9f2b7df978ebb7e4d52852c4747ebf95e1813eeb93a09b2c73ccdf0422,0,4580.4675
4b0199d108e94f65f1fa72848f8cdd8ed8a2ceecd8bccf2bd143657c4d030322,2,3601.709
4b020a67fa7b2c22bad72642efb735b46a393e98492b595f31d62c3f4cf8bb0c,2,4222.9655
4b0e4eebd16dde9ca1190f35e97e1ba09058066b6e7b009d3080fce7cc13b3bd,0,2321.5535
4b220b1473a0fab1bc65e8983e4717e717525e575fa8c44180ebbca90783d70c,0,5033.3805
4b2722259fa29583cde3b8daf2281beb71cf2e5911b56b7ee2184052696f97b9,0,5233.5355
4b2a7ac48c9a0a5391d78760131c193b4e60221beea9e5e95373e0b44f573a2a,0,2382.0225
4b302c3bff533d96d13c9b463358b679e9ace19f6b76fb3bcc0ee4baf276ef05,2,15520.85
4b32cf86e1a530a3c0653336ec81912a195414e32d40cd23a7a19bb64b1e97d3,0,3352.0605
4b3b82f0786eb1fc85be36c086f2b2560ea3236d78f72d46e4593df7120b2546,2,2609.218
4b47e76b42fbd383f4bdf81bc0f747d47c6dcd0858624998af9d7be2ebc482e7,0,2376.3644999999997
4b485191e2c85b49ff8fa32b20a4baaffb203003e5f75ce77f5528e7a29d9f11,0,3561.648
4b4924617e2f758fd5185aa6d2a3b8a125811dda9d5b803ecc6950bc395fed74,0,5833.831499999999
4b49c29dc90c54af8ff72e6395c45a15333441abef8e62b458a1f72ebab565d4,0,2451.2394999999997
4b4af87f095d17d53c36c4dd077866f46b6f5aa58744e5edaf020ce32b869513,0,2361.034
4b4b8beda730f6e958b83dfe3920d3003255c33bb1bb253dc4563af079297d83,0,2947.349
4b53ff4be9b82f352743e8776f1934656c90883bd8f8221c20f77d850f753a88,0,1449.9895000000001
4b550f9cff5bb29c2aa83f5fd1a7d87d7530a1d12ecf4584a350a5ab35c1ef37,1,2639.051
4b5e3089770c2006ba46eeff4aa74c4d6abf583e07f481f408b7f94a27bab2e4,0,5856.3595000000005
4b60379ad2ed4f435d71c6965d71807699d4ef03acc1c3a45f2ecd224e67d910,2,3309.9685
4b63b35f16898a7f49a234ed13bd8dfc7ecf80594836c87b4cec5fbe5162a2aa,0,3518.6205
4b64a3873b539dbe4da2191250a3abba816f2c0a0e9bc3356e19e272fe7331f1,0,2942.963
4b6929a95b6dfcf25f0a91bda8b83a1beadf6b74cf174dc4bce0ce09d388d7dd,0,912.6610000000001
4b6ef9fc3447abaff86e9373cd31bd32c26b7d2b0f289feb44e83478472ce686,1,2594.0205
4b7455c6eebb7ad8d5b6ca0adcb265d2ad73962832fb7770428d8ce224fdb7fd,0,3652.3025
4b7e9b340c39fa88fc62c02081fc0fe5fb350e4ddf33f88fb7b4c8b72cfb1fae,2,1828.4065
4b7f13c86d0942bab6586aaeb9a506c699d75e653c416039c94a116580426078,0,5150.2625
4b8a4bec78265a195f74b39ffc420c9d0d33dd22f7255d661ee8ab7b8d478de9,2,3966.5595000000003
4b8c04b945ff6d6571b5fec2bd04dc9979dda346bc705137073d5147db6a5689,2,1067.0345
4b8d2c08791ad7cdd286f24c27493e4b6b61c9ee0d88cdcd66bb08ecaff5e0d6,0,4517.29
4b91a0e1b87f44738dd3cdacfd5fc9e8c3e10b86d981dbd2178dd94ca5c68950,2,190.9315
4b92888b79828c60c5e53d2bee111b8cdff34cdb0bde71dc66d917095d23e183,0,4022.918
4b92bf53040be04f10c9c4eeb544219d1f6ad8cedef1971a76fb9b0cc1f2943e,0,4216.166
4b97df9b1cbf873a6ca0788c4df1245ad134f588ae40e53cd044457b49f2812a,0,3935.8309999999997
4b9fac0390420e769eed26160c4dfdf19cd29126cb44571aa25b23ca54745f0e,2,1078.4044999999999
4ba04ff91a48aad5831023327dbe89ad1acf1e80a0cac64add0e7bf379f88152,0,4858.5485
4ba628af4243ebc6564821c3f3929278da9fdcd5b6315184a43d926401b36ca7,2,6232.5465
4baeffbef5c34da89a6a60d0dc681d881dce0e75188c6d5631e8b79558ab522b,0,3868.0290000000005
4bb396c3248ad58536d5e008a9a14b16092f8979f28e95617bd2c2e5f3e65ebc,2,2578.9445000000005
4bc22cce63593427ae8eb68606c3be106da644e45830d16215a0ff48176c5eb8,2,717.519
4bc7050e0ec901315b712369d424bdacc0fd5a1782904c2734f1dabc14321310,1,2102.4030000000002
4bd0724db5daf2a1b668f1cca65253d5600d456da6542de37457db85845c105a,2,2386.5205
4bdb7e2c35c16aa536f0b49329213499b152a860ecd7921772e473adb6fa4b5c,0,16503.796000000002
4be663ce6c6dcd83ef0b7ba77869ffab1536cff6fca76af9b3c06c06afc22899,2,1763.875
4bf2d9653a90bfbd7897b480c86382d4a48b32447ffc82c984d245f12a0e5433,2,4027.652333333333
4bf5d57a9e8de9752c2a4e67b9033bf2c11469aaead48d4ade69616fe102a881,0,1879.8495
4bfa4573852fd3fc76014eb2e366af99bc79b22357010a2372dac9cb516c89c8,2,925.211
4bff8b18c19e9728ea8ca6c8fbdbcdddfe1c365a05dedd8dcf1ab4663bec4901,0,2882.3954999999996
4c02ba5dcc774cce6e3dba0da8c1c79127905fb72c0de6b5d19bb4fbeeee1e41,2,2950.5044999999996
4c08d32056bc53f83fcca0b96cf6650830fdbe749c9e9f736a02278d95a3c305,2,3069.174
4c1003c876dafa9a6b0c2d7dded367c1d23afbf4e79222f4fe49a333403b424e,0,5427.003
4c112bd8555fc0d4aa3c7504c591202a0219b017b87da658675d68bc55c5e346,2,5997.661
4c167c2c7f5b24ef70b715d07095594e59cda4ffa9014416324c22d72f745ae1,2,1655.952
4c16ced1b2d0c48af3827c2ec3afe34638233c273a5f651b5fe26d653b4339cd,0,1794.255
4c189a64289587b20fa3d2b47bfe22a398f04a61da22d063258c1e64ea774c67,1,2751.0745
4c1a915e20a2cd559c028ac87f7935099955e92500167a945fb31acde496b85f,0,3963.216
4c1e62ca47f45065b4fa4898fc4608bec0f4d1c6584089df2e05122178e900ce,2,5034.631
4c1fb5cc59b4b66be709d5addb43fba58d184735355413c9d6c68717ebe82de2,0,2687.608
4c3d8e49710fd41562427e3bb22cba08101fe8f103a1730262c0479c8546c7cb,0,11875.7535
4c436ae82c67873b499931b1ac45d25bbd6a915540bf2185429ae435b49e21b4,0,2808.3335
4c4ed4c22d44f6f60c59a9d613d91c7b9ddf3e4bee848d920b202217e8be0a33,0,2038.2455
4c550e212ce7c3c66cca4f3fab3a56472e587af1aa042394cc3e5fece07a267b,0,3048.4055000000003
4c553f417e0f49a1e5ef916109a6789a3d3f16805ee936a1db58b38ee09765a1,2,8788.36
4c58c3e70b0848a51c94e8a30c4b6caff4a4381e0e0134b32da961585bd6b77d,0,2755.467
4c74681a0d8ec6e6ff99b0e5d978403bb6ad98a332c9eb163e86f7188bba5dc1,1,1735.5280000000002
4c7524f344c732472a9040995d0ff04878c8a13c1d31db99e73c004dd1940c88,0,9326.600499999999
4c811a715b5ddfde6c6a844b2532b80c28e94d44e38e2d25bb1b0eff8c434fe0,0,869.9815
4c8d77b8db8ffa8927b9e0846d75cfc671a3e7523b11b553fc9fc2ddc013d3b9,0,1587.0835000000002
4c95fdfa0b20f05203b172f5a80191798cd59f4584219b3509b59f0489516aba,2,2316.5985
4c9f677396ad9350d5e045504652592b88bedaf1a4519a4e07a247f724f61730,2,176.21
4ca0f46b0d203c3028a0573131e719ad67abebedf37e3f98525eabe4d1d1d8b0,2,6126.527000000001
4ca8677e01c554ae93456a5cd7e186c8e380b70e2ed04fd23483696f40574b71,2,1783.48
4cae132cf873458f2ea9c5af00d12948db359600a7341c8491305e0ebd07eda2,2,1742.949
4caf49a9a72f58fb98f2a21379a7d94e46e206f39752ad568ef7fb657810a6f5,2,4087.740666666667
4cb42bf83a7c4fb7600d107ac49713f2589300d4b3c29340a2ad31bbbaec6ea8,1,6725.4515
4cc3b392d4ecbc0a62bceb5bb55364a0e9bd9296583a82546b1f0ce06fa25c1a,0,2091.489
4cca97e724fbd504451f35d92608b55ee805a1fbb4ff979ce8643a8567124fe4,0,5643.5715
4cd4d5b3131a0c799bff0aaf6b12bb225e7a964c3a1f5b9a95c41acfebb67209,0,1976.8125000000002
4cd713a4f8b016dfe4dd70f53fda373d864e8080bb238bb9a0e19d47fe650f42,0,5990.028
4cdd8c1bc2ccbe6b107a83bce192e7967a0e21f01fbaca00de3e979afa9d6cb1,2,1306.8795
4ce995a68bb031b8675aedc6c8c4917fb0c0d0a5046d80e50db1b6e69ec437ee,2,11950.1795
4ce9a09e13f76389b093639faad3b884d1e2c9cdd50894aa406b733ccd42b773,0,4978.418
4cee45c3f1e1f81ee31509d9ee0a35ced795e88dd94a883f501d5202793e6b91,2,2073.0025000000005
4cfc40ac63c6ea2829466ebd8ef9227eeee7f07af9e84fd2e3d5f6c0102a7bbd,0,337.97
4d09aad75e1753e05d18a6451fba5511881e3c63d518e9d26e971b9584280e81,2,11447.630999999998
4d164b041f2c0306b505b691f6094e21cdabae9bb27548fc4d34c1fbe9244318,2,3330.1065
4d1b47cd9ce094e1a92bf377ccc7a03c9b0c3b3bfd073765ea3978f1f14fb566,0,4916.3745
4d1c88329fa93fbd2e42a8aef3fe0483646fbdb8d4d1420952b971b2af14fa50,0,7746.458500000001
4d1d9efbad1d6cedb776054b1e10150b3f692b72e70461541034ab059b672c18,0,2312.4399999999996
4d2a8da21b1cd3932ea58c8170e04d1e9266f7d22d413d8dab87eec89417b1fb,0,6169.048
4d37004117eb668e30616e82f50880afa7c759c89763e9f3fe7a764f050efeb8,2,8485.7665
4d375994a829474925bf00ad69d612afd076c8f24a8dcb53e8958516cd25f4ee,0,4003.1835
4d41dd04a3f8244e8fcf708fbbc41ddc488ba7e209395afa8eca49da663ea503,1,2530.9975
4d44b4757900baadf11ff3938db23f8bc4c5d8ecd9243f07cc3d32ec2ff66a9b,0,2249.1255
4d450cfa672406d589cc65fe4e7e2c1d4a606ddbdd07c84124a50650b76157a9,0,794.712
4d48f8e0fb22773ef5e17b7186b698c50f3ed8c5bebc3cd353830fba52fbe511,0,1487.358
4d4a3206437ab81b7c70cf14fba0cf96e6673b2499770daaa5507785a1a15028,2,7361.384499999999
4d4ae6696dbf2da86110d1bb66931558419b75ecc3a914cc93c794e71afb2ee3,0,1861.2445000000002
4d4f8fdf3913548e30dfdedee49754a92510dba8029e81cdb99bdfc5c7c57dae,2,1648.0449999999998
4d607c453392e7379daf4b79821c471b033b621c5ed1626aed0449be4bf100fa,0,2016.4865
4d682662889541125f1b04164c62cc2417471ac4ac14cbf0f6e8539b06369ce2,0,3717.6710000000003
4d6877b5bfb8bc643c5d5909c64dbb51cea518be7578ca70d913359c60385e0b,2,5792.399
4d6927e6463574ba9ebbfd0f89083963b0e258b996f2669e3d8ea571e505d287,0,6365.1055
4d6fba797063f5a6897472cb4f00cbd4f493addee54980d82972453a9a4e58de,0,4366.615
4d706fb287ec5c9d5a85385c5edd29848a5e494736903fd35bfe57cf7ce5a211,1,9514.6505
4d76de83dfa63de1f44692c96578be7cb6b6f454810978c97b0ec0e0e51f9a2c,0,3206.0685
4d793064e77ee1066799b6963e2a4f05718f864c6c3da6f9c636a734753e7f6e,2,2732.075
4d7bc77f13486782ded71bedd24c8f286c07a33b4678943595d10cb5cd6de09d,0,5006.6845
4d7fa617aad99896ef99b9e02b8a1ab88f6c48e8f2531b743a7eaab3b07455eb,2,3406.6355
4d7ffb13280be1c0d09429e34f6345b70385cfe62e65aa441d1673b0f05363fa,1,9110.8585
4d824c8614c1fbe13b9cb6a57189749d89c732303b078909ce0cce3bcdd0dece,1,22438.3085
4d838a58b46d22e320df347ceac88cbbfeaf450872cbe6b76c654ede9e07aacf,2,3995.5469999999996
4d91de86c64c04a49153db7dd9ec53cdb0f155c55011a11c006ce7bb378daaa8,2,6245.75
4da45771580051d80799dd849b60a8164981de40e11c9b8cb4fdf5ae52093191,2,4213.645
4daefd50121ccdfb874942bae2a02bd9553f88bfa15bca400fb0b325eed86617,0,9786.6305
4db92665ff49494cd20cad1dbdd7139deb7fed2a762d182ba665e0a08ecda0ab,2,4793.293
4dba44d9f33add4d9216a1feffbd84b8ede8c1cf6f64e125de52b8bd26dfa770,2,1217.6145000000004
4dcc961d569de0600e9e7b116f97109e56ad471fa1689b352cba62d190c596ae,2,21708.4215
4dce1e5fe3f41f287299dd392f13a63a5e59353db8bdedf0066086c54a949d0e,0,4140.1125
4dd8cf5d1a98b46d09c6c01b1d11657612dd256d800d8e9e27839e2f08315f38,0,2736.286
4dee7ea6fd0d135d551694230768331330e07d2f201929f5c9399b3fd128cdaf,2,4119.748666666666
4df063245780046b68f0d2405db79652ca0aac94089735205f10f55b3cd8d556,2,2524.437
4df0dc5d2d71fa1f4cc6355360d4604851f526bc4d5f3b9eb59f8b453419ea86,0,4432.718499999999
4df13c7b99e3aa4493d3fc967d70f96a05595dda22ad3417f9004a3dee4fa779,2,5271.9635
4df20e7e3dae2eef0dadefb44e86aa696cda6ba1d945aad587879ee08010d0f1,1,10163.9465
4df5552f7a8ebfbddbf43f05dc1d8e88dea0ee76a128e88c718bb58534c86d78,0,3535.142
4df6d22b8a17d36da36047803b8790fc9c779062e1815450dcad803b21ee5830,0,1093.4625
4df72806575d25d9c7a9c064e489e2b06d6a713501cfb9b037551bd418db6aea,0,6758.9545
4e045109e33ae2d5105c9edd55fa4cc3965d81ebaeef109b7460c201a2fb2790,1,4925.189
4e0d0fc91ac59ab5032b42f226c02c448783cbfb1cd9bc0f3b274d5be40d5821,0,4793.947
4e1184e5b2d4e12ce271fab2bb8bea71c228557a9bdd919896a7df961f5d77b5,0,784.2069999999999
4e1b355d994108dc278420f5c2099dc72f0a9942f9f29b89fa71987573f19457,2,24461.278
4e25e637a3d259a4cc8075e906e15cdf5781e6924bca90e0b62951d017be6869,0,5187.106
4e2f02ff10bb840b2b4aa2fbdb069f9dc76789c9653a99608907be6100330225,1,1864.58
4e31165304ce99f5aea5a66606784d78f761c5557a10f04954ed510864b17e03,0,5928.5825
4e334a4bb3507d28ed2e28f11ff6cb6db0542fafae3bfad4edf3790f06acb8cf,0,4165.3805
4e33ec70fd8c335a16d85cd09e0624e17711219491c98acf69015ef2e8d49c30,0,1870.49
4e3ec497da6e7c049afe9994c94f311a349564190fc3c8834630f0966fedab5b,2,5212.573
4e4a03fdc6d2b3ade8c6b2420caf1fb99892d3285b6c150bf0f880dc0f7e1e57,0,1137.9615000000001
4e5c338f341f3e5751a0f5aaec63697c98f5205b2c0bcd490bf98ce8fc751b8c,0,3077.357
4e5e377d8189a70e924cae93aed7b914025ab3ba196a2cf3aa728be3493f0f71,0,4630.2475
4e65fc670edd35a981ec898fb1b86049fa646f8528b141d4397e16aa0d2d2368,0,4300.4035
4e687e7123d9b2dea41c03010e03176a9a330a4fa9cc9156e077b170e14c3a8e,0,102.21199999999999
4e6e427dc6058c76c38c0db0116c5a75eed5f2c94b71fb22f1b5a2128160bee9,0,11829.4995
4e75fd92fd4c0b7d74347f62e877ee490ed60c937bee4728b8ef82c8775ca53b,2,3708.303
4e7dde5df6723bd57a652e088b0b500da1546d05e5be084d8dcaf927164ebc7d,0,7325.3005
4e87082b184534a5bb4e16d57055f6c979f8d8e7d4aa9409faa270317bb931f4,0,1707.8590000000002
4e91e6ffbcc4a422370edc9a10c5cd8a74beb00b8a87e7380d8b08eb209324d9,2,10872.880000000001
4ea2a9a07019d5dd80c1ff690b5b4c288af162d472b3919bfe1d1b5c5cbc4b5e,2,3987.7355
4ea4dd62c7577f3a8c1c1ebea937004df659ddedae1aa82a67aff892ab2b886f,0,4935.843
4eacdff2356b074043ddc87ff07a0a92171568864aeadfe5988b5db50cf43858,0,2180.839
4eb49a3022963c65d0171ba7555652822123185f548b9054dd16191c2efbe3c1,2,7377.370500000001
4ec1eaec16e4c66202927b80258be50176e443f49dbf7b58eeb8b2737992d342,0,2155.5730000000003
4ece3217c163ce6f7401b375ef154e9c3a4c60dcd121fd80e5261ed85ce4e6fc,2,1554.5505000000003
4edae4b0e976ff6541248f3ed7ea4e450bd74778db566fb77d894211a871342a,2,2332.7470000000003
4ee3218d2bfb4372e1436e3255db08f939454521ba7979e466d4bfccdf321481,0,4788.6185000000005
4ee40dd8f4993d3ffa834d7dce5108bab54d7fdf1aa1c1bc0a58b30261627479,2,70.8545
4ee8b4e661e43058df2494928ba60013d129e643941df42a2160c19dd737ab40,2,1852.6785000000002
4eeefe454dae4ee2e0cfe2f593a03118138fa5e819855d67c46587eafd151350,0,3444.2145
4ef1650f29908a62f39047a3154b909940cbdf3450a16f56a8e46499f51c9d0d,0,1096.292
4efd611f2f767c241fcb261533f44aecbdaea4276e3b08581dc0a7ccf8db290c,2,81.017
4eff66e4554df500fe17b30e0d11a74afff84dc4d6288e554d3dc1b163b7e4a4,0,4166.385
4f0bab2ede92212122d15b839c7e340cc8b096a1cd45129be488c3ec8c14929c,2,5462.8865
4f0e28c11be36717ef5387c8e4e65b24b70140d5db08417773889986c545f11c,0,6075.402
4f16429910feb57637ef1f8026c43a07863fcac1510d6f1d0d2a75ffb59c309c,1,14435.3835
4f1d6ff99dd257ca878684a4d1bd2e13149af075d82b66b45e94002f87bb51a5,0,30.277
4f2d3ffb402114b0a82bfbae50e22d54ccdb9924863c1a333c12b1b9f3606c59,0,4821.9645
4f2d5074b2bc621d95bf272d3c0b25e6973f34ab0152a58e5e3d5eb9a9085773,1,574.6595
4f31394f78d0b3d1d37ccf9a6155b28c8b4c10fcad6c0abe4885f19f86b1d98c,2,2005.4865
4f321749134cdd99f60d001a846d19c1bbf61578db04e6d7a4f07b11d21619a5,2,4222.205000000001
4f3cd5b5ea1bd1be8e673f318e66826ad92da89bc66046ffc2429015afc43baf,2,4936.0635
4f3d25574911573e5dd0c9dc40bddee781e84a7274f91ec9423abadcf7adcca7,0,6690.6265
4f3f82c674f982ffa172f54dc79d6cb419ea9cb87fe5129fff1fc75b33784c7e,0,5905.0830000000005
4f40a2083393e4917a2c0489fc0a44b644810cec7a763393133fdf43a71eddef,2,4889.557999999999
4f44ed4310b61f9f469c668b6ee8da87c915b4dde6d6691c3356aee22e1f44c8,2,1685.1645
4f48fdb70d8c8bbbd8933bd85742932e888510d7245f73f7c7bbb1e034cffdcc,2,5830.807
4f4cb2baab393c29715b6314885a81b65ea9973c6e269a737402080d492f1961,2,2015.3935000000001
4f533fd7b075e7fa7db52c3176d072dea10164b14cd927c6b99d92b8a96317e7,0,3996.5015000000003
4f54ad63e9c340e6b84886d9b4db3a0ce0ea671a8a03ca151dfd23a5baedf679,0,1216.74
4f611f83088303fdfe1cc12396de71abcdfeb0be106901915adf7bb3ed578590,2,1051.5905
4f68cb5868b46f4d78421aa40821f0a4fe7bdd378bc72ddf95e0ba69eaa77f04,1,775.2975000000001
4f6b2959b6518fb210569bdce9758e2a20a5e3377b63a73170e8625ee8bb8ab2,2,4084.529
4f6eceac9af503bdc7ce024d90134868ca10922db2abe69c2f0836d0c3c8b5a9,2,4356.347
4f7621ded8d3c78d578b0191824ff1f771241f95fcb180fb9753d3b04d0b603d,0,8757.7915
4f76a5d14dba6243450f221d18954be5ae3db9573501e8ab53ed4482336fa5ba,2,3916.9455000000003
4f79bd89ff2bca78012d87eef40bacba4aec6cda8bf25eab95471ffa5744d896,0,1958.1905
4f7f845d68a79c4458ff3ae1387ebdf4f9df55a65ac00c081bab77954ddd40a0,0,6536.370000000001
4f83a464625ffa4cabbeba6c1cba7c8e5a748f3f4666e499cefbadbd9714c6ec,0,4251.391
4f8d734ea5b30ed2a57c5fa209dd7afca4c6325e5fd4e22ca0e423b920609207,0,1040.76
4f93350263adf1de69e45f96ea3daf4133161cf0578aac1c82d7cb975ad7f999,0,7344.284999999999
4f954e69f040f679dca8c725cface6412b32c858f68f6a724ce36827b722155f,2,5816.7745
4f9c5ee676c68ea196617c66421448314ae30642536833ccc8f412dfb089c139,2,5449.0715
4fa0f759a1d4cb46be79a2cb7cf78c2c6eca0b043d5c674805acecc90383a060,0,7406.014999999999
4fa51deb26a563a60fed43d3b4dc695da90bd0f4f80002d43e3bf1b1e0073693,2,14438.802
4fa735d29337bccb9fdb3b54b6dff23e7a27c4b07317760f1d60b35c6303b0b3,0,6012.1759999999995
4fa7e6694ae242f79a029eee3a2493ef8e48e8a97c88893e9e13edb03620ffb7,0,4521.9155
4faaedc507aa956179240a7b4194bf22905bb8a688824918ddbf18eb9cf73bde,0,2542.2505
4fad37f66f46072bae97fcf6d7169710ab018548d5f298a47b3c3d40c742f39a,2,5360.7675
4fb8441b1738071fd1e88a18883188532a73db088d8bee777e8e7c2702826b70,0,2919.6435
4fcd6abcc36ada5bceb36861960df7d17b9cf4fa047658063242d515d394be6b,0,1011.1171666666668
4fd1e50d37983b8731ef823c8b11c89c86b5c053eeb0f19f72ce463cc3c39ebe,2,2045.184
4fd34c8d58acd3523c37d41132f9d4aeca09c5ed1cb4bda0c4ebeefa8588ac98,0,1873.982
4fd483e215c4b07531ab914cd7a711e3efd18f3d18eddc352554bcfce7fd8833,2,8162.102000000001
4fd52ae5948065e11f773ab6f8e7f891582df7fcd115bbc74e79a3aec1df1118,0,1899.1640000000002
4fea03ac49f0d4d80251e5e1d95eb58210bc8868df652308b6f02ca703fca6c7,0,2036.243
4ff28edc092b94e2fa2fc0ead1412690e225d0d3d8db8f4e21d189ef972ec9ba,2,4257.015
4ff360d3a9c4fd9dbd14f842dec69c08bcd8344aaea6b02bd64e6fb2e9e0826e,2,8465.140500000001
4ff4ba420ad0d4ed45fc68fb3a0d36a63a4dad42973eabd749c8c2f7cdf6c05b,0,2498.5575
4ffd39d1fbf35ac60ba643f62c6479cee0267a5d4a81d0f958a39873dbb70334,1,12697.248999999998
50102b2cfd8cb9639fa9b90bf9a79a97eb5b2d8c2b88d65a9fe33d4ba4f63236,0,2971.4559999999997
501634c152f893d786977e6f519d4861e78a14ff0ccbda406787f51cd407ebf6,0,4794.488
5017147b5ebe4e56da0f210b3f473e3402bb2262144690d8d7180dd97d0048a1,0,6436.1005000000005
5018ed672f5871122a9f60f8f846eccd592a8abf86e6fbc58a713061e065cdd3,0,4812.186500000001
501f4cf3d3c4049a7e06dc4189c39e18a68bc8a6493b4a28c5914f4e7132d2d1,2,1872.884
5021df539148c2df30f4b3ce061f5e320509a8d78ff6faf730f06e98fd30d8c7,0,983.6985000000001
50279866c206880b7217673a7e6ff125ccf7a089c22d1054faf5851ca46ce860,2,2204.0125
5027fda2837bf4f03a3d7d9bb4b9c4bf78d199899d1f8756813b1760f6792d17,2,7153.4575
502917ec363617da09bb37328414073c77256ebefce00999eeba7b9c48723586,0,2124.4555
502a9c44584465fdd5c2eb8b537d7ea2cc7968658050775aca8f79e8269f4d14,2,5738.7535
50333e45f1fc6c4aaab563e3f48ebf341290d4fe7fa5812d179a52b89de41910,2,7281.866
5036592fd6fa2345b409f8203185e967f6d7b0375cfdd0dcc566413166bfdd6f,1,8723.952000000001
50386422f7530e5ed74133b9b5bb816ff6819f844172a0c17792050f5461ed61,2,1566.3195000000003
503a26c98e151ac3cb96cad677f6d20a1c614741169951e59c86e3bfa15cec1a,0,1273.2675
50481db6bdd585979912f86c69e66f3fb3322536eca81956180b4f50f9358ce8,0,4119.5185
504d236a65a459e05d299a0c012995355d77bc508cb0d1aa1d73df23e2ab4f7e,2,1650.284
505626486c27902cb343057ae67a744d4bf9fd3d627cf9fe6cad8daa2db4d8e9,0,6829.207
50566be6ae59d2173eb31786180b979eabaeceba4e7ece73bc2caf71e4a8e926,2,8727.143
50569a3bf2b3469b6457a7a647406609b75f4ecab80d029cdcf77606798040cb,2,4852.5215
5056a343156e4ffbef84e5d8424aef74d567fa0bb81610f3410561993d226f54,2,8057.561000000001
505938222899a165a3da7c4720642c3d5678754014c6fcfe7296d83614ca42d2,2,1814.7525000000003
5060126398795d381254490d844c1a93a0a8ecab5cccf54190b30a703429f5fc,2,3858.246
5062234c92aa3f2e270462ef1b4c94f21203ea217088656ee01d32eae3a99f85,0,4171.398499999999
5066061b4da539782c27f7a85d9309b177a67e2b570d0c64f09c858041d2a9d1,0,2444.3190000000004
5077c5a6e419ef54f277d687e30527a9cbe3047dc96fbb5c3fbc54af3c60f6b9,2,3904.1590000000006
508d904504b6865a9918adf348fdc8a5145549a55b9a3c783ccf43f6170fe985,0,3510.8630000000003
508e6e1bd6d1d584e6aed3a870ad1ccbc4b02e8e7523f8bb5b1135b814c29d40,2,7191.636
508e91fabe0c202e4740cc166dd24160d66cb97aa2846f9cdf20f48b9978e375,1,11429.0125
50af74e988291cc4b744f13ddafec5750cc70e8e0baa350622ba17b6dda4bd88,2,6995.628000000001
50c73398f035bfd268c660a01b98a6ff5480baa170e10bff01dead7dd1b892c0,0,4802.046
50d01428c810b5d1e526d15d9606c1fe02f2706196759ac5b84fa67febb72a36,2,3420.0285000000003
50d24dbb9da5cb87a861bb15eeba142df5f44f5fd6e1f7d922cb284d23db4c2f,0,3145.4970000000003
50d38ccd403c218a642d2ec18bdcc7c2bfb680e329dd4cbadd6b5eacb2fe6657,0,5090.5305
50da64c7686a499cab8342c724e57bed8ff2694a4b75cc3f712fdffbec337b43,1,9505.2845
50db34eeb27decc9c58f2dfdfb0c8d3ef9dd36dc7fb6bea89dd46b911389824f,0,4921.544
50dec2fd5a2e27ab6c4cc45721d72483ce217c3e19566499c59e7e0be74db3be,2,21609.111
50e1757ce11f4b79359f64a19404099d8d6ae1cf7b00025184ce27eccec40128,2,2574.4285
50e818e0d25a6610213de97d1a0da811c1a3cbbb40340585e07e35a5d036d027,0,3675.539
50edd1891b25ea8296efdb77dca7e4da0214494f69d3f245e76be8ff85fe79b8,2,1412.5285
50ee6505facc3a6bae3f9d5ab33e3623a4cb98db1391c775092b3ad725a836b1,0,1449.229
50ef55dd53776405ec9d34aa45beac5b9f5ab3d5eb457b984bba06346ca0dd9a,0,5099.5735
50efe5c03387ee93af56e642c7c408b6aafef84e97a806ff84035bda09635290,0,4528.4845000000005
50f074e717da2e992edfe251e9a8c1ac2b7240b5f0124328dc405c8ce0019d66,0,2250.3925
50f1fc18a1007c4d892bc3b2f61b0652aec98114d1d99f5eb687ba56318862e8,2,2284.308
50f97c7d566d3650ca506c53ef0d40d1008fec4648706fb03ce78e9c2bc6a859,2,6650.3635
50fe1e0426e1b8a8ffcb7b23c5952c3c229de655318332642987922b0a19b4b6,0,1786.426
51034a76b7044b7c883574328a2394121e0a9c43008b8d6e8f6d124532471e87,0,4925.8945
510a7c015d2818f02b27a2ee6107465949fa9cd46d750db8d8d18ed9e76f5a47,2,3245.4555000000005
510fac7b308ee2ead54a125b0dfcb35e20e07112a989438f90290bf24fcb8245,2,413.566
51112ad7e1f9a633f559bf9924ea2283a67940e12cbf0dedf07d7efa6927bd82,0,2412.4945
511252dad88bcc6d74dd28d0c05df90974beca04a05f27e6e2ac4fb578036150,0,3800.8415
5119878cc868c5e6692f5d3221061f5631704004bf27d167a6c8501a62da7fba,0,3175.6195
5120c8f0f414239b01f15c7a28550ac5387f7f030f1fa581301dec4d1db21cb2,1,4264.5735
512bfd1a93d550f0383639836b5b4ccf4c5c7b62b032e3bfd43ec81738308675,1,5094.2035000000005
512e8013e4b5a0ab9edc2916cf308b9432f3e726c57ed4efb078c733cb627908,2,4165.197
5130119aae5a4877c72dc0d45442c36fc60c5711d5735b8c408e2d4685e6fa48,2,7386.6425
5132eea0714cfd345e9961a612cc4b22e45b81582b475576980e50de47f6ffc6,0,4773.347
513b4b7050184d28105746fc325d3b81d1f2ce340be8edbba62c8dc0efbdab17,0,5938.6089999999995
51457c22333111c4095bd525516f4c2096f3b0f25fe06827947991e0fe377a5a,2,5328.378000000001
515d970989ea16bf4da281aa834ffe25a1da58f0b3c10605a66c4bedce93393b,2,2590.2194999999997
5163da41e1882595d9d9371eb1fe73a1601ccf617965044c189554d1f641edf1,0,1342.9375
51684dff77beb980a95b50df49402cfdc6d83c6f971192ee54cbfcf5a7d6214e,2,3511.7525
516d467af138c88ffe29b0303830eb5d717150684464146425b6ce04f3554e3d,0,5314.693499999999
516e9a5c8de5966ad3c0cfef4271d564c2d55a7d1b749c06d45319015c65dbf6,2,16533.0795
51784e905b05237fee50d5830647575478bb10bd0f799c8512362387112277be,0,3359.5975000000003
51943ef9445ae6c86cc389dd728dd9d4ea6d5d8237c0f35acefb7ecd35ad5d24,0,291.36300000000006
51947ea60393c21ca5a049c5f70d87376285cdb28593478583086b483f82adbc,2,1879.0140000000001
5195df66b74e88f65dacfdc08d639ea896f89e5eed9f91c19d5ee06bbdd73301,2,5030.938
519c5d71a5c1177d189b3b7d0ca443ae02ebd45ed29641d15944c5c4aa83fcff,1,103.53
519e69d137de6e7657e6e56b8c71c8b834d0596c61503f31c29d448e9907c0aa,2,3409.0175
51a3d4b4a1f504bed790d547fd2846303b4c8c4735dfb846629f0d7241aa4b84,1,4011.008
51a75ca487e35d7c923da6ec1422d56ffcc31151d7982cd357de17f2d9977f6e,0,2645.1459999999997
51adeb36193ed5797265a9dbd65d210014c11729dff83ae72ef02faae02beba2,0,3560.7815
51c29aa1cafd9d07160f4924e345cf58e2782753471e63706789e18aebc466f4,2,1796.0995
51d219270e6d55af4a968d286a3f5e9499242702a486a8971dd5c2304b9a4040,0,1017.9405
51d5c52d7f79c6c3ba5976cabf8c2c198efbecf96da8fc883b032832fa743d5d,0,1060.604
51d71261cdd808d2587249d90d92c7de8b5aad1fa839d13ad2d8596d984148d9,0,1768.031
51dedd83afbfafaeefc60467c6adfeb4bf54cfa5909f3a58228a705dcdeb8a92,0,914.3100000000001
51e4f43c9947cc1eee68650d0584556ffb8bd546323c7137bfc9416fb63be52a,0,5010.955
51eb4540eea294b44829d6dcaae17bc4dad1d1c17e49170ee5391115f5b8bb32,0,3328.435
51f0c5b497414579b950a6d2b2985f5790066ad8d1eb0bda4c62a4ddd6c091d0,1,14208.987000000001
52006602c60a2670c771c418815589f315aa70e5efab69ea10e46b4e2bef9d3f,1,11236.828
52042ca087cc1bd4b3b12c209140e5f260ff58182fc10caadf46d24b74a3c054,2,239.71350000000004
5209c4ac98dae320dbecad698d49e404823e365e858a3833f95702c3a950a64b,1,3222.0339999999997
520f72e3a6080cc46ace59d3c2f7a2030f00802ec4db6e7f4a16340a6dc2c0d1,2,5689.4055
521e16f7e55db3bc9302a250610eb0447f62cdccccd84b2ed494926093a5d6fb,2,93.27600000000001
52292f0511ca33887c4df51d92e13cf8c6a75682db73f39bd566cf1ace550a25,0,2892.7245000000003
52299560a607730738bcf15f2ef2a59d35815f345f2ae8bd30204ef6d4e131c0,0,2189.09
522e36a90a018312ffa931d5fc04be5d2c5bcbf433cb63fdd97893fea28a0d6c,0,3858.696
5235b1598f6b4a6a09e5175f6d3dfe9243e40f21b5eb24cd58349451fe1e67b0,1,97.23250000000002
523885eb7ee5035b1dd328508684480f243383d0e8219a9c935974b614e60d5e,2,6911.913
5240af167f132fb2592f8640acd6d7a6951f51d5b62685d43eedd47ecaf93b25,0,3085.8469999999998
5241165458ee8b8fd78ef6664bf3f649150153db5354acfcee6a0fa3b28af1f3,0,1435.0145000000002
524227d8084f0cb2631c34a8cf051fbc3da9d8a8b1e3e5f926d48c525bb148a6,1,9499.117
5244c170889d0ae85d6a2794c4cf87c377a385a54c8a280cd099c2661f0660bf,2,20.255000000000003
5247066e00f9cc9fb60938d4cd88291d56ce0c61a231e8870c8e53f0617d3abe,0,3199.2235
524c25ac0616c6615a0b60800867aff546cf8c8dc18cf849c49b95df925fc8d0,0,4247.9615
5250ef9b8fdb4ba250b4e51e1f257ab96bb44f7d5a0da09a04bcdebc9ff2661c,2,1676.6190000000001
52635eb136053a8e446708933ceaa62361c14ebdc250d30a12a343c38d6d2100,0,7912.187
5265ef0a62e210903e93ecc5352224e542d7a7b134495db9ad799911d131edc5,2,147.185
52677e7f6c6e376bcfd629a1bb75c940c4f154a99cf7d9f4f7ee38de14c01e0c,2,2579.941
52677ea3e5706b0be6eeb41c87c0b1933c2e91fbc2582f979af1ebb9740778c4,0,2447.608
5275b46e6552b56f370f34b4f86eac44a175a8e453a26ac79ea7fc090662d893,2,4214.9965
527c713dfcbddc7c3bb189855f9d51362f0481a46d65e9d8b2f4b3abd4943890,2,10086.856
527d4a8155b0232d65c93ebade0e10c50518810630d569c8260df0182a601b8e,2,2538.737
5280793493ea3697ca31af2299cd5e4ec8bc80ed8d5a2286794b155548cf7d54,2,3917.4065
5280b1d51ce4ed271d01372cc1ca2602cf9b43eb522b895288b5b093e00be265,2,3990.8505
52822de0f39ea6163b9036500eca96ce4ace0069bcd9c1c500042b7fe71889de,2,2536.7435
528414e5d2e9bd8dfd65612d331bffb5f3cf21e42106deff64e3560ae657cc7f,0,1613.9965
528d9421d2a35f43cdc48ec4eafe6fb053543dcb03454f46bef53818730941c7,0,4512.923000000001
528dbd387b54392a10175c853ff67d1c02f357bf2d798b6ea237229beaa0fee1,0,8191.008000000001
529a7357d83c25a9201f7c7cac48b15cf76dc619feab7f787af415f8534eb7fd,2,1526.5325
529ae5e4fe4f409ecf92336a597108f6978fa612438f53fd3b968bbc16d3737a,0,2433.2625000000003
529afbdc6d4fa89525c3b91b7abb83b6d5e549127fd1935b6bd72f2afca2d9c6,2,5875.990000000001
529b9a5d9fef16b6ab1ac574a55918768ba21235574d91267ae0c3d64e704f9f,0,3577.4449999999997
52a036e6814a05b2122dc16e3d1ccb410533c6a21a7a6cba7b8d0407ceafc720,1,18571.1765
52a80c432e89cd61e775d435ee4db56aeeee61b620436e2a92e2cee68857abf3,2,2353.4315
52bf48b213558f764cb7e19ebbce181c0aef3eab7a8fc52b18605989a8c1a5b5,0,2123.8334999999997
52cd363c1b8cc66a6b0c0748855a264a20d4bb175af13b10cdbd3b1bdcd943c7,0,10342.100499999999
52d35e997c7ec0b22d4fe1f6f12fdfdccbb402acc4d3326590fd66361dd5af4b,0,2599.2574999999997
52d3a9cc350eef41205104b3b8d70bea12640b1c85b4341fc21b4e243757e199,0,2197.8135
52d92f64de76591f3bca3f9f9273347968871bd412ebff7243bb0713e0cb3b6d,0,4963.9275
52e2ddb4721f52978e14edec88db035afa1d85c20777c33ed681a2ccc4103e87,0,1669.1200000000001
52f074e4fe4431846c09479c5340b6d2c19edbd2e4c9c134c231fae11a2649f7,0,5227.9725
52f08972ee1c1bc78ba58f629caee0d0bed9c692e6e5ba4c275c7f163223a432,2,2415.9435000000003
5303768d43f9ec42a955f9951fe364ec559f3f7ba98502ffbf9a83c3ac924d70,0,3131.1995
53045d059bd3415ff86ab1d1b85a33932539eddd45f6c9ed1ba99ac08ef28291,0,6120.978
5316c16e8bf2cdad98407109d9be4630a0ca5ebab56029c53525872745c73960,2,10171.679499999998
531dca940031f8b9e3345df56019ada24cc6559975e40fc1d179c2b0800b67d7,0,6236.289499999999
5327111ade602cf44d093303102cfcf9b0085aff0412768a21153e5c319601e0,0,4888.1685
532729a678a85cfba85c56436f8d677b4f66496de639c0e1bd216c1b9bd7baf9,0,4202.174
532964afa3dd9c4a9fa056fb0672f96238a6cd46132fa1bda748167d5093dceb,0,3700.8475
5331dcb949df8672e207e779cdfa894019b60be7fff1e39776d7a0b77aa7327e,0,3114.5535
533267e449b50453084146af66d18b01fbadfa71e17f2c810b43683010967f1c,0,2670.148
533676a675c697b3b3639cbdbd0ed0f1ac386a15ee935ef6af2b8e329b50752b,2,3949.004
5342b374a5df31f94a823a0a4eefa96100ad2edca14565daf814ddec2021a13c,2,24592.211500000005
5343f3e8cb5d9b016565c98d27c973a36c0569f18f7bce1a5845152eec963557,0,2184.575
534c088c1d1690289a3ad3d6a2f001bc83c5c13ff8308a277f599c23ecb5a76f,0,3101.6705
5355e3d53d47b54c0f6b34440c5b6f08350cd3be7aa8ef97894c9d3ecf96dc43,0,2912.9880000000003
5367da4ea5a9814865bcc6fa1aa9b0a4900b80d5cd03d169be109bbb1830ee48,2,4008.7960000000003
53696eb638bf5c152e7e5f88c9b95c37842a28a253449cfa67d97417cd9cf096,2,5459.094499999999
5371f2791531e9d7c1d170575f4ed6c3786d4e851eaa53a95c0a913568f5c414,0,2315.361
537b80b71df049ca2cf0cb014750709e0bd466395e82fcf06988627178b98a69,2,2876.6765
537d95fdcbac96d4478082ca262fc60dff1a2364889d00faf56313d30871d30b,0,2769.3860000000004
5380d2001ec61f50a1cb569552721f38582c3ec1a7f401d25765eb744a4a936c,0,8608.7405
5383c1b231096f4cfda2c43b236f4824b846c515c76e3625b0027989f4c8380b,2,3207.3644999999997
53847eddc19ada1b53122f2077d904ecb82ff92bc0f7baeb630aa23ba28e9296,0,881.3684999999998
53894908f46f1cfc670c78164057299271936292f39f0fb6abbea173e8609c0d,0,3489.937
538f9f58c053e4183d14e71ada4654b92d61c0e81c1a8b156fbfff3416739833,0,3278.9515
5390f7f4d40c9fc83a6f122cffcbb8a593725d799ec5a652a8138bd3c345a726,0,6070.1425
539a2f12f685131a01d44309c71149731a2f7147822a35e53fa93154af47c5e5,0,5217.3015
53af335e31c154dcbc5c49e9902fa83a20af4254fe95795f67b5151f40235302,2,1798.7430000000002
53afe388a6d278ad936465d7f246ae77fa4885f58d0b0fc9321716e5381a9aa4,2,579.223
53b15360905a12687e47e62c6cf215916333349415b08369d2b7c1ba5e1c6c72,0,1255.971
53b2e85698760929468f8b02d17dfdfad33768a098448d7b8cc67581cd8526ad,0,3142.921
53ba88a4b35e16cc2821d957678ca9356bb83585889c702b86fb785267ab055b,2,5961.4715
53d20daba14b682179b29f9b0f36d6dcf62a9ed136ece300e1590da7d29ff339,0,3020.3055
53dc5ce11c927ce519fb856407d5808a6159f37b0167d80aaeab7892694b51f4,2,4120.061000000001
53ddce3c2a8e2e7fa80eb88f22c74be7bb4794a53ecabe4ed0a9b27b51e9bc66,0,3832.3869999999997
53e4defc4f1047229d285b55fc50c3a1cacf57d589331e650532317a36f0bdfb,0,6738.667000000001
53e6434fb9071c4bae8c09ec6eaeb7c9c1ae96db74d62d5ea6b7b22c3a61e514,0,2872.6433333333334
53eb0320f01cc1ba9686abf364e9b7f4c8165f0260b84c3bd637638e3f4a0aac,0,4609.0935
53ece5dfd5f6e98234ff287bde4c90ada05b11ab95d9fe51eb6b45e010279160,0,4659.311
53f1e2476a61ce046d9567988d0602966558124b294e0b6959a6b99cdc92f6fd,0,1978.6445
53fbd72544994a3b4b507c6524e7f4c91506b5f3ce154325fefb794888de910e,0,935.1815
540b09154bd0d2db4cae028613c590c26eabfb81d773b0aa6e83431b8d0e03e3,0,4406.061
540b8a305f3c09fc6f18ac41663939905fd6ff13612618325c1a5e54ced9b884,1,3569.255
54105c7266507d902ae1313375fd5a81fb03d5a87207fc3c3194afb66f391173,0,2149.883
54108ee35b07a413f3ab14cedbbf26004892df7c773a72b720fc564a3ffcaab5,0,189.8565
5415614f78ffe3e4894baed7c3dc7ae338837d1261f8116c0d0fe780059b977f,1,5251.9275
54179a80e2d034a5d019e02cc96d2c23b8250d4eb83579ace0deba0e96e3cee1,0,59.77
541d533b538f442e8841dab9991e12830d70a1a8aa09ce3d1697bf423b1a1a00,2,4045.2315
541f9afeddb3cdaa6e9b252e373067afdfb17452f126f0a60fd304d176452cd9,1,7880.9125
54205650b20fc37b8925264b27778aa022626feac11b123d68be324cb840754a,0,4048.7574999999997
54215839374f8b6c9b6077f0f09e8c56c332ec6acf82fe966a6c20cf4621185c,2,3989.07375
542375c48f9f615cff2b7295eaec881f6ccd8f5a0a16fb561bb792d40705d5e5,1,7098.192499999999
54262fc294ce9825cdc2ac5cbd06158db0b8025a1d74bcc490e69ac46a9d62bd,0,3061.8595
543037de76ff88cef545edccbb9570e0b174c6ac604c9b195cd2bd9d4f602c7a,2,11011.1785
54308a9faf5172ec059ec31b6c767466fb42de251a52deab10b2b53036fe1697,0,1336.5705
5434ec0d579739a00242b42b69f3fb6d01315e8502995938749e4ef4116617ab,2,13501.644
5460fce29ecd72452bc7a8a33c96fd459415e57bd916e8c93618b50138c03728,2,7992.445500000002
546d2a7ca0b3d2cad6656fe8275050af70995b1ad805ae6ce78fa56ba3be34f5,0,2025.2675000000002
546ef77f4f83d7afb83b8e6dd7066a500acf38d2b628c3271a56477aee324391,0,4852.865
547101709763845b8e37c88bd2e098538590c7f69fed384ce6f987e9cfaf4899,0,8934.2095
54727c74f928ed17740d69f0ab14be0c76deb6bb89395a45756e575f7acba098,0,7586.920499999999
5472d9d80e88b7d513d0fbeba2cb644d96904aa72337e9095d8f31e486488210,0,8559.470000000001
5476f791a15a08765ae9c04405d65c77d2429b284bf72f8bb850497a294026be,0,2522.458
547761969e4398b9fb56359ad8ef960c058a1582316d9b06a86936e6b328de5c,2,1195.3415
5478e88b806c0f60bf64b1627505365aa077e35b569833af54f1bafdb8f8c4fb,0,5442.712
547cba8be2613acf6d293defb4e831054f8d7e0e48f5ba61481995090e0b765a,2,4379.105500000001
54832138faf80d5c2ef65c535ff7e7efbf2f5cf43eca2cd77b6470dcefe40c24,0,2545.1965
54880224d72952b811e400bb34dca899bee0f7234f7e2bdb93c64731d036263a,2,1249.0555000000002
548eef51da7ad520541cc5a62031fd4eec48eb70d803da2fc5e82a78554d38ad,0,3459.7915
5493b5963845495caf873bc524c4c090f63473d0d383593b68d691d59777529f,0,2336.7725
54b487a98b4dee651056c0863e8f32ffc47fdacdf72320cf69f2291abe48aec3,0,407.8315
54b61ca3c8a345b1032d16bce263b113729973a8d79b007452fb29fac1fe08b4,2,6337.794
54b686dff435f138a26c9cd03a94e229d54d9294b96a13303814264baac93cee,2,1251.4560000000001
54c7533a24f659dda3777d9136b5a7d2fca36f27e12337f8d1ccb3f391742292,2,7486.329
54c9d7e3420ebfe549b6aba17b9f55fd6f2b691ebdb4de95185f19e56612a8b4,2,6886.1095
54cb2207cf8cf45d8d5bbc4ceb1f89f50ecc7714a068576174c1a40cc722102d,0,2993.8935
54d500c446ba1022cff387530dbf68f1015d7ebb9e3a16bb54b1bcd9246e92a3,0,4777.8315
54da7f90b4b6e7b0eb731a6e22566e4d502134a074b05de7758bf32a9ca167c4,1,11783.733499999998
54db12ff6e4e4eeeed4d3d9a029a689e33a4767263d3642827c9164b066cf0f6,0,5525.763
54db4a710071b42ec81587e54a5055400a81e01068dc5633c4f91c3048e841f2,0,4438.293
54de874f836c534aeb9e28776113edb1bfe0eea386f96f2feea37f1d0fb5f2fb,2,2676.63
54e353d6bcf10ed9c2283c327386bf27569e915e4a63d5f6b77b892cd3067a4c,2,8844.074
54e46b4e816d3b89e3487add07d6e29ff7a810923ee42d6ad6cfbc72cf4391f0,2,4008.71
54e4c12376a39195e0f3359c82a3b2628c82ab42f75ca02996912426bbae5359,2,2375.312
54e918d71e838f27f35a92df682d4b96b10ba60767ceaab4df1510901d4e3646,0,3823.7540000000004
54f1a68afc6b5a0aaaff9d516732df26793fa4d91628b78f44454332d9cf5f2e,0,2176.9094999999998
54f315526754c4a92db11f34b4f1cb29abcf0ce13b10d30462ed0440085bfdb3,1,3699.9835000000003
54fab9ed38293a79828e90333fb061f087b32a20bcc0d74b709f72e79cdad5fb,0,4066.156
5503226376e02470cc3faebb110ae8f8b87f32e7ede6be604e7051b2c74a5676,0,2398.4405
552123c168d6133f972aa0cb6a933c70acbd66009309bbac83fc1440e72250b0,0,5206.9945
552826aed3f902f56665b74f7b741a7048a472215999ed1ad7144b970b7983a4,0,4297.8545
55290290b4f9b87f744d5acaf0718d26302654b78e8feafc3cbb6efc95af61ec,2,18045.6745
552938ed7f7aaed63b47d47fb036473f192d40157421a75d8c27efff7f3217ca,0,3189.6800000000003
5530fb22a2f591afc12ec5ae2bce8f2558a66a5320e7653b2f9015a13039368a,2,6687.0345
553466a719bb3ed776bb2720cd9d127d86bff7db79cfa28168d9814a4081b9d3,2,6190.2825
55380be1a74d0fcf93e1deb78c16872e5e19c39cff710f735ca41c60ee2a212b,0,3363.3905
55381fd7bf1dcef395677129dbff879f93c08a640148da2390f679262b769c9d,0,4095.6404999999995
553b21301946072d5a718030a435462684747afd909157dea99fc38bba3acd2c,0,4528.5185
553be78d360e2e6081d452ce88311ea38d56b097a847ea877145c24a2ce2797a,2,1190.2725
554002a5f17c069a8105788bc85b324decb0ea43df5a4e12e0d4b4a6fd8c7c95,0,6896.202
5540f46a04c654458b59118e71b346bede6ca94cca31ef0a12210164081afa5a,0,5412.867
554f539e8d71b07a6810c17f604a7d5ce5e74f883e91df33157d2c2020db9945,2,2237.8515
55518bcc3029b484123865ad6afcdd72b2e3a473786a0fe9034eed9eaab3af5d,2,964.9145
555d9e33b890c148c03f0a8f1334a50150e2b5b0b56bd528db91fed72bde2c35,2,4212.1755
55680d2cc98229e3cee26c7334e0d4066a2b6022d55c0e99113b6ab45a68788a,2,15868.526999999998
556a07823a98a34cad12885e6236cde03be6eb8342c28f6c58594ea190f2e93a,2,5220.191
5570b5154aa34e64ae0b72b061876bf1e291f69457c9f6a954ffc9b89adedd67,0,1678.8285
55782f7309cb525ce6247a21a037fe8d3ff6f42f1e20404fd03e604c328ba014,0,1318.717
55819af248116e04a160b2527b8167714a31d51c7c1553fa7306fc3f32f19b53,0,1750.7855
558831117745000311e4800830f2ef75813f7c9a472277709ff7ba641ed786ea,0,1538.888
558ac8bfe0cf0ba119ec1e6364ff882ee818fc841dad1fab0d3512ff964a921e,2,6457.0425
558f1d30cd62eb168e6e5290525bc6ca16ff43ea7e3d64d47d52eade6216c4cc,2,6312.812000000001
5591086711665f40e169df9fde3cc9e8f2ff9fab64ec009e5fbcff35a7a696ec,0,2700.484
55a3c4051d069ca15eefcc52d96b842eb88efb6a3703debd245bc9c2f5e10eec,0,795.6225000000001
55a95cfdb87644d820c177fb39de059cba1c7db60090665f4da40e9b30c91d47,0,6649.683000000001
55b0a0e43d66e0049b0d710a57e7490be6bdbbb3550e3e2825ec7581da8747a7,2,4659.262500000001
55b368cff49e14df933700b2a325635225f8324fac932977efc8cb265a3a0a3b,1,12884.346
55b44bd2f0830a486eccd46be73027eaaaa4cd3347da648997b1724c4ef90208,0,1791.6145
55bbe5f521074cf26fb0b9bd22d1340bd7da5a0faf0a4a81dfe43ecd68216af8,0,2849.9425
55c5127fd4e43d9a5e3145265072efd553f389b149823a15fe4618f0ecd6fb4e,2,3236.5665
55c9da1ee20c309c9aff41e67ace29934eb296cf41baac0ffb7f0b799e67228e,0,8452.469000000001
55ca0a60f3c7aaedb208b561e831348616621c9a5d5085d9eb78214ffef09946,2,2788.5744999999997
55cc82ce2154eea3f3007064df28c2300495409126131919a4ef58031bbcc266,2,5197.6165
55d13b9a97ab5076e8455613bc3aff3d6dc1a0dec5fc3d98212c7bc38e0e647e,2,3207.8740000000003
55d280c0e16be9fb4640b19bd1e39226c1cd8bdc029876c38f869d216c4768ea,2,3635.62
55d7577705f49e0f5e2d36d97b6e0757e62d055b40052338b5edde924f027bb2,0,5280.686500000001
55dc9c7e43cf3674497c4eda73b09e0468559eef994e28c6360f9573199df2b1,2,2275.1885
55e2941dc82735a14f2a699f5bba33dcf52f102fb023cf424c3fd1501e3509b8,2,8111.347
55e614547b912d93c3520b2ab2ce2e03d24f7a7cac57e8dd4df442f8c9b70ece,0,6970.808
55e750fe21a3696eaa404606948d4aa15d527551dd898836228ab211156a0461,2,4788.5785
55edf29d436ce080a0cde4c6abaf07c9869969ff0eedcaf52f6a91a86e822f81,0,7061.071000000001
55f64df050f4c4a21a8bddcb04a9c0ebe5372668bbc372b00f3e6a269dbee113,0,1776.941
55fda3870c734519117178eec52e3bb4606abc325122802748ab8b1ef9a583c1,1,10985.3945
55fdf7b30126b44fb7a4e34a3c9a6b1ae57449aa7bb4b5d4661ad1b1416955ac,0,1508.19
5603c23011d5abb99fd822857c281415a1b72393250df9043af381d9a9f7f1f6,0,6019.011
560424ec7c775c1e88471042d67ad1deaead8b0a84ac0b613ab1bd0955458ae7,2,2220.081
560946159cb83c83269903f0c24d25c3358dd4e623878c0e596c4e9ababb7ee9,0,6997.656999999999
560af307fdfc7a61664caee999acbd49fa42693ef3b403e81779288641096990,2,791.39
560cd06da638a7e2ec06a342b64bf68bbc69f70baa9562bb3c28466f9152e705,0,6376.2660000000005
561a6ec2defa44e0f029bc3f0e68eed97f46992d0621c82ffcf60c6fe7f48144,0,1317.5935
561a8bd3741156b4e10e589b3b8b5ebf77b7ef380ac910e20bbe66409a1db842,0,2388.867
561d6140846c81e8acfa90ac1a3f3e740ff306a8e7af57f367ca7364b8cfc616,0,2507.4
5625294ee2d9b003dee719cfcc8d085fa21268a7f814b217bfab989d68d49395,2,4127.2145
562bcfd78d9d2bc3994b7a1794b64b89b09a52086e6e02ffc3639b55eb48082d,2,5496.1515
56429c130bbe62239cc70eb223446934bd93b16ac2ea8dbc3ae315ba57c4ca49,0,3257.9435000000003
564d3be63d47108502f2237aad705be4d35a95690f8b8d87d898ebf3366115d4,0,4422.4545
5658e78d7651ec2febf876e637bbd3fb6011394d8b2e7e357137b65d6a61206c,0,1916.191
565d87104719ac09ea6eece363ba063ca47d16c22dbe3492c89f6ea84f4eee17,0,471.7515
565ec9c8d0519cf36c72061ef955da417ca71c4ac059be0a3d5dc392cdb0aac1,0,4875.3215
565ef6a18c4eb46593a55bea94dba29d82cd6b18b8fa882aa7696c98a6cd1cdf,0,3075.380333333333
566ce8cc8d60a25f2fed3dfa7fc73a25cd38b70e8324fdc9a9d630b52b7509d9,0,4941.3045
5673083c61057df2d01fddd3b1d2beccd2d366c6c4c1723f5bfa25abb717a8ad,0,3415.054
567ee748bf10b305fa9a91312503d21d8c50ccc4b7cc445ec7c3eb980cb15bb6,2,1799.2325
568397c0ef7df8fa57c94c1528091bbe7f03b8e1b5d8ce43113e255ad3c45645,2,4395.849
568d7542a804f29c65c62ae42cb2e69e6a9ced09de7653cf643a6e95624339ce,0,4247.2055
56997980600a30317a357694a794cceb812709f5758309933942e6d043e673eb,2,17.898500000000002
569fdc54ca798a030272244d9478bf5acdf373eb8f0fda15beee16ad44ab9045,1,7320.321500000001
56a731ac80e452c70db2e62b2d6bbfa364a4ecd42eb37bb3662dcc6688872559,0,2986.8695000000002
56a9079b2f8159d4e57ddd98c83606079e57d7a3b927e00a6ba105a436261e75,0,1473.2375000000002
56ad4f572dbe83cbe386f10f3786ad233ceafcb045c614e07638e7b4abf6a33f,2,5343.308
56b2543311280d33ce2ffa4c4de803a2724a70a7787ce75af7fec023593702f5,2,4945.0675
56b4a39a07965d6bb88162ad680ed2f7c28a757bec666312fa2221c71159204d,0,5631.613
56c5a0f4a2e13f9f34a5bb8e251285c0ecc724740865a90d0928a03a9855c0c9,0,5307.9545
56cb49a2585f57d1994f2d66a74c582201e0db415f36746dc32218e83aed7825,1,23538.873
56cf73a8a1b4ed0466c58fa57f0f34418922c8c1f82035362ef961ddf100900b,2,2011.87
56dcf85e7b571ca719f2ab7b97dc6c7cb53547883555339645d5dd0ff73bc288,2,696.4745
56dfbfa7cb014cc522bf94f6ae9e060971758c03a53b3754419457cab9e5480b,0,2406.3149999999996
56f474dafe0846c67d1cd3398dcf15cc791443f1281198deb2a8e81277e644ce,2,1520.914
56fa4041771dc5b565cc74f2d7583ad71fa067e53ed9e608ce4c50bd50ca44da,0,2590.6225
570185d378c52d388fb7f4e4005424397a664c68206ff010aef62999a1cc8f58,2,4380.404500000001
5703b1f93361258723996815baf98a17e1fe9c9f4af908b52776d71004db7e45,2,14638.0005
570793e0cd2f132397696d58e91e3124cf5d2c3c965e4ebb3d922f0526f621ab,0,6551.186000000001
570cc29b183640169076dcfc64a0bea42bfff57bda35140c8b12623cdee913e4,2,3098.5384999999997
570d0592f58a3ad68fcc8fd421867f7f31a6bae3adee5d422dd1a3269e83622f,2,3211.5074999999997
570f77ea609b3ca42dbc01c71e89231877cea072d50fce06e54c3fc10ea79d1b,0,8609.3145
570fab51f24e8025e0c050fad5e30da9c14b08b836d70a34c4e948f3b3fb5230,0,2119.938
570ff0f7dd5402cf2b0427adcd480733ba67722449b609e9e0ce0230bb5198da,2,4149.2
57155fc5dfed7df12feb7148a336c681fc924468c59f9d290bdb9fe45af4d3d5,0,6869.8255
5715bd516d19d1b8e28f0e386ce32aac59c944dbe578c4a611659c44d5c78f57,0,2110.5975
57180de3cfae50922ebd5a2bbf76998a3f61ff769501d8c392c1f957cdfaf70e,0,4705.0665
57185bf88f8a2ca7ce54954fdf816cb7757c8b183d9a812a3fb76b422f1d2792,0,3017.3795
571d921348c5d3631ea42d51f23624b410cc15c6d90eb503def95fce5752217f,2,3682.1839999999997
571d923ee1d05ae1aee05f7745690f23161cb8189e72766189fc98d7c2fddc8f,2,3639.8915
572370fc9d767004ba20f27a3e2e033d9f1aa7ecefa44722a065584c3e7a7d15,2,3210.123
57262bde0d50f326f97168643e61b5cf85fda397408b6ae54932763e4b29fc04,0,2487.5835
57292ab4b59138fb840a2b692c7b07b32ab0373b19b04a1bbb5a6ced530ecb11,0,4250.923500000001
572949105a5b08f3cc43974d6e8c33180c3046b5ed1afc0bf3d12352527b121d,2,1491.8705
57317cd4cf6a64205146db86da89430072b27d686b648c50bf84ae08aee29867,2,1864.5600000000002
573d5d47690903f0941f3ea62434a89cb372b08bf49be7309ac9518883753c66,2,3341.5164999999997
573ea24efbefe9391aebb6ea6cae3760c88f807b7de8e87e047321d1a1e35dc6,2,9736.2215
5742904e1aeed2a3626955baf2943151e7f4437eb1ffd4258c9a4875353966b1,2,6967.998
574c5b24a447dc922de4d4ab2abb68cc615b04ff2e2dca3dca6696ded63604cb,2,1049.8905
574dae7a98a71603e5afa6ae4860429216d1367856ae826f4bc03f26099eabc0,0,2628.7709999999997
574eece5330386c0912d9df930cf7578300ef24fd8539c8a5a047ce261ed19e9,2,3400.81
575574fcd06f41d4fe441512141f30c68f1032ab8be4e57b769eb04e2a1764b5,2,263.35
57598acdfa15ef262dc70fb5e32c763085f68e347619613cc46b666aaa385c74,2,1534.7645000000002
5760e05fb58d168da59b4d4b225fb27e096d3953013df246179e84315d45f093,2,1548.851
5761ab7a2aed6beb58d67b2ce9ac5f67b3c891199db92bc73d6e6205efe5dbd2,0,3831.206
57648a6517235f7c71314211f3edb0ed4228b54e96482c37846c6987e9b3f645,0,4737.282999999999
57684db755b377d06b71fd94c74f28bf29e62ae63300d5df9b405de9a9cc7ead,0,732.3165000000001
577465f43cf193637536b07157af554e979e31a225815226e405ecf450fc3ff7,2,9673.6865
577c9e0ca19e76ca8442a8dbb42bda6c17bc854c2c6856366c6fc47a494dc6aa,2,3204.204
577eab968110ec7f5ca6533c9b3d6dc109404ee931296ee680620d6f5def3a62,0,2521.684
577ef1fc2fec6e171fd9c51cfb1a5a4f245bc6dbc8363a80edcd345c001fe7b9,0,5430.152
57828e0963025655c421f8514a65ed642119510eb42df4dc2063763539c810a2,2,8460.861
5787b5d2189fdedfb415817ffdb4902b1934b50a71dcef4c6e2149e293c9506d,0,1450.7295
578a10c0a4980adf1e098186392852dc7a0a5662a013d5dcaeaabcd8abfaf50d,2,1798.5794999999998
578e75e0bc185325426dba5456376f4ff1d548b36ba12ea6dcc809651961f488,2,3687.4205
5793807dcf90e29342a0daccc1c302e01b323683ed37ff1b6b593c2aee283707,2,2157.35
5793ddb25829ba3db566b882d7cf11288c8fdd6d831c7a780a9a05a3ff7b5261,0,5640.975
5794e8cd8b34ad3f1aa4da0c1ad75451ecea01e07d5cb0080376d4d92fe20738,2,1613.8965000000003
57aa7dcbb1e9cbd023f1d4aafae0cd95221ad05a09b671f25abaafcc5867c25b,2,5995.948
57b280a3cb3f2935a346ab2588dc42069c85dfbeee4138d7513e44c6e8f49947,2,732.056
57cd362ae8f503b9c057d5af2b62563d3074272d44761a83da3636d3f9b874cc,0,4036.054
57d25bf1c9cf4329f15b087e2f60a71b871e842bffee4fa9d1dd924d2f96495f,2,3237.7780000000002
57d31583ad62bbb1a8de994c4eb87ac06dbbc769f5bed4c3b7cb86238f61fa76,2,2387.568
57d481ea0bc92e7c4d4ef815c26b8faa29b8e3a9b2561c5f409ee4eb84025e5c,0,2905.719
57d6897628d75f2f5ba01572cd5d982c1c92e20c517519e45e610d4ce970f06c,0,1193.363
57da3f9faffaa340b0e3d9813e1b2ce878641e927358319e7a8dfe1390859a8d,0,4082.3745
57ddebf01a85475f35b5e2434c09086b6dcc830d09cbd460f8b215b9cbb6952e,1,16028.862000000001
57e5fc3f82c795d47d2bc2dcd8d4e2daf892b0c065e6daaf32ad8b1f37893f29,2,2104.9215
57e6df224320bc1f7721cb095d460527b8049f0f46911f552832d27e7932c116,2,3343.3020000000006
57e9311ecdf1aa551d601c55173fd0ecd21a18c21b3bc263d45e3cf646ddeb1f,0,9372.9395
57ecfe40baf29ca048b038956747920521fc16e304b723fbdb27fa9b3c8ba1f2,0,1390.3105
57f0e72ced1c0cff2d60561478f1b1f1aad9a2565f309bed7d49558fb5f671a3,0,2921.282
57f42504e3f97d00790468fa5a3cda33e72eed4dfbdc88279bd594b2afc591d7,0,558.24
580d3c3503a42acdddbfa09418c309b78f9dc76a3e70388ffb3e79942c41a878,2,2935.9955
581624319065e2955ff2597cda0300cb5666ed4866e7595ab83677ea71f03bf0,0,4654.994000000001
581efbe57dcf4101659d3bac0ff28e2acbf83d9b1e557da1f17a90a8453eacd3,0,4003.4970000000003
581f271c9741c279ed79b78cde6acd411c664a60c0523eb290ea3aea176b74a6,2,2418.6225000000004
581fd3ed68fff17e7735debc4f0a4611238ef01a0e4a990f6ca9231621186722,0,2672.5280000000002
582358dae4ae4155a96296d1ec800f711fa687819eb040f677775c13a253986e,0,3076.6305
58292a4d86124cdfaad611e1142ebc5ef0d741f45e8f050380ea614c51e6de21,2,4656.638500000001
5829ff2942f9d0c6d9d49b45a6dca6467237e28f0a289578d51c5ebe33587697,2,526.961
582b7d905f2ad9ad26c6a97f977d2f232f8a81cb19470bb6a1756d4158de6588,2,6285.398000000001
5833475fb75a6600ca1e7db1bb73f7526d63ec90fc041af7f40cbe32aa45f062,2,2973.5265
583d8d5a9e3686bc11ffe07ef29cda67de6952ce65134b7c3c5e9879248dbce0,2,4954.7609999999995
584732f1f30760d7fb7c2052eabe890225627cfdcfe9b124e2d8a1c706ba60f6,2,1772.424
58495746b756a862255fc137e4e67aa469f1b1b414b2115a3ea590bd24aede68,0,2202.424
5849ee46461528963d0784c028aa0036edae85a24510e78d286b83b7c4b33115,2,2610.3465
5849fd945eaba07cb5ee4a13cff8a6d034022210aa7176a81fe1f4e8e99db99e,0,1269.8885
584b0ae05f00decb5460f932f5d1716970c043bf34ab744ac2b7935fe4810a5f,0,4029.8255
5854bb0f7d840cbf1b58213b0b3c8e28acae972c4ce0b76c97390ce96d17f97f,2,1623.0885000000003
5854da8efa1cb008b966f9662c8a06ee02862996db3c754b8f3ffdd7279d2446,0,6281.6775
585673c5d9e11807a7dd7b7f045e2804d62b2cfd09c436a134448e226707e26c,2,6562.130999999999
586287023fbc0befffb470b036ea893be696262f9584c26ac4c5a8cca3d0ac13,2,2679.6000000000004
586e8174d33b8940fb49bb53d7dcd77a3f7c2f586535bc1edc746b0a085500ed,0,2702.7725
587236ea97b6699466b5e7d0c2bc514fd08a31b0329546ccab051ff266b30b95,0,3774.5855
588bda2b626125821b91a3a43c36b0a2b044578c0ec95174881e97c38c9a941c,1,2608.7505
588c31e276416193c4ef76080cd6b83da79015f691de2784fd77b15639758699,0,4863.0154999999995
58954d981d88ac8ab2967016437a97ea730f1cab3ebcff3b4788be7d1bdd1d87,2,1636.6445
58a906d3051bac0ffd73adbe68182cb136e0592b5a6002dc4e86465b003493d8,2,4086.6785000000004
58b4ff9bab23edd86f75bd65d295f985f5c013e88aa812db6fcf00414ea129d2,2,4968.013000000001
58b9acdf44509be0ad9d5d97cfef40ab5889126a88ce9f03f62a2fcf55072d33,0,4184.023
58c61607cb752bf0ed5cc708cba479b2e5245d805c04bb7d0e9ae375e72d4f56,2,3642.0085
58d051bb39d4ebe187d05769a04e0370e1aaf5e1f2af0afdb9902a64746606e2,1,11481.247500000001
58ddbb708fc67eb62e470dc67ef1d75698267f04e1f060b6481cecf224268e0c,0,7199.591
58df1ed06ad723577bb4b60d51796922f6118593d0dae241ce04475c712b21f1,2,10113.992000000002
58e069394d0e4349a0b444599b30dfbfd2127ce1461e8708c676335f75767e53,0,8241.783
58e10a73bfc9cebbff9902e5ca79bd7c98784d4f3335885f5c866e8927c46d6f,0,3543.0995000000003
58e34e85256c2bef483c6612d6f65fe728b1722c5691c3bd0f4ceea5ec959446,2,1948.946
58e435b167cfa798a7f4f00c7fec39ef8def535f81706926869d55015d369186,0,3261.2955
58f60de9d45155ad20ccfcdb9cc3b475fc0744fed7ed4678150717b3bb246eeb,0,5001.4325
59004250770142217675b26885ffd9c4ad23091692259b1ad5d20fa037f32282,0,2712.7155
59229b060cc21b43792bee2e11038099c060b723d71317157a1c366a715873a7,0,4451.382
59244c42f8e429d3654664236de24561d70c933f8a040387bf00b956e5a97c43,0,7753.195000000001
5937064e46ffd02b058672085465a39b55ccae6ccfd15de276adb1b7501c207b,1,7158.210499999999
5939d6e053fe88e611fb0118db2c9ef698d980d1ec80191e7fd14dd596ccdfdb,2,3566.3995000000004
5942229e3ebe6187484b37b6d68359d8266ba61612d4fd513b0df6ea469ef3e0,0,4526.773
595b83c55e1aa00c794a9c316d2e39989ba81285fe86133674e05945c31a78f2,0,14990.2985
596194ebb280d2e04b81dbae1b088ca06553ffbe171279b24dd3781bf1e4f614,2,7471.534
59725525d4a597965d90d3acd42478bb6d5750c9e363203c642dff2628adbfc5,0,2547.7455
597e3bdc8d85532e8ebcb248ac559704704db3ce8850eba055cca26f25e4b628,0,2933.0534999999995
598f9280f7bace9e3dc3b1f519e137d9bf89e49eac6dab9dfbc6818673d38fd5,0,1073.4940000000001
5995c59a712eba30f33b8deed91f5f3dfce43787d9024f09a742a4de2ae69592,2,8523.1315
59989017f151409411dd14c9e1ce6834277138850a555c76b6e926fffafb0c9b,2,2230.7005
59a031e847f8f5420c0e94049456d6fc58321f85cf89a6dee370fb6d6c1805ae,0,2952.943
59a3212df675bc766df944262906288414d33be6b9d830508f724f3536489f8c,2,6325.504000000001
59ae3b05a44339bebeaf492fce7ad7221aef0565d10b50541f7d480c92f1348f,2,7026.146999999999
59afc6973ec50c828d65383e00c7ffdcfcb8d883056a83515b34f421e4cf1176,2,6278.222
59b21ce3800a456130eaaadace606f0f1e1a6b383b3ca34d9e0d563b1c093766,2,187.086
59b45bfcb6d1158eb97d4b5bb5d827d0b097ce79a248052318cffd4a95429058,0,453.3485
59bddc381c0788f895fe7e7471b59f7b790094caf6c357cd5245aa7bdf95d9dc,0,1089.3480000000002
59d17ca76e669a9633f3ff8887c0e44abd69a3cf5f39d7dc2e158d0d995708a5,2,3492.8505
59d255d294a66382bf4fa3aabb27bd9dd51d12db3b727ef713aef0a13b51242e,2,10662.1165
59dbcecc5876265c31f206803ef2e5aa6d852619e1b87e2a0cb10a11505617e9,0,3143.831
59e3790dfa3d85935bbd7fcff7c2d78a029b0aeac70223a5e338eefb0ca1f366,2,2158.4339999999997
59e57f6f667633b5b25b8e12d16a1836145d2e8221e9ca8838140b6a99ca415b,2,2803.4305000000004
59e633c67501218db56ae9f808b807911ce40dfc2e674a70b488da3c01ff83f3,2,8951.003
59ed295f58fcbf7eb829fa07cc7e1d9c03fa7d6cc8e5d713c47e22931acfeee3,2,2383.9275
59fa02577b7fb4ef931d8798a9868a3d8a7c4f744ab49b699ae6d5858512b363,2,14262.6025
59fa0ba7f6dd8cdbe607325b9c9666c909550bc6e029981d13bf186626e910f0,0,4593.2155
5a0a0443d40998159f211df760d39af7f0a79cd1250842b914e806c80d25feba,2,1247.948
5a1b032e7a7486d8c63231e53af6b6f91f6316ec1d02ed775241c7ba95e31710,0,7871.64
5a2e66e3d744d367b580e7591e8ddf11793b458bc479b1cba15d014af6011bfd,1,753.5774999999998
5a36be8c23d750b755186379a27fae2c8753be5af760bb7d027e11cc3baa0a66,2,26012.214
5a3a086ed6c832221795ec2340a64c32cccb3ccad49a8f4987eca7cffd809725,0,5106.0105
5a4e7bec091e40e2f393eb9cba28f140c8fb50a3a80d077cfb8ca622bb9c2a71,2,4257.690500000001
5a553ec05102d72e2f7271d73417d254ef8475605e57d95f2d53cb928ca4fc4d,2,12113.567
5a67d297cdb2b97586e99fbf4de42db3654a96c54d06d82f8de8d577ca5352b0,0,1156.624
5a6951a80f144cc1b3899a2e7d7beeb8f9cdd96002369cb926e3543505828136,2,7003.013
5a6f20d42cd82f08c30b0077c810c0869c30e991cb268bced3f0b838c6775dff,0,2852.5969999999998
5a706490a7c411ae6fd812edc01d82dece5a17dd9751159fec2780e482b50a11,0,5780.948
5a710b8c9e9afe7c3c62b66cfdb83a0f635885605fb986f8a28fce5f3da8e247,2,4811.594999999999
5a7183ea9004e5c73e14c7a503ae81c26d3da6661396c2b70a3686f9660ef1ce,2,6202.8234999999995
5a7c6395fdfba80866019af992fe505de2d2ad408b114fc7f9e19bda40dce3fe,0,4023.804
5a8ea0e434b3c0d2134cd398f65a674ed0322a243aac544750962a91bef5824e,2,717.2665
5a8ebd1309995acc494938bddff931727ac6a6c79ccd8e16fcc8762a46f53eb2,0,5512.695
5a8f7641bc1e5c9ad418db244098b94cdbb28fbbe2c32239e7d9bf9ebbd47c13,0,2686.2975
5a9098dd380a2a119a1cbef8ceb78eca8add5561e1120232560a2f3b513cdf23,0,4063.0345
5a930044b788f62e10ba1e3f03c4b0a5810626c0c995fbf41565c9ec337deb0f,2,5652.637500000001
5a9950a06a6c657d2c006d935094b24d0156cc46793deadaa15cf98598b6e7c4,2,2079.169
5aa1f4667bdfdb502ade55a634afcc3c3732e1c380971bb564ac23f7a0423500,0,7587.275500000001
5aa5cf33dd33372aeb14c35d31f0ab4e79697517edc4f1dc6b600caf0502d9d8,0,8900.486
5aac4e416dc69a1dd4b2985b13adb826569cb38a18697516571799ad26ebd45d,0,1629.0345000000002
5aaf8682a52ee52b7427b2088cab912eb0f97d91718755315753db800a916eb0,0,1320.1634999999999
5aafaaa499e345410c188b71719c0a207c4181b0b1aeb56163d4a0e415d3f971,0,689.2570000000001
5ab1c14d3eb3fdc3f39dd9cab15185a3df4d6b04e20091bc680cbcb501b82554,2,6667.9595
5aba78e0a0a47e17ba485cbadf4e16ac2d818e409a6b68fe3b590be407a74959,0,3337.4829999999997
5abba2b92d338a1ec92146b2f85584118c7e6936877dcaa8d87cbf241680709b,0,3101.1615
5abea4a604b38adeacfe47abec0fcbd73bbf8ad1d944a565db375278f31fd08f,0,2418.9
5ac0b2a847b31b61cd18e0e66c38e64a03a96791f27e006966dc2fdc6948dcfc,0,4803.3745
5ac48fed31ef3290c24ae88d8197bf5aca4543df8f028a00a602516e32e20d38,0,4216.393
5ac546dc7398a7d44eafa8bd8c58bf9f2b4ec578ec1659f0d9682d6fd3b86511,0,1184.7169999999999
5ac9cfb922231cbf71aad526b4dbba5681bee996d0a607d86b25f5cff503c8ba,1,1436.111
5acaa0864947d077a056333305fe6127664b17aab89512c8ee41c8bb5ce5d551,2,2964.1995
5acd248bffa1a1f32e09e2580cdc4d097abd14ec83af87424a910c4dcefbe8d9,0,8969.12
5ad24532bb69d496c4a597b15a0f04fbbb05a2d5555231372671e01eb654443e,1,24066.141
5ad9f344c969d8b024969e1b567bd10264623f634a33e1566f9b136cfe8920d2,2,2230.5649999999996
5ae11fb51469df0c5c048832c007f216bf9bdaa7ab5c2351385b10020de3d6ce,2,2199.611
5ae14d142e96b375093190985352501d97efa6cb4efd29da3ae636aa4489fcf7,0,8792.1065
5ae1757ca0b88e5d9e649931d81427384bee3ac09f2d4d32ebc7a7a400c51f09,2,3955.2965000000004
5ae87010189473b80448e0103bb1b66073a04e4a907ea7d704495e4ab8b5ed9a,2,9010.159000000001
5af532092739252e4b97f4637f7c5eb6db64ce8fcba50417f2d53400af4176cc,0,1164.7804999999998
5af6a3bc194cfd05db885c33b062f569d1f15df2b49f8ebde8536b8dfd7d9f97,2,2057.75
5af8f1a1dea037c9d45a25c2496c89f7664271ff86a5ee251b0c824ccd4fff33,0,2633.4700000000003
5affa4dc32e4e56ba8abf9a310b7bb05054f0c36994f12fd8892e9214622de0d,0,4110.9205
5b07b6921a26a9b71745a2b1f66ac140b17cc43a298e68bc25376986994bb469,1,3537.9344999999994
5b0e402bf637d6e4f3d20eaab6b32e9b18f7718d484f231fa0d66e667f8669a8,0,0.175
5b1588ea71e3f8da698874ac21fc50639ea5273b909cf23a232d23fea4f27c39,0,1403.6459999999997
5b163b2b5f92513da2d13ac652bcc4c0fd7c4dcbe98b511c930b161f1b5d81a6,0,4192.401
5b1e30beb6a5f1473e95b8c25ba8f054873cc3f81ecb8a1db349a0250aa1fe93,2,14266.716999999999
5b1f245c14d44f19303b87369ea38ec3e3dc516f9412b494b00f0ce56b2ee10c,0,2966.2415
5b23b59f6df543b75ec3917f23b649c58ba973c5e439eb23642d4321af2cb6bb,0,1218.307
5b2c340d06394b9454660d0e89066d79890c26f775b49bb34cdea5da13344f41,0,525.4970000000001
5b2f0811e82b78604a2198f8a1b1cb115eb90cf2efaa1627bbb0a38efc102900,0,5482.728
5b3d0bfeb945073977a48f26f7e2746196eaaafbeda7a85be3f4d118c63d4cdd,2,4857.828
5b3df7a7ab4c17cda4c7be7322dd9993d29bba6418ef534d13193266c9fd6ae9,0,1327.691
5b4104abcd3ff5617ff6b81c95ba7e28143aec584f1c840a7f0846a4bc8a15ae,0,3090.6268333333337
5b4566273aadf49965326c632ae21a6977ee6dd24a371daedc3783e703424bb0,0,4001.451
5b47de36aebc87f8d92b8e59b28fb2b971b75f6aca09ed5c4da8194bf34fc5a3,0,6504.723
5b490b265535a10012cb7e14ce87f4b9f7d9f79adc1e24aaf1a72fec533f0eae,0,4381.5875
5b54783544ced5a17b3d2f779a940f472128ba04e37db6e6fe8b0151bdc559bf,2,4783.629
5b599e289893caae051425dc885b12c0a01d979b6b8d0659909bc890f7bc9d55,0,2415.1655
5b5a42c5d44d8de263506b283e4e75eaa269114287e73c2204c3f6bcb1788453,2,3280.555
5b5b1d372c074e97c74c0695235b4588ca28610dadbbec42491d18f50ef88707,0,6764.976000000001
5b5c529de1c87f9989aac1f20099dc436911d1034d3c804a7b23807d06ee379d,0,2464.685
5b5d3f794b0ab57a28d6bf6e04bcc8a0a534a2e815e08564b8e3a9443325b310,1,520.3715
5b604570904c591dcad9a92d64434ba6b84c5e8bc5c2c75be996fcda3abebe9c,2,6555.763499999999
5b6478979ee3d35319d9ad0b92774bc4cdcb8218ca672b82e2d59ae49d96b9e1,0,1398.426
5b6e8d01bdc38cc92a7f843a7b0ca9bc8db0a5b68e39ecd123b2560504b86aef,2,3232.3605000000002
5b737bfb3a7f9c6d5f98638c3322e9cd5cd74fa9d4ef150d04560840161a76e3,2,7209.754499999999
5b73bc5ff48820a8b7e9a3b4f3eec8399238279e294d711ba41fb80010b6a966,0,2819.9745
5b7b4936603c132a004b2fa5a3fa1b487f52ad12eefda4a835af33d30a12696e,0,9515.5295
5b803df3ab8c3543b85a12a9f52cff20f3574369109cd57f0f757812dd5e5dad,0,655.8385000000001
5b80b216b85c15d1897c256310a6bbd76dc75b9fe25df8e60c1fb3bbab339bf8,2,4103.115
5b87309db345821ccbf2bfa58d8d4e5df8ededca2a4d2efd59cbb99bddd3e520,2,4108.4285
5b9b72d762fb319a7604b9862ede5e90821a4513d22d81c304e86ea3411a2682,0,2106.343
5b9bba95f701b1ee01966b22ee2953cc1cb486befbaa80ea7eb567e13286c715,2,7088.6
5ba0ff574252ab932f87f44ff38cbd20b5979fd1c056722b120271259f4b7202,2,4704.749
5ba580903477639fdbb4c47e919abd8379ee1139bfa146f1edfde65c63f40d38,0,3144.8975
5ba5918e90dceab9b96471053d881289542d8533d566d0cdbde5786775cd4d9e,2,3752.027
5ba5e9051b9b066e12c781c7f3b3fab742066cba973a4493f6abcb21cc3a9aeb,0,9545.124
5ba65f55635a622671ac4076c0752159a140e6b228feb18912c543dfabb7fc39,0,5316.3735
5bacb94cedb4c49d0bee4fd73e0a05b0b53d8c5ba27580552a2a0827811f1826,0,5857.831
5bace46855966ddcb8e662355cc857691e87535602c2a9fad37ae8fb251d5722,0,374.43600000000004
5baecac244ee5c97a708b42f396d55d6191c910ff8b983acaa1169c3af3b070b,2,6792.1865
5baf1db15b8b3a8d9ac90c5941089e2990e0b951d309ad6d98b7d01ac8e03ebd,2,12770.357500000002
5bb1535e2323dc970b3b482c9f8997d27bfb942dde5a2757012fde41a5ad0fcc,0,7164.961499999999
5bb1dc040d474a98f30ec9e8dd884a3dc32b0520307a4fef25c9522e05c570eb,0,10160.428
5bb4eee59369d65d93e744ea554c6919fd3691f4a8c49490d62ba2ce4c6a63e3,2,75.1925
5bb7c5161302c822c67152a3bbde26b21cad3c0acfdd326aecd811ee9fcf2553,0,5348.6145
5bba7eb315a6b44150ab9de770ec80ce2539a6f5345fdf6492e3d50d6c030e67,2,1960.1280000000002
5bbf8cb6bc1e2b5576fe21efa6ebd0c585c10a6093caf3491aa1b43e7ac7be54,2,96.02600000000001
5bc74054572e3b089e12185b6c0b09c5dc80f51fe0c9f9d72379e557f08cf676,1,6336.134
5bdda36aecd5f49f0eede222a7bab965199cb6f942724b1ee39c561102048da4,0,897.138
5bf1260918fee295db1e10e0303a05c1136e38ecf5420c98775a3c6c45f85fe9,0,3567.3790000000004
5bf276bc2590c59a032d5a7bfad8e7265640735f0e57904e40b1e8f21236507a,0,1700.2939999999999
5bf2d90de0ea126ce5fb4d48bbeaa42490847a0b16e17e9f258edb3ec19c5745,2,4269.865
5bf4ad33c9e0e5126e26cc9a3dc7bbcbef4f5abf400ca77c2e84904b368fb42d,0,1135.7110000000002
5bf731a9a8e4a4dd04d2148756d03ac543322da45d9d42ff0fb8c6661c31530f,1,4794.7895
5bffb188dbee6564f3070b8cfbad3e8196aebdff6617a6cf57303982db019ed7,0,1795.7765
5bffbdbab7c2d81f0da0c69ab7dc94fa15079c85a30bc84c20d9131f2bc413ab,2,3261.1270000000004
5c02f58add2aa9d3e8b540e5d6f5fe5221d92cdf3f95a9edc4865d7f9987eff9,0,3960.636
5c0346437f80a273f149e2c8b635eaf96a84886bb7f57eea0552580dc6e90844,2,1907.2765
5c07e1e017219cae644217b49a5b3a0f42e2d52712d144c08c88dab1b160d5ea,0,2041.7910000000002
5c092f6c7811ebb1433f95a8d439cf17418a407962ef9102343c4789ae159fc5,0,11579.7375
5c09572e24876b99fd79f9f4b329b654ca9cc20b5d643c59fa6800a8bc67db9d,2,1222.088
5c0b282f1f5797a96bc17ad373454ace87db8f2b2732823d3a0420928db87279,0,1524.4370000000001
5c0f67fdf12a6e8c49ce56655ad2f2c25f2e169d90cadd47fb9f996fde0f93f5,0,1668.0005
5c125331de4a304842e213e5f8e88c98ebe979e04dc101a3ac258e4ea7f72d5e,0,2384.6745
5c15535d86e172a4e23de2c33483bc8fa342bdd143d4cd6a38878e111703e43a,0,5511.9445
5c253c3c88127793fb26124b5920f1d70cf0d014781580dfe38a078752b9c454,0,6352.4765
5c258fa8bb7b3aac71a481697f0e277a63fbc45927f79b98d7eb072bece0224a,2,4932.8315
5c26f4d5bf4c0dcc5e2a451c2722e707739931f0396fee1fa96ddc0f579a8ddc,0,5853.5505
5c2ca2380a69b287eafca7ebbf0b94f825c668e644343f468441cb16d71e9df0,0,8517.1
5c2fe54a6e08c26498da11128b825255612eebf0ba094d51580d69d5cbbaea53,0,6187.887500000001
5c3b577592d9391317d87bbb38312a6a64e0dbf7d03508f14524a3baba54dead,2,7599.263999999999
5c3bbfe47fa1fd31730ae702b2f505bfcecbb8261272556dc1335b5f3a32d450,2,2316.4055000000003
5c3fc94decaa54cf4fd1143125a11550765b75282bd22aee05e6637b97d07993,0,6235.276
5c5a2b93869480407ba5a32b91da747cdeed4fe487bd4512cd6f5e06a69364a8,2,80.691
5c680faa0713b2c1f49eca33fa7748e3238cc24c2451e4dbddcb648c4e65b083,2,8526.243
5c709dc0f9bf587d21f518b6b39bb7b8c619525a9bfb28f886f9d7692a29a8ab,0,1064.609
5c87a024195588da8086bd43da6fdbd6058852bec9be33bb31e0cc92ca80da7c,2,4270.9165
5c8c3eb80ccb6887e28f63d74cfa8e6ae03a19967b064c3439a19bfadd46f6d7,2,3243.185
5c8d52a439000377e5a1ae16be7cd2d210bceb5f66e0c5996fe9ce8a01c461a5,0,3587.2980000000002
5ca9834689cc60b3061693971218ba929a7172499d202ecd9024adbf3232f5aa,0,2913.0950000000003
5ca99edc9180934278cb507d02daa49c29b3cb11d7d63c9744bb1bba9af9247a,0,6347.827499999999
5cad5941be32b55a78ee5f460b979228156632921b5266673c13ce52153245bc,2,8625.649500000001
5cad5ac9f76fdb9176c6bfae6e2694166d35f895701f9902c52b23b93ae6a28e,0,4644.9915
5cba00416e3359f96a54d64b12f7510d147ff6d1361f764cc42efa98685ad849,0,3370.667
5cba28c27b2faeb9396f40a18ba70af35f39d733e80b7179a7355287beb00471,0,6382.917
5cbba0013bb78859b5709476641f20bc8ebcc1cab1a3605da18c4c2da3238f85,2,4824.1625
5cbfa3c16f5973cccd30369540eafc810cfaf5d7f532eed7644b433794e68b5f,0,3952.4595
5cc86f63bb14ec86a6623770c59bec0335b1bb5424fb9f8f7cbb62e93b006e4b,0,2695.0605
5cca7d550c16f6b6a666f1168a02d1e895e04275a936e39f8961cec2ede44669,2,3162.8780000000006
5cd227ab02c9708effe689ea0abb4c8f292ab9fd57eccbf5369095be39ddd43a,1,19342.7445
5cd901c9f531351d653abd8fc51c2c5c0221d85e266cb643e7e533f50fb15320,1,15954.968499999999
5ce2f8b475e291c00256d330c77a02aac8ce4cf4894d8186223b04d20b2c70ad,2,4321.74
5cefd754375b9174d4f335726d4a17325320b2b9c1995e2fdec61cd5de942edb,2,2977.7945
5cf6ba3e5e2810f45e135ca5787b7015a8b0bd3637d102ea93809a9a46ee8314,0,6832.5365
5cfde7c7208d1f6e57d4756d79b83e7cfc0dbb725cea8e0f80cbb294cc566c27,0,4063.3640000000005
5d0886f1a9f0856aa8ac3a43308e95653144c65f56367bc679cd4fda73830a05,2,4189.003500000001
5d1dc9c0acc101843dae41daa623479d896c2bbe7ab2ef179a66ab637c553ad7,2,3742.4145
5d25e175e39a6e7d35ffe3625170c0e7a4212ac2e9d32d338d35065931c47a71,2,3560.986000000001
5d2a4e2fff055a71167d813c7dc8fad58d3adbf903a6e92642216d13bbf71c6c,1,50.537000000000006
5d2f7230ed235b38b5a939c0bf0c0dd22828724f843cfe34f8bbc6b2e2c6b439,2,3885.7005
5d323f6357f39ba5eecb01a903780c6214758ee937279825c5aeb014a6901970,0,5510.3205
5d32e9b1900961c79e7a74b15e7fe35c4a7bff9ec4c537c54ee0dac38fd666e1,0,3658.5375000000004
5d38e880f4a52a377e5c793c15754a2dc65cfc955ad12433697282e087ddeee3,0,7623.1089999999995
5d3f38e08bc37a6f76b251fac26065f7eb807d78b68bc7a4aa070b23fb5105de,2,2436.0395
5d4246e20f64b71ce97bc3a78d5e2c3d6157ec65df262f2b64cfbf261e51ecd5,2,1789.6985
5d466820c2514978c5321d5e14717965e1312fa056f1c1e8217399992e688ee0,2,6299.8885
5d4ca5fd5751fc9f706ec017dd96aec474a97dc8bdf0d1cb7fa824fb51443389,0,2349.3194999999996
5d4cbead677a302b8a34daf57e5dca2f67b9632feb4d7456583d8cda056c0340,2,1294.673
5d50a23020a5be404d88649b0596b6cd5855070755d214594f2ebf804e3d5dd4,1,856.8240000000001
5d573d9b4163ee30e226fcb872e7447424678b1ea7f48ec741eaf1c0aee8cdeb,0,2779.7535000000003
5d57fb514d384465715ed7b48c92e46c864eed4c9a46f8a0af0d20bbef42508e,0,6121.4335
5d589d9410a37931c7a478205b19e06dcb1eff207cb4a61bd2b1c2f1cefb7db6,2,2047.1215000000004
5d600bb7a4dacc13a5c2a6c1f1617edaa196caf3647f638e32c5c69df173d9e0,0,5306.112
5d61285c1d97743cb10bbe49eaa4510ac275c748084795b587f1469454f35766,2,3345.7535
5d7063a43fea1437fe6241d3fda5857325c59e3ac3f8762475cca4b9de1a6493,0,7006.3820000000005
5d7142e1c2c2d259b0f6558f427d386332556fd35a6aba681ba18a0515f258bd,0,3378.6209999999996
5d762872677b7f32d279714d08eb64d1b6d585bed096b0b684e84d1193208c2d,0,4230.559499999999
5d8383c2247d91217c2468c6b7054835e2ece0da58ee7a97b0ab6893ce0ca9ae,1,20460.157
5d8b7da6aea94e48d88771c41a8c51d9292fade5858c720e89a23c05212a117a,2,4467.326999999999
5d8cdbccf82b6156cde1d7093ae74f9767ee5d7f216b15a88c31d319189f5713,2,3854.7475000000004
5da1a9811dccb70865b5c763282d1e5051da7e9ef3de1e8927cc99a80a10efab,0,3828.6155
5da291d4caa6b6b5ffbd73d1069c8bda1c3c5ffd9b096fa874584f1497c41b7c,0,2275.0535
5db19fb1387b3c6d4e2b4b73e35637ea383a7b97f5d039b6963a9f4cabebb9da,0,2308.3095000000003
5db4ab9300686aebeeee4a4f156bb218f40aa930f52e4cd388be1fb4468fe81c,0,1145.4995
5db7e5496a179b5405c15e7d35ba27178efc752e1fb936b813b0f52341f0b5d6,2,1746.226
5dba271753f5805516c9c9f4955055c1d417632cb6b4b7bfc5d68f3e1a52841c,0,2767.1630000000005
5dc4dc4b4c4968d40411474b27924e8bf321b9b9e5f9c3e62f65daf686f73016,1,20886.411
5dc85c8eb432525ef6964226c4f62567434ccfe2b049b1e266256cbc30c95414,1,10443.586000000001
5dc86b5ec9ec48442e021652c60ad1c260c6eededfa357a6646a3b6acb5f19eb,2,1792.5585
5dcb73dcc6f5b16b62072e93234a03682118f1e548bd177e46d98549d504e26b,0,2326.33
5dd134f2a1287801a7177d0b3b7eb6abe42e03360295d6f5466b53351308267c,2,6083.751
5de6eb659d03946f91191dac2539cbae30da6bd6922be85f8684395d339693de,0,2463.2725
5dfab634afe3334dbe452c40de4a2e1f877f85c226f5ce038c86c978ad97e775,2,5726.6145
5dfbc67be1a04d1a5ededbee10e8ec7df1194d8334dab8ed9ac94f61766efea7,0,2663.614
5dff165b33606b329aa3cab8ce7a48a956b3451d7c97facd93f011516efd77a2,2,3155.4435000000003
5e00cfa646699a4e2aa1edbf2feeb2bf15085f38a04e722ab739ee98e08c3482,2,792.7645000000001
5e012a2bed90be82c2eed3e65cc7785f7077403d8567520628024d75b857d080,2,3247.313
5e02c115123050b083030b57b77c98463d45eaae0189e414f3c0e815d4a6d04e,0,3455.4799999999996
5e097a4d7ed4fac77f75b7e183a98e928845430540a9a5ba6421e3743061405f,0,2260.0835
5e0cec7754a2d68d92c1c4e59f565ec9d302f7d699ceb581c81a44e7755e6122,0,4485.848
5e105df3a9b7d3ae113835068af3923efdbae845df1d0c488c03a015d6184592,2,2930.0385
5e10aec37bbb5c26e5bf53400e663872e8af7e15f2c4da7b4827b9830a1ff49e,0,3972.849
5e1cb39aa0a4cd3f007b5d3fdb92b29bf4a663fae43a5696da4337f87a147eb2,0,2830.1265000000003
5e1e71f2e6448f61d0a780df34e7280f5662d083214eb2caeb9b9aed8288e2b5,2,1820.4465
5e1ee1a742be0d9c24d57c51b96a33350b14e83c28002e8bfa3487da4fb87c55,2,21694.488999999998
5e245c9103f9a887ec430e9fc70f3648dc147e8d82531ff7dfccc989a97691d1,0,4299.1410000000005
5e2600305c27f116100716f3f03824ddccea5e3d67afaf0ddf3df02fbb08d5f0,2,3413.0344999999998
5e38ae4efb204c264ddacb93f4f69e527345c3caeac04694d3d9c93782ad760b,2,5037.571
5e3d10788815d1c1414b97e5180d6ea756a75d95f6b0dd582fce251c72a30859,0,15885.9615
5e465bcd301596777f110a82ae330f6a05b841025954f999d72ff4eafb48b0d7,1,1822.851
5e49caf58aa4440f00d8ba540b6e5c79d7ddccd2d3de14d230f2bf6b1a345a91,0,4047.5575000000003
5e4df0a021c7263415a3307fd49985890fe859cb4464a6ab6d1f047e14063849,0,2861.12
5e4eee32f3eef71290cb024a737297a50455cfc62cffb7effdd8ccfcbec9ade4,0,4074.8430000000003
5e50f05463cd3de0f49f988f0245623185b9a90f53fb876bb4020bc01af9e300,2,2810.0855
5e51f5dc22ebfe4a88853db5c1b2c54320f6a62b0749540245472fb6a7ad42fb,2,2720.1425
5e54bbc41eb2d5f56074f9b23627998d495b5ef563d6c1de1359a66c102381c2,2,5234.209
5e58ea1ffecc044d907ac862c52f60d228d810ce160981fd38c33ca3fc799665,1,16079.62
5e6fcef341ff71db8a933941bd50845ea98edaaccefdcb12f8dd6d8fa3ec0f0e,0,11638.679
5e7c422c9992e8476da1f30467372264fb4f0ade802ef0845fec5fc93696942b,0,2974.6275000000005
5e7e5d06730d74360b8c6e8155d6b8c0b7ce7810524e2330f9020aba3bf34c95,2,3742.128
5e814de32404af864695b092a69a97d10424e07ff7ed1f0bfb692034b6952ddc,0,2035.3184999999999
5e8e1c93d59146f4bc40a5bb3967c50a22e2126b41b81d093760bb7ed80faab3,0,5231.6455000000005
5e9cb3fae76e15ca3e328743fa4e88a330653b5f47ca77c509dccaf0f95ba463,0,1634.4105
5ea3c4dde2afa7a368e4d15e612f2d4b70e5dd75d01e39dd6921ba1f140dbee7,2,3477.2395
5ea430c48f19f2b5b87f1bf9f485a5c2abcf457ae3598c97d4c275968f486088,0,1222.5455000000002
5ea5d288992298def5d27f462d151abd397d08926956cb2f580c02855c6d856d,0,2410.8955
5ea7f30004f5042649ca4b527c692146b2f0282e3978adafc7471c05c41c4738,2,3400.9170000000004
5ea8d855e4359719679adf21e37784a0e28ed8e087d98ef3e35f6f6708a01b5e,0,27431.763500000005
5eb1bb4758a3312394f796a79d6ae692f1935b180af2ecf1bf308da489615369,0,2027.9424999999999
5eb579e889c41759597413fe3b88a7b4d1f11af0df29b39f277dfc399b6cae2c,2,6320.086
5eb7b4f4339a6f830abeb201d410c6670343ce99fa56f2c2364bb6cdfa255850,0,1741.388
5ecb7eb41a37860b75f057be7dac384d3b302e91d7622591d5b61d58a34e15a4,2,1581.0235
5ecc4513d65244c9e263fc8d264f08792fb5be3ca4b72223e5de1ac1a90ddd3f,0,6077.358
5ecf4dd61ab9a2d48e5cfa00b660e5d3602a653240c73293f01c73cf9fc5c232,2,1680.9595
5ecf87638f043ef3bba65e31aed27ae74570e464486318c0f90858d818d33fa7,0,2788.514
5edf135e65ba11410a749ccd527f052e4935cbc6c4c73308a5308666c7af2cb5,2,3878.692
5edfc0ac25f09665747a4cdaca73b1252a7e65e4a2761680a49e48101b8e71c7,0,3207.5325000000003
5ee12a59146af8ac3cb3e1b27af93bb170216082a9dab75a612a40e6c1c8ded3,0,4700.2065
5ee135024d3a6984307c56890c690c0bcfd1eb5050043d9babd33f8f991a1b1f,2,51.974500000000006
5ee13944150d66146efe4c73f8fac3ee816d5efafcfd3bc0799f19019a3746ba,1,7333.642999999999
5ee2dc0eb95011d1a5a13ab99aae3ce70b4f1705074f95dd651cd3049b75e0fc,2,2849.3160000000003
5ef7668b16b4acb5ede5c0265e7166cd1bbacefcc24967bb18fbfa27f8366b2b,0,5524.6715
5efd751f4934958e3b5e19305d866cf6491cfb200d01a63f0cd54401f8215df0,2,4297.6295
5effbbac29e5c1b4a856f3fb63860ab74c88cae65896381e13434bbe82c8dc4a,0,3267.4435000000003
5f05e534fd91a28b481ee1e79a0862d47afbbfe61c62b89b7aef364229599843,0,6829.6985
5f068e75cfe1806196667394e3d2a8edbb7422983b9fbd751d99245d920fa7fe,0,1549.9700000000003
5f077f2a2c99e64bb4c3d73c157cd122d5fe39fd945aacbcd7519de717c2a11c,2,5787.953
5f2002089c78fde4728c37c703883b8c86634eeae0e197bb9b5ae50ea2213c8a,0,5016.0560000000005
5f2085386dabd355f10e62f88d3175c84f0984625fe06a4de32a264018e64136,2,1623.354
5f239c7b0cf1cc9249568480bfc327ad18ae9c56d17ea1748b3b95910dfebeb8,2,2043.9405
5f2c28b4b3e0250086750e3e8404d242360913cb2eadd1f512f3295a94f244d6,1,3530.7415
5f3c4b8e790792ecbc6c7494691b5a1681d2a5e01070fe6315743eb3c0782809,0,4519.184
5f50cebc2894a5a33f73bda0e2da347b63c5e6752578bc0861d2c48686920024,0,5936.2575
5f52ea6e94effb8fc35dfbad7f33a05aa5d66f376173dde6e56270ba6d2adb5e,0,14811.492
5f591390aeab11230bc1a28d3cc25a78a85d52937cefac4f16939c9220b0cf52,2,5370.293
5f5c335ca1ebb63f88b681d77171fb18703b22689a8fb0d41fed2bc405627e9c,0,4158.6775
5f6ab90230c677e18186ce941193cc1ad53daa2d98920c80f21635ec7ffe78a2,0,5657.0075
5f6d75e68f10c050a66521aca6096d42aea1f48c1f0cdd5787f221b7bd71abab,2,3175.9840000000004
5f6e7fa563d68e86f092d2b722ae31cbe2350ce23ae69288fa5e0cff743c7804,0,9469.055
5f7f508b9f9c6510e2a6ccdfc7e71414eb8635182e35e91bcd70cadead3f54ef,0,1580.2
5f81803b9001e92b75d30830a047518e4c55ef5a3942198866d4add51cf5d00a,2,4175.9665
5f83d0fd5e9e25e9014da90b024cbe803c23a924f40f068cdaac097a9850c99b,0,6800.615666666667
5f87327b1ab7c4b0c523dfd9bb84d82e7e02a6aca871a678f168555ede5f4547,0,3732.07
5f88388cd63477bd51993ccf0bdf33dcb6db55d3dcd22cf4891f02a47f276b73,2,215.09199999999998
5f9051daf92d74dabdaf539d7fa64cbc7abe630cd13c34be63703e37edc5ea8a,2,1516.1354999999999
5f957c45cc178f7b587fe6c81b248a0dbfc407eb272a7da0a334955509a9f99d,0,7334.4285
5f99c5feface37f6bfd9e1e781b7ca1190333a95e3923388b06252207a3afe8b,0,3310.3184999999994
5fa083f57405c6668df51605a39fa2dd485c64d7e9e7a4fefdeaaeb2918ac87a,0,4912.714
5fadfe568f4eda5be17b188f125ecbadc5668bea35d6665e73e064b00b10e97d,2,3449.5845
5fb097075c76bf3512c5f79be80bb4f8f7a813f51b14db33d6fc19bc28c05407,2,2663.9125
5fb53ab46883dcf80177af13881a18bdf3142dec986292b646ca2bf3b914f908,2,4170.1755
5fb65116ca2cc1a73464c1ed158d679d16df31f4bfe6f55fa6610df59b5788d0,0,2703.3379999999997
5fbd3f1612a380253d6e2032a6ea4031441fb957d14f32b59d112a6188a51370,2,739.711
5fc4d1db2804e092af53e9a410d39a164081a2a4975c5ffd49175237349b4be2,0,3350.938
5fd9909b8ff5cb0acfd269a76247e1a9752da3d1376a6accb39f3111a0f2c697,0,95.54700000000001
5ff059bab124dde35d26c8bcec7a75b94fa35ad2509761fba6c59edba7106cad,0,5772.368
5ff95cd8668c41841a510085dad33322bf13b35f13ce67821a4d7160a8018c06,2,7815.225
5ffe5dfdf6ebd93604a4e30c7710582f7f37e153af7d074851cbea9add30eafe,2,1763.625
5fff78c1b42d7506e95562c50452b8bd6ba006461cd232431d9ffa2853dea810,2,3735.1805000000004
6004593cb8f5bea5dd8947e8334c201ead0036caf38c8ccb04c847a4fe46342a,2,5895.9825
6007a256e3921a32ab241c59333408102253ab1099062df426d4be29d86783b7,2,1291.8980000000001
6007c0291aa6a5142880125b74dbda342fa00b37263820a572f1f0730d67734e,2,9780.741
6013b2cf08500a93bd4d193f5c97a184f80e43bb5113c90dfe2dc3c28a51a8c4,0,5268.8009999999995
6016b96bd23e64d3caee8cb529ca09b6396b2101098302c581679d935d770712,0,2161.9615000000003
601a8571efe1528b7d68a7500f4389a8ffbef7d41b14add26408bc96659f7990,0,3464.8140000000003
601d53a59b4d513912e0cdc1fde6f65e866e0733474f5ad0e69f89fb64af5afc,0,3151.2305
60216c03636e518cf0d3f8c0c98ea2b4b659b26bd1a87df7586150bdafc43dcb,0,1232.1860000000001
60230ac4ee6f2953b81660a2443c1039bd48813b87f5ebbc78b978dd297c762d,0,2972.7855
60232a8901319aaf3056332cea15c8456ff4e21905c79e339540891ea48682f4,0,3184.8345
602c30de5a42795bd09481e004f774d7b56116a9759ff7f01846a8c91620c6f0,0,2837.6184999999996
602cfc5e676c10992a6a25c96cd17a4343af6f2640c1a3dcc9b690dd7992ccfb,2,2445.5425
602e08b742bd890d4b2a6e5176896dfdd54118cae58b90c50f6ab99ecf091d61,2,1703.194
6030e15fb53e703214cb88f5e2306f2f3847e7af2cd9cec7b57e9c25c045d168,2,5287.646000000001
6031738620646b4a1767655ff01ed24ab37a8cfbf9e328ac9d8a9354db8a6f97,2,6956.692499999999
60357e7dd156b35aa0fc84bcdc74a95cf0ccc936e08966d825e15abe1950d6a1,0,493.6525
603bde31910a7aa094e37780ff9077e0248b286df88c9ac9854a4b309479663b,2,1142.8215
604de000537be5af168137e5e5e115a22fea2ca60cf82299e3d6a6f4af0f3428,0,6145.9315
6056ba2be1d0f11f7c1fa477e5a81f466373552d013424e16ea7119c045472cb,2,3337.8645000000006
6058e560f4362d736ede058a25b14cecc8008d78722337161280aaec42557b68,0,2179.5375
6068ae6125bd8baa1b7e094c52bbff626233a65620c0e0392d083cddf6c82f17,0,2603.1045
606afcec0f9e7e1119a1356a89b9a10e06ac00d4042a0444e171a9f0f9723696,2,6520.001
6075b77bb46a1247c8f41b42d2a07393c6b0afc7e9793c51fa44d9da8d1fe2f5,0,6217.4169999999995
607a4a31d1f33812e011d6578efd52f3ced4ddb95abfe58bf54adaf74fdcd9be,0,6290.075500000001
607c76db698c2cb6110d5f22216490c8f1c29d15cf9fde53b439629a20aa9ff8,2,3037.604
607ea2946b1f5ab046279e4971a418e3c4806c0774dd43e3d5cb408522402fdb,2,4242.464999999999
607f031ca5bb7e5f1b8125473f406a3b4b53f6e007493e01e4ceb82dd40129e2,1,5219.73
608686dcf89de484cecf89eb348da533ca9c96f4171a716559d8ada477a250a0,2,5391.885
609933b0cb672af4bcf459b31e6378827d45e23a263bf091cfeb3f5bb0f3b925,1,5968.4355
609cf804fd33e705a662962904e5b1634d88ea84212669e91fa02271308ebed6,0,609.2585
60a6fe37def39dfa9f1fe874df848072d5f99406b8cfcd6a059138d27f3ff1f0,0,2715.36
60aa87745889fe46484ba5f157c2b634f5dec359622335f25c0269253ab1be43,0,1370.544
60b5144dddc4a81ea74d61093036c23c8ee472af14788f8f131eeb3e43223c5f,0,2243.7580000000003
60b8233a36876e3ca1408c1cad8851b497ed51f164dc13fe314ee4941a2859f0,0,4374.351000000001
60b98c36bd192f3e6f9590956042eb2f7468727e58fee3beeb909900a51ae08c,0,7117.165
60ba8ddda503f547801a5ab4568ebfe020b9024baf7ec7d6ab40ddd48e62b08f,2,55.412000000000006
60bba8bb74e764866e5e640804ffbff06da039f286a687a37025865adf4dd8e9,0,6420.492
60c633915fa6b294677f3a5093c7364889d2a0b73fa9a13b5456dc35f7dd00f2,2,2362.55
60d20d92c8566f1b602f6e4ac3fd3620a9cad4ef8af51d2e787d45f316d33a0c,2,3014.594
60d56ac2bb489ab9e5e47fd0e44a766b51fbd1bb00d82646127003c8fb578722,2,2010.781
60e13797c434813b632c13e3591d30727c8c6d7fa5d5fd439e2c9272418457e4,0,4885.735
60ea2640eb568346e09af7a2639b846ec5f39fe4feae41fcf932306f2f9e007b,2,1841.6385000000002
60eeb43ef1a2b9496cec527b011d864e52bee611dab568f1340a8819e4de823a,2,3778.0195000000003
60ef0ba7402f761d824b9d4c2262fcbfab7eec71afe81118353070da61fb469f,2,5881.102500000001
60f37c91b59e9d43b4569f8fdcdbecd698c7a5ea936c0a7a4a1abde87e8463ee,0,35.526
60f6be6196b8d13df9b5528193a46e1e6098f0b605684de7cb0c602eade53df5,0,3101.286
60fedb0dfed7cc72d770ee38576b93f13a93426eed382e4208b817e3128b1613,2,2882.035833333333
610f46d324f10b8aa2e201d47fc32a8cd1f60d0452bac959592a78dfddbf6ac5,2,1803.694
611754f7655bfe302d87de340767545b5996c0087f4d4faafc02e7bb40ed979a,0,7996.927
6117f2735b2dc01b73278b6994e18040369469a3c7c53eb77008b65b6cbf194c,0,4848.5665
61334bdb09faba8062e11319f5fa4b311a52cb5c17f0e4d0c372c1dbd95c3e28,2,3360.773
61336afbfa4b4c6d2db7c994ba9460cdfff94353bc2522330da18d16253342bc,2,1077.0275000000001
6137867f05b2f793309128b385af33c1ee629259d8e1a04e321cbf4901b48b6b,0,804.0975
613ba72aa7bf9c12a0ae35797cc18fb082d9f4e7f6e40f0c75e08b7bdca65527,2,6289.494500000001
613f09c4396687fc6ef1376fa69eeb764e304b1993047c5ccfa459083275e7aa,0,2810.6885
61404ee452889eebc80c742c714fd7727b6074846922ed802dda9a5735faf367,0,5627.1685
61450d5dcc8024e16bb6178934b6470932875f90a6e7500eca0104aaf43ec9ca,0,3507.275
6149371b04c1cdd3844a8396cdda8b7ff6d84e89cb06a26e9e1e76e37942642d,0,3113.385
614d90027098e11d7ecf471f36c55f1cd5062fb98e1239e7184935c1ae3ef0c1,2,7585.2415
61504ceca5ed1951c6ac02cb3325c065fd6feadc48562d473dddea9ddd11d26c,0,2051.088
6163c22e750d060c0f4f3b4a98b9efb8e3f7a0e210177130caa4f170cbe97b44,2,5311.331
6164c0813e7b257425449ef264ac7ccaf46eb222380f9469705c2b0e8e4d24cd,2,3630.3035
6167a85a5421427cb12b38e85f4981d775fa434019b7dcf436c330e6f2b1b621,0,3562.014
6169c4ecc3f354ff0c6d3f188c1604575d09a565b94a54d94be333f3572e37ef,0,2261.3194999999996
61724992394206017b07e3dc1e96d62745f1dd2d55cfb59cca1067a85f43702a,0,1550.2015000000001
6172d50a4e1044c0242d8132c1e759c6dbd9fdee6fa3ca1b588990aaf461cf18,2,668.468
6176215972b4d820cc6b1f5fe13d3581ede976da539725c969e22f180cc9a22b,0,963.642
6181310709ae838d357f0aa444b48b81f1d158b186f1ceacaf8a318fc0896eca,0,2406.92
6187bf168f137d01842f661a84fa1409ebabf9ce2ac4fc09a124166ac8371f64,0,4853.3195
619033aa1aaa2f919815036cfd5ef9185db34af3dfaa7038cfbc7227d520c396,2,12288.4005
61904119af675506da708f10851c3434e6c06cbf2435ea61f2ff67ab80c1aa02,0,3471.9220000000005
619b329ff75bbd486627667ee912f251a41e824a23cde824ab157bb485505535,2,9217.813
619cabf39d7343357e6009755acca62ffd9805a3f8fa31f525044b9f91e1cc7e,0,136.89950000000002
61a5cb4d2c9b2b80d28f8cac053864ad23f02d83e72f9bea24c5690b7feb9d97,0,4558.85
61a7af7a9ac1e8c1b4227e6f4d88f53b71434d65f0e4f69a19118f3a9621c483,1,8408.9815
61ab7e172c55363a2d74bf1d97ae26f264a08b6d66235c79fa2aa2d2d409900b,2,6265.629000000001
61b7595b203006aa0673cd6584357f6219161f338d509663d6445f57351e9386,0,711.616
61b78fa964c20cae7870a13a1b139562085b113dbfad9a38845d6d1cbbad47f8,2,3562.171
61bcb4f15abad740da528cd42ec8e1d11ffd71aba38002ab47d95ecdb5564db1,2,5636.8295
61c8cc1f8fdf8e38c08004eefe33aee10cabce677f1ae96277d0c4c744e9ffa3,0,4163.3485
61cb87a2ce6518200d481743ffe4c16618c2507cb608dd7c8dcb20ab31bdcbb8,2,15544.1855
61d5754b0e2a8b8f3e1cae48ca69e9316dfb36f1f3f1af63d57f0366edf3f438,2,4738.492
61db4c5674f5d2b3e32652faceb12b06e424ea774e8714da26bc186b9491af61,0,1226.2415
61dcde659736458ba6637845b5c7517482bcf27e153ce33e4d17718d03983348,0,3772.7230000000004
61df29ce81de0f3504db658064ff67222bc25f89fad8b7eb2be5215da7292125,2,2281.6935000000003
61ed5e5c6ccd4ae776290dcc0a5600e0a4b9a2a33847242d5ea49dcdc09f1b9b,2,5366.061
61f51ced65a938373207fe5718954c5663405a5e1ef35f6b88d245a9594f1b7d,2,2865.1420000000003
61fc7d528bd15fe7e85eeee8eebf1f42eda53dad390a7397d88624f6c23ce4b1,1,21393.6725
61fd145fee077a4cf09fb0b00a8884bb9be8dbf6ab161f017ca9cb81ad8d26cb,2,4572.166
61fdffcbd79a915d4d2d32a5bef2cf172afa4636f34bf5054ce609f82ad5be57,2,9075.706000000002
61ff68878c254b97b0d42de511efd9080cfb4e195ef5caf616d97879d71b11a5,2,8803.281500000001
62044b3ea8a1b138c5faacb43a7f06e2171722637d9d729750682715798dd887,0,2978.24
6209c162e552d49ef913e16f75379c4654d326ae60d3c5a6273e864fe055078c,0,3403.6814999999997
620e2c36e72787a262baf2ad4cbe52e6f44b76b48271c399b02dd1e201555d27,1,21276.0435
6212b693ed51f198e2c79c2480974a776eb637b4c6d714ff8f8f74278977d003,2,4584.2465
62144383a50ed81ad061e1435a619072f882f0c1c6ee2e17f67f16c2e9c1248f,0,2538.3985000000002
621b158c320b827415b9a23adcd95fe8836d9028e724b028fd271c5f3c73dc6c,0,10075.639000000001
621f9ca32593a20b23e8dfe999d7b654ae138df67bd865af99e3b0d772f168e7,0,1239.219
622878a15c7478dc9ae99ab3a3c655edf1cce5ec2a8bf6e9b6da5cbe3695e367,2,897.418
622a738814bc4a76b12e2e83052aba9a1e99492a1c40d706b7700aafd9afcc51,2,4435.883
62317503733c5a0e83da383d511e6989e259529317b2c4e17fa0e16ddc54bacd,0,908.0055000000001
624064f9886bf14427bf05825485854fb2444f61e18250f4ec95b58d2b054c66,1,7878.191000000001
6242f51760bc154b30ffca1ce218f20ad50e165e391d5311c0b265dfeba55b94,0,6330.7695
62474ac50b72e3ce62c6d05256569bd17bb38ed017594f45f47948a26c37e04e,0,7928.691000000001
624a308462a76f5e8e12d4eefb860cfdf870fc60acdb51040c71e20de32638b4,0,7704.476000000001
624f6623ef7c554c6111d5181538fc670a242649fe263ae016dfdcbfe7e89f53,0,3589.2615
62597a93ec72265745aa7d4bde5b0b5d79e24e48ff56e221efa03d00c2f885e2,0,2875.873
625d462a4662d5fe131c689b13927de119dd7a551d3c4d74b5bba9d6f854aede,0,4431.746000000001
625f703b9d7d5f370a18f50b4bf7f3db3c1046b21daa50a525a3b9f7adaae16b,0,2342.671
626abfac3703ac2e7d4a6906aa7f679cdbee5da9b42e00292bd5b15a7e95b885,0,7708.516500000001
626bb452a23aac8a802e0766daa627fe02e3d5e0dfeba4f17251d670fd5d9145,2,1546.893
6276c81ba8c75ce3377f6821d52b44f483cd44a6802c45d650a1a0efcb11fb60,0,3662.5735
6276e75d5b130de6bded1f770e7f58473b9e0408eaf325e01c2688e60c19e4ca,0,1674.152
6278da69b4a4f1faafee767a196bb63ccd8929ce3f98019400293c226cac76b3,0,1976.465
627e8871dc46e6cfb74802b4035de524267b5271a22bf635102d9e6d8767a0ae,2,16312.7505
6284dfbcff941c5f1bc5d1151f8890947f3492cb2610dd953223189ba2e29f5b,2,1556.4790000000003
628cb47c63c765dc5b5d5cc4be04dcb33605b30efae84d6dba9748c2c58f23fd,0,3593.9205
628e0c5f08db3ff37a552a3fc4d85a805368ed1d234e2ab364f740254c0145f1,0,2171.9975000000004
62a06c6ae749bbe54c9c686f67a3447fc5989f0070f0686f76f47ba7872740b7,2,2131.9255
62ab88c83531b3e5c6e337a82176134fe359909146cddbff3ec9825a764fdde0,0,596.8375000000001
62ace35bfa193e580396b2f82131cb0d9c092d25ceb2fc19ab58cf9da72e85a3,0,12471.547499999999
62b46d767638f2d663e54c6cd0e4a917b24740d42743edb980d8033d19362e26,2,5123.893
62b5ea462d176829c289113aeeddbf05f813fb29a195967d4a98411d462ce99d,0,3059.5195000000003
62bcc354a1513fc32f6df9e2f56ca5b18251e304e9239cdf32cc81d638846592,2,285.24950000000007
62c2d168b2c03e65f08cc4f0f80a4f65b242eadbd8d4365374f7522ed97927c0,2,2066.1414999999997
62c36929795223f36a59125ebd17b2b1e1d98d7efd2bf673ca3d73bad380bca4,0,19989.0155
62c5a9a0a78e86f62188ff5d4d99bfc5dfbf8f1f5d000767548761fecd2edeac,0,341.68500000000006
62d4338d4c550cbc15f91e1466d7c63b5b6fce60aec589e9cab74ca31296ce9e,2,3664.6225000000004
62d6d641495aaed28a6af03bcde3617a4aca08fc03c8abd4eb1f2342f6b779e5,0,1432.8339999999998
62d9142dcfc16717630827a31b6fbb90dbb67b72424ddf4934079bd97c5df9a9,2,2890.509
62db4fbec5bf3b7d4217052cd68ec7645f821c2dc4bfc6ec1f7e67b2396627f6,0,2153.5415000000003
62dfa4975d8760998d3293c22e6115fd5ed753684a8fb8ffe57b92c1a6b72d74,0,1723.3365000000001
62eb1f5cfe9e8739df9876c011106f381d16d0b24b3042d4ea5f5348c36e728b,0,1913.0459999999998
62ee5122e9cf6133c2b3d59b98ab04d1104bbfaab9444f550d35c8f8ead59a23,0,1083.546
62efb6aaa0127466541fca7bcb8dafc64a55115556ced605234ed58c8ab45201,0,3516.2290000000003
62feaee3f4d19050dff24f6fa5942aa5ef98cabf649878e88b6c2d0c6a75e77f,0,2697.5275
630147bae3696c0c636d530a1421efbed2c0735dea48d65e5b271c4a40763f30,2,4429.0702
63039b47a9024d2db9b3018fc25f87a4f2dede21b211971a8b3b591f7889476a,2,6003.4325
6306dbd5820bc271bb4c2ff526517393512a074fc8b74de98c537229ec98f009,0,11188.4305
63072b08b3c1e634c2af53e7a98f9ad6da7294b59bafa46b8963e96171b840e5,0,2697.6255
63080dc836ff8084964d01f8665d8ab2ab09406bbaab9980ddde90527445e12b,0,3188.082
6308ae298a572a4365cddc7fe9b07b4cbcc320133c7700da42372a905795b9c4,0,7888.662
630c48e598928707697bcf3827f8e2a8792a72a16c415b51720fb892e102e3f9,0,1901.111
631bb8e1a172c95073f32ea776eb4312eb83483cc3dd9e2dfbf6935775ccaa66,0,3931.8560000000007
631ed0db4ed658c8150321f50d01f597ad1a19eda83e1cff083a55af4bc77e8f,2,2572.84
63219b4df7fadeec2e2c667a5677764caa901d449a3dcc7a29ce9a791433c234,2,4793.0914999999995
6323142d4717c93075de58be9e95ba86f5d3bbece6c79f268bc004c8af9765cc,0,400.90850000000006
632cfe16863c2fecb89777b4f87378460726aba828739d22b531ca88fd1b8bdb,2,2375.9139999999998
632ed13c5dbebe01f99c1fa3f922d1b96ac268f45c3382d8bb927f5802b1a10e,2,1893.7275000000002
632fcfcae405552db4d50830c51e8e7f99dff21b5ed7082ed0dfe343980937cd,1,12571.4505
633268b55b5ad37c5e0942f5ed48eb8b2ddfeb9ab35817facbdc13e50fd52c87,0,5142.5635
6339b0b5b85259ce8e241a6830166220e12619b60c12039834abb2cb3bace6e2,1,7740.8025
633dc4baf6730715d96713d95ed86b6f1e309ea3f3ad7a34e484961540d09e3b,2,2279.2780000000002
6344b17fb834385a23a0603299e66ce39e9dd0e42d78ba04849c50cb52a29294,0,3350.3514999999998
635bac467660630b326ebebe29a1f307e0226b62d69be4e5c8ef8de001c70908,0,3423.2309999999998
636756055b9740ecfc86b634ddbf19b61c465bfd3c6be16aa8311ca4319e72ae,2,765.5350000000001
636d1406aeb8d74013c9d894f93a4492d044516ee90805d8c2024f56c798bb7d,0,6417.962
63779c9f3c6ce701151fdb4e617a06fbc4f53029e73422407f9e38ac44f09428,0,3032.7655000000004
637de2e8707a6cd7909120576ab37aaff4e0454741919dc435ae323cc166125b,0,3487.4235
63801732a80e2a41d3fd4a0466b4c9bab255e0bdae55a8c8c70f94b2d53b3dac,2,1671.9295
638bf6dd8374a9b025fb9db1edf8d13841f1eda23d04828c9e639fb3aa694530,1,1935.9625
638d6dd55dc9e8c580aeb84639feb50886f7c115815705285b36ee29ebd5cfe8,0,1435.6955
63a08506d9ced718d36656098d07b86507baca7029eb27349943f3d97d65b7ac,0,4000.7349999999997
63a144026aedc45068ab0e82147775723fe0af4d5649a5c6b1a219baaa919605,1,1709.8485
63ab2e00fdc38fa9fdc1f49df241301f99911086b8cd7634642e56a75dd5d02b,0,4270.4439999999995
63d66ead7581ff2102393eead8fb51baabbadf9f46fc35d0162bfef404acb498,0,3444.7958333333336
63e4e0ea6202535f8ac4ce99affdbfdc7cd4fdddb1dc3fc57e53cba988ee4be4,0,3234.3369999999995
63e6c740dc44055093cdac6e6633bf5885b7c57567f759bb24bb0a66db3343a1,0,1424.12
63f620b53dca507087a8c27953a7fba5288bc7025c6e9dd336e7964444fb5c44,2,2260.529
63f7c10c0d7af63bb25633fce97849bf348f34687279af8869fc8dc5cfd1a371,2,10602.608
6406a127db716707d3617540256b66cf98674ebed8e0d57119cad432e4e3cd65,2,2127.5765
640f2e43fd157d01b60656a72d2f953ab663d02d4c8bb5aee329c01743bc19af,2,1531.69
641db20436cb1b91b6d5aae2d5b1246c335730c1a001073186857044820563fb,0,8362.791000000001
64200908515c52c79775945cc8eafa3831c2cae7a7113bae2d1ff55956c025ea,0,2944.9449999999997
6427d524f0013e5fd335e8e972b129e688c58e8289ba07312efbc5a244fab4c4,0,3707.6610000000005
64319fb226eac72e072a814219e5ac271232c170863c075ad243c28f82e5d204,2,12762.262999999999
6431dadbde4a4c8ab0c4a66d97cf221f6c7225b3ff740482e15604d10b20741f,2,1251.239
643e7a5448fd722aad37e8b62cbc730835fd7205bf115d4b6fcdaf6d6445f582,2,5838.474
643f177e49a055e8f8e9330aefc0cff6941f3f76812b526bccb974c2cb288e66,2,3156.1764999999996
64421ec373b9f90b3cf19fc892cf65665143a49a064e7c3eab58db9d33107c8d,0,8393.786499999998
6456526831736d0c2542f5c0931d36e7b083a77afc363b563c6bde99182ad383,0,3438.1580000000004
6459f0219fe71784d202bb0302f78dbbb3b22814d36abc06c89f8f01ddaaec20,0,10199.3175
6461ba94317bdee7443fb130827226cb09d83a33b8ed55b60d87b936b40f3439,0,1852.9099999999999
6474b33e7c83c57a13868b7577a5cb9e7950551d61754ead774965f837c8503c,0,5427.4785
6479c8030a09ec60fbe0b13de62f28e235ede600bacf183397b48c7da32ca995,0,2447.901
6489aaa3544c823919c5b8cdad47186592258cd366edd7d2ecd0cc3a0b4d8498,2,4603.3355
6493428272c98d2729f441b734a4e78e389a045fa4b60062ba2165d53a3dab89,2,2031.2965
64aa61a0ecc92e769774e28c21783ea6c809c1de2926d043791f49d780f36c76,2,4364.857
64abb6b2fd8504541f4667be758f7d4e4a7716996bffdd3b832219d4505206c2,0,948.046
64acbc95418143405db1760532dd8d29a8d2b717e1db8c5ae78042ba37450714,2,3985.7045
64c2c53d187c2555c3bab1f902e3532bc23d09c9e6f74bc933c978bd98c7fa0f,0,1781.556
64ce9740b6b5fb57ab96fe2c7f0e559db2caca82ea68d197e257304f77722df9,0,3817.837
64d0db293b81754f54aa81e34f3667f83fad2dea0cfd6fe86f83fea9e75d47da,0,4895.6305
64d4d38f4c3bda6ddbecbbfc54303561d7025a8779e30433230cc4a673cda107,2,2812.7245000000003
64db695eb76aec83380b8a14cfdb9626abbd2a6056fb194c74fb127b8440fde5,0,6669.505
64e46bed2806a79445a178d7be8b0480762734c96e7fcf8fab12f26cafa3b99d,0,4408.3645
64ef05bc6986bc9c6d7d402c4ca66d722121d1e00b2dc6e25e1b6557493f6642,2,3388.8985000000002
64f27d3db0bbf64228059ca4c23f879632c08e2f5e8040bfccae5965f3a45710,2,4819.675499999999
64f6c7800ee01e6920869964a9c4a8098db99a2f78f00769ba5cbc948fb2a5ae,2,7506.821
650a4de85f00c9de80920a6b3063a9d6b1f22ca0a442d6c0d319ba3ee5241e38,2,3661.72
650badb6469474a253e987b1b0f819c4aa7d837e53b822f2092d3add513aada9,0,1458.0335000000002
6510e407be21c1c30323149ad28ad436d4cb44a0325beed0343b7608b692560f,2,6423.235000000001
6513920a892d37185a68ba04de8f5df87f7fd77e5d7f2aff3c59930a482faf5b,0,1417.43
651a7b5098fded45146e3669f2bd572b116e1523cc2eaf059937825b2c1960d6,2,4375.692
651a946207551af58b2da44d54746e040bc9219e5c7b1839d3db1b757b27c7f7,2,4780.606
6521471ab1d29af25d19182729b5c874335cdc956b88c75f272d915e52f71dc2,0,6271.041499999999
652564de608d325ad866a2228c1a1ed0aec28c305a29ddeb943cc12ccc8098e8,2,9555.1425
65288f33e7a4a819550b1a8835ebe0c55b3f206215fb4503d462742c619cf696,2,3296.3475
652fa1e51963c9ea71efc997a33c82d753f2d65e27f018ba1a4a38b7ce3986db,2,344.03250000000014
65363b864c18f79a20aa6dd6b65829549f311e41de77b673f9961b9c2f1466f8,2,3574.3230000000003
6544373e8abe4d3b2b38765d16abe7ac76517f8fe302b7764edf43ac6b333202,0,4454.205
654984e2f2af7cd8aeddc1734d58d6fc7c33c5cf8423e034ac44cac04197884b,0,1299.486
65568e4ce7178c7d4cb2492dc32782704b536ad4975a4ae66388f64c60b19eaf,0,1734.8650000000002
655de558236b13f9112f6a4ec9094e7c76bf23d8d3a78eaeb452ff43380387bb,2,9636.834000000003
655fd79f499dc3ca325f2440fbc4a395730462b180fd72d2842c0a8ef6edb424,2,3581.2189999999996
65681520cf780ef689a22c9a1488816f17dce75d20bab50bda0db23bbd99efa8,0,2797.771
656965710335efcffa6e848501b5d1b69d0fb005715a6023353d14b9a64991c1,0,5027.528500000001
656b6ed5e7e72421374ce747047e342968d6e4c1848c43f849ab6c12244d878e,1,8954.2945
65719cdc645a05a3bad0dfc7868a2ab79e80c5700434383ec5bc6547eb439e69,0,5865.0785
657790694b4aa56e05cb844cfd5c38656f96bda6a83906fcfdc9679a94c17b07,0,3963.7415
6580299e421adcb138837b60cf677a38b358e54de27456b56382f307088cae9f,2,4489.371000000001
65856eec3da9dad5b535afad9caff9cb2c79af7e12e0b6d92efcabfca6088bcd,0,1575.1474999999998
65901cedc36458395b9a35f9c50c555272af3ef33b2d73c432c2506f9e327f13,0,107211.9915
65a5e40a365fcacbbcafa8fe97b18436fae9a30a6d581032b9cf26d19bed4c5b,0,2034.5759999999998
65a9c77dba41999b1364cb6e99153e61cebbae6225ac727756321471f28cca71,1,6150.941
65ab561abe7d12545d5efe3425bcc00cfcb11675b3546cbe61226aec777afeca,2,2604.27
65b5d7ca0b33ad4dbf3be6af2ff9ecf2fd823b669c1163aff10ad32628b8fa6e,0,2984.2795
65ba47f34cb83d2e48a9853a717c7489dfaa8da2aa9f01b63a4698a48cb36e03,2,4302.5765
65bcdff95a7f7cb84426d0169f275403f4caa9bccc3f9a667540b5b415dd4df8,2,5608.012000000001
65cb864d1b3b5be7d29d1c2c66d69e9c0c110869c1ad8aa2cc3e9a5346f53315,1,1121.6785
65cbcd51f56703a747ac85c50282668193d6d6ba36810d943fa79c3b6a10f897,0,7701.920499999999
65d59021f3090dcaf90717c5372efde59614ce247b825f06b55f7cff86cf6d83,0,1588.946
65d8c629c5f42ff5cdefbc0701bbfb60df9d02ba035c70f0aec645cd2728c481,0,1984.4460000000001
65dea63c688b23fb0ef2228452e6e7d5946cb64106de5f5f09e1a87aa404cc72,0,6337.121000000001
65df44241fb53ac776650cc5c4370c043b65e362fe3bcbb6cd0b287be4ee5597,2,2861.41
65ec1a40fdd9b73414722929ccb765e26a5d1d78052c5e3394088203dfaa8bf2,0,1095.9145
6609e7cc79ef64b86a1f358053226d8d3fca58d17488506b8ef17276ae66ffe6,0,5612.859
661609de4cd3ba57663c2c305c6d7c90088f7ec8a469b9142a6732047b8fd2d1,2,2639.064
661c12e8d27a7be6e96c0a010b4ed6a35d7734082cc227b9f39040bcd38fbe90,0,1946.7445000000002
6626376107e32646ee0465c7ac67098a85ef9996be6647d18f01f63aa28e06d2,2,3074.7495000000004
662b34b401338527b7d58daba75b0c6b464e6bc9e6d572ecf4e876115711d451,2,8227.2835
663b690123aa7780682b6c3ea012f83426ca6f64c72598b24a1f842ee4b7dab5,0,2584.5855
663d945c76bda47c70273aa18fca1b08e2904ebd74043e1927eead8c56392888,2,6733.8060000000005
6644febe9f03631337ae09de19ab86b4ebe2c0ef3198c729d3e11fc7d5561506,0,6401.214000000001
66496f4f7f8d9b4f2141c23d78119a4ec7ec378c0752551ffc2a88dc544a3f1c,0,1464.1665000000003
66638a64282124a0ca4e25605f6530853fc8d9dad72d4c38cc483c31474bdf20,2,9886.733
666a838e832e5d65174411e73119fcbde31addd0a3df1ed9dafc199d71ef1abc,1,1817.904
66735507962d8faa2857809c7153e059619adf94ba5e4dbe0fea7ed7d37485d7,0,3219.265
6679d9f9d7d4fc62aae794a48b2085b71748317d2bf1d109c70ff89bd66b1972,1,15531.628
667a32571c9e7dd1ba5b0a28d3eb03b7d2b27e46d8fb3c632f649d9f731c55eb,1,2655.7619999999997
667e49112a21c9bdfcc28e07be922acf5659197e4c0c83bfcc50355986c2b3d8,0,1877.1385000000002
66871e750da6655efc1b4d91458219dfb060b9c915f6c2ba95495443cccc17d4,2,4011.283
669e06c0d56a276cc0d7821ba2153793384faaf03156e1e1afe0f8ff1f4468fe,0,3687.2769999999996
66abc158c2e9135d4c972473462a1f8c941c01669bde11b99f910d5fe43cc984,2,5354.587500000001
66b6e6973c43a3a6e20191a357cfd40f4a4f5dee60441c5d5c2bbc2ed795d806,0,1107.7895
66bf8f9052210e0d1950386e1820562049f9f75cebf265d09bcaf5cfd7490b91,2,7486.269
66c71374d9a56a70a26fccb4168718d40681dd259fdb32788b93169ba2ef37f7,2,4025.4445
66cde5b43ea7603da483ce760f29a5292b1faebb2a1bacb361b2cf81a3b4d600,0,5797.501
66d10009c5684a810fa37ffcfef45e1d57816df8d1ac1f7daf7bfd7292d6a025,0,4335.2415
66ead5ea72024438e0f69343fa83d9ed3266fa4da453beeee1fe57e56c9d231d,0,3825.7025000000003
66fa5743c223a15b0f3ab62f178cca1e5de7fd1d3be63d9d04e645543467dbeb,0,7744.24
66fc195b85348552bf2dcb68d30e446f4b2fb5e4d4b62126889e9ec426081740,2,7123.472
66fdeb1c06abd5daa0e1155cca1307575f08bf4e6c11fede5c30d043e8672346,0,8505.6
66fe65c43ac8d7bd62ef813c3209c7ef6281c9e88a8b770bd3e22b62161b7249,2,2415.508
6711908858e5622386a22e225c940b59785d2b944c32f6ec4fc42a4e5cf3a450,0,3128.648
671cf684bfd7e7f23057f92aaa8c0951d4c27bff354fde1d31f4a59b2381809d,0,3381.0725
67243be79ba033140b8fb2f09597e13bcf77c1bac452754819f59f3c7cae8dd5,0,4312.477
67307324529f6c4abca9ba53977fb0bbd162ac85a5f70292f6885e9c4e9d8d3f,2,2036.6055000000001
6733c9923dfaac7f91c3e740c15cd730ce7205c710847e8f1a72ad760465f859,2,6702.2294999999995
67361e78ec7994d9fbc8d8dc49e6d98729ddbb8e5b8d8a1a3259b9ce7fcadaf3,0,2654.9775000000004
6743219dfa462a87bf98841757e4d131a259c5947f10a6a224c56d409b5ffb67,0,5726.6985
6748dedb7cfa108d69851fac1463ac842a4d1e778273312e8c445b88c71aeaf0,0,6033.8175
6754b9f3ae6d6f9d9e93239f70a8e791bd53d321701290b1c4053d9edcfb2289,0,1225.6225
67588c92997d2520afd8e6d7d0e704f909d294fb7a81e1b49820370fe0966bf9,0,4718.227
6759b09d726fc5317e18344e554a20dc31f323eabfed98d4ba991253b46055e0,2,1133.2135
675b519e667b3c0bf2ac7d538a466f983d0155984c415544c7e9c443ab1e6fc8,0,2767.5960000000005
675b8825296d6e181d4d0c41b62f8e1cd0acd45f5ed53c29c0e1350f82e0f889,1,12611.3855
67653d1187e0ad767f01cc5f2715707d965e3f6e738e07e0222965fb50fcd877,2,12950.775000000001
6767bd658b5f46c84932f06bfdd9ea154b2e827c62ba276f6bd69f658f24f317,0,764.3835
6773138594cd25ef8cae6794c67902dfb6c123e1a231167c4eaf1d4b4d461410,2,2243.4395000000004
677729785d52aadac05ac612a94dced8975bfc63f3501a9fea3e104422584790,0,5310.875
677a1b8155a3f6729662dc84b8b7c247fdd2598c6ca84c96a7747e2ac4656a32,2,1012.6210000000001
6784e837b6b704938e2dba381ed26d3ca31345d0a4dc5237f9b2e76706a76a9c,0,539.3215
6789969d310fbb26eb6c4773ead58d61253a387e8dd52c32faf3a8072987ca23,2,5363.2975
678f8e676878debd36cc7e142b89fdff89dc76d1d3e3f85e514d57cbd25e7563,0,3335.046
6793c6c46f4ccf9546f198a5e9a49c08ade9baf6f76ee8f462ca4a41ef74b4be,2,4624.417333333333
679e1a7aa1963c2c6edff2113e9c8f30c9a1731702c72cfbd708e31fa7342d90,0,8519.729500000001
67a6b2dc97e9a6ae28d7dca714a78db43ab2a007a0e54c0b81b5e2270a7db434,0,2552.3619999999996
67b00cc38ea351db657a63a86f6b54c63fe2ab6e41d0ffda00877d9adc02d04f,2,8207.212
67b6316543bc655f0a36e647082b1940aba28d6fdfcaf62ee1483575f23d9d01,2,8307.775000000001
67b9c5b25c27c4f03bd48b0178d49ee45b21af13c6cfd68c2295a5d16a773796,0,2760.736
67c1316451225ac4f64f98d83f4a78517e95b7fe66afeb4da21d9cc19719eb7e,0,2670.6215
67e4ec6efbc8cd1a75a56b02c9a33331be910a2d873bf186cb5a0d14ee5c3c22,2,6249.3135
67eca7e8d145082b7ed48887d0a7ba1a0d0d6dd7317d9b4fb87b35ce2ed28094,0,447.8325000000001
67f0f6e7a292c4b91f83337102d9debbe693a74e5b8222cbe08b999f6244c73c,0,7326.8935
67f1bdecf40418a91e26e973e1ff4a87cbd318e59862551b5c07855ee5f28b65,2,12694.249499999998
67f33dcf2e5eeb93b7eb60165b477eec57152718cbe8eac68a89b66b3c530bee,0,2202.7349999999997
67f9558f71c0143d9ec9995efe8725e5e616b8b45220b00c9dff55587e195292,0,2515.1525
67fa74f332c25b58d887d2ee2bb9bf494f507467f7b3595304f7db74cf4c5c7f,0,2122.7335
67fb988a5892c9a5eae9ad2bf2f61ba241526d097446dbd449aa994f0b25ec61,2,1974.3435000000002
680b06a8d9a89438566ef3ffabc0dbb5a438e30ea699b823ef10cdbaae13a1bd,2,6494.181
68130e772635396f3ad33a6b21aab46b223007a3c94cd4f51be8c0e743776af9,0,3026.783
681b3e406620317d4477e6c15cd35774579ba9b3f60024b39b144662a957f7b2,2,5286.348500000001
681ea755393857cfe3883bbd08fe0d1c01689e14de2a6968079da7f433f38f5d,1,4754.7785
682275be4d8e0932c14071c071154113b849e25f829899b12d124de11655d43e,2,15273.7545
682297fea83f6c2f738bdfb0b9525c42e466f78917397230032a44dff83ff6ac,2,2641.809
68286acb350a7ee00f6075d78dd3ed3fd8f826554b1da87e57b85b61dab7f348,0,6061.987999999999
68291547b5e194554dbaa8a06e9a3ac3e450a310f1a60d51d752cb3f33434dc6,0,1779.4640000000002
68350f5372228630efc649ac80404ff3f0313ee3fd5b338381a00187e49ae4de,0,6447.2385
6837b07ec033cac3c2d05fd2d28388e2ba387d1cc7e809e119e1af60eea2d48b,2,11571.451
683b90bce095beacde1c0d012c24c6751a03e79ef672dbf9273069164b66eabb,0,2700.47325
684181c5b3addc8a4722a4c0493718910ec6a48eb9f548f45dc8d30a5053de55,0,9886.528999999999
684575ef2ce3af810a6b6779357916cea0c24aaef51f821ab203941ceddefa3c,2,10388.427500000002
684649013a81c29535905fc22b647dcbde56ea37e4735b4e821176bad5f18db2,0,4324.5525
684ca4d168185be4d23a1e04801d6eba7371a6d88b16830214ef3c04b484f049,2,4249.945
68538bb04ec6327c8ddf3a6b80597eb2c5132c5e2eb07a0e1e67285e970c8a3d,0,5119.1345
6856aa2d6ebc5760abf9869b35a93c3d0b9ff6cf9531d4c904d07c8376bd76ab,0,1496.6170000000002
685983781a90ed815710aec439cb317266f560ff25de37ef92da6bc57230d930,0,4024.608
685b024b52d19745925237844a4e11448a61151325d7f7034d401e45e1896cd4,0,1832.4275
6868b3f88ea0d6dba695ce6fa1613b484caf13b656085fc794470a506777404b,2,702.0285000000001
686cb1740e31b253a18654fe117c78dfa62e94e7f44419bed65238112b36907c,2,3671.341
687f8c35f5f349a98536ba49de7064f6976c4d9a70521d262e67d80b7610329c,2,1694.9154999999998
688410de11a5fc7880101feed4342ab030b2035cf5ab80f5e1b33b79d904fc80,0,2764.0175
688455aa38c24e7a6c8a93398d04023549db4cec885513fcef78aeec463810bc,0,2188.8575
688da9074c95f03731398ac2a355b0b0ca3fa8b6f67e4967730e3fddeaee527d,2,8214.3005
688f73ef702b5cebd1e7c4414843425a75da668121e45fa680f6298db615fae7,0,6728.726
689273b4c1518ab8b0c2985a07157a515a7a752ed67f046c6ed2550f09cffeb2,2,8337.4255
689f5003879878d7db7d78378222a95e44330e3be6a894fc42109b2c22b88ac2,2,4719.071
68acb4e01f277604d8729ecd4e44493e7543acb45d6178ab671486db0460f90a,2,6010.0895
68c791013e8288db48cacdfdbbdc6bf5da85463ed441265060034a5cdc1c577b,0,6906.691000000001
68c8b698290476f4a19671c066207e8d26dd177d7318823bc24d444ac7f61f5a,0,7118.151
68d3784a9820674ad7d36d5c1d260416f873061cdf61e55310944839301b8e0e,2,8295.9105
68d3b475c2ee73ca188a7a71860703ff66930dc8a4cab1273379235dfd76bce6,0,3300.105
68da90076eb41d705c32948f404bbfd05e6435e2fd8fea6af8a780150940cd9a,2,7028.7955
68e08b89b6aa4a8d099a51d1091e9eeceabf13f219e3238a7c37fe8c94516c4d,2,4713.599999999999
68e259458711ba80da20fa986f495bcf83ddbe7c58a2bb8d0b8d5c75c400104d,0,9600.717499999999
68e90f9ed41dd4d524d89713e7470a645f13bff749dca3f94b9993ed47d8a132,0,3062.3595
68eed82bae2f2fd490b3e049c9daf37185c33d370c2f170890c9dd61f0355912,2,2993.4545000000003
68f3d076ef664490c33e7ed2988fb0d06b15fbed544e14a3fc314a525f28fc40,0,8501.862
68fc4700262c1f2fdeafccb79154c2e04625cae74ea4ad84bf69c8ee3bd6daa0,2,5727.679
68ff904d2a3dcfd438dd4dcb24e8266db6ee2e0a3522cda7f6b34bfc8f8fd04c,2,3321.887
6900bbf1a731aa0c2a01ce103a6af513811796eba04b263c3180f4f692378c79,2,924.5795
69039dca4f167ac5d0e2d5eae2b2113dc20b1f0eb33039d4656c242331654162,0,7086.677
6905d2d98b527c09ae7f4ce960aad51c2a74b33d5b43d82f8a29a71caaea8ac5,0,4703.4935000000005
6906cf8ec6049811f2fb580ccce86d50cf49a55df28ad3d80e82bc536b2d73a4,2,1.3439999999999999
692201b82052d687012f7b9cf5a0d4fa5bd80b52fb4fe3a1f37c10539a0e1ef8,1,16529.091500000002
69243aa770a1c0824798986cd6d203da649fc120dd70077d1573a81aca982d59,0,10428.033500000001
692f6b0c4a6b7ac9d7edcd6746cf82ba8a754607663384a5bbcf885559a94d62,1,5858.141
692fa65433c6907646d70fcd3f7a50d3f11ed925567259e3aebe3f8763b424be,0,2777.6005
6935525ad79055dbd3755fa131a4a3b768ff4268133dec4185efda10773c97bb,0,1777.808
6941ade2fd127c906cfdb04861856e5efcc334eb4f253d36676e2c684eb6e08b,0,3993.8334999999997
6949045677b3a218f90f4fbb5c7526a8a90152f93558cf47c9a65cc3bdfb6b9b,0,1684.034
6951d4844f5a5a6a8f7ab2480b49b25debdddccbfdea5c6060b4a6ed5c9d054e,0,3656.7605000000003
695681e3952b46bba581281e808b22ffb1d5093c62e2c1bdb3c4ed60896a5285,0,3108.5045
6967278ccc87f954b6f56a013115f0d65ff2fe87798849871ca51e8df6bd6473,0,1307.109
696a79d1b886ed3de2bb8d47826ddb09e66570c10dff5aa852faa2d147e99df9,0,4792.990000000001
696e5d46308b54fbf082961a3863f961b90b4b70bbb02eae8fb2e55b07612ec5,0,2532.409
697179f92af1bffc74f11f3bd2d9422422fc65c9742aaf114b6b4d10e556dd03,0,3906.6834999999996
69737a0bd7fe54b92240c644aec8e83695ac211290054ce602e45c3767f0377b,2,232.42000000000002
69771f395401fae4173f463acf578a93c3954dc110056f7b71d76537bd11b0a1,2,3037.987
697dad3072a7a2150c6097f83a6c97b8d16fb5767cd0e60ad72ed9c9e8d0362e,2,4578.2294999999995
698501e04171bfeacdb811ca15be9f1ebff31f300a4d3e0fdd9e0cc1270aabb2,0,2402.991
6987cc87bcb8d87b86ad883389a28f0e3e1ee634dd585ec7dbfde744f86fd9b2,2,1255.593
698be5bd85c034191083e80e1189dd9fa0ef3bc794f66ec2a93e6f10739554f5,2,6832.757500000001
698d74f87c922e0fbe61084756ea804901266e63366a20a8ce3c387dfdcac5e4,2,3097.9005
698fab47ed1c62386f6017d012c850571ba5f33d6d72b4d07eee7565022ddb37,1,9221.101
69918c804512f90ce2e62ae7666f41ffa826c07e9a0d818f6f54f6f28df9a436,0,659.2909999999999
699ae26e899a592a51de8c7d5e056429beb91552a7f9910b418becbeaf559540,2,2141.2365
699d92869e31869a9117f149d2720b8fce12337ae91a69457d8c48909cddccce,2,5907.264499999999
699ef6dc53431b8bb733e332ec05c0233bff0da054706488c97a80a2bbb5dfb9,1,3944.2280000000005
69a047e33fafcb6bbb7b25da3ddf4768e9389dc0af727bf1240c7e9692488bd4,0,6960.067500000001
69ab1795f4bdff310e004b1a259fdffd04f0bdf34ceb0fa81d6eaaa5397be1a0,0,4071.0205
69abef9d994be15a280dabd8337820c0cbf18c4e0a7e9fe873339a5c629a5b19,0,544.4820000000001
69ac3f8d82f72ab5585d4511a177006f3be16145d1e8a82aaa520d8b93f867ba,0,3226.31
69af194eaf40c5047d0d959791781eeff7b3345c391e8dba4f2c216cd5df5faf,1,6853.4265
69b5321b3d117111f7c25dfad24366f778c38457b091042f9110c76362f67ced,2,2562.0155000000004
69bac3552ac65a7a54652c7b6f4f390bd40796adadadc3ac0ce9af6ca3661063,0,5335.3060000000005
69c477a6269d970ccbbcbfbca79b8d28ba4bf7818d3cfd4401c6f03138164399,0,1540.6055000000001
69c7360d38e2f7dd722967347423e747c740ecd7039bff73c7a4e72562c9c09c,0,3039.786
69ca0e2e6bfbc6cf384cc2d5518b53185f9802c7bcc6310827f1eaa76c6cebd8,2,1.271
69d428b311d976815c686728af464b30c2440b46fa7a3c8b76702835a47ef407,2,3897.3540000000003
69d576f1082def61f9efa9e0571a5a8fdc868a6cc37bcf917a076d7cae6df828,0,6305.196000000001
69d9aa28997093d22f1f153e6d0ab86245eece93136b51b7876049a107ca1e68,0,1805.9270000000001
69dd9f922f8ea1746bd11e736fd103bf8e00289cc29652d6f8da130ec62b58cd,0,3031.927
69dec74339db6bba2f70c211a649120a4d8ff1445b589719d1668e7f9aedeca4,2,1799.319
69df68da13b0591c07b7f6f3219d0bba7f4980e501a36dd33949db6720a174c3,0,3768.1629999999996
69e2229957341716a65e4f53da16d320b1d6b24638909b98636bf54ac2187fe3,0,3797.6035
69e2d18d5ce9d1b3d438a98f39101767ed015c7ed02b48a6509c2530ab311058,0,229.62350000000006
69e8a9ef89ada13463b800b6ecc68f2c2dd98c5f900514bfe57aa76c9a5ed183,0,1391.0195
69e988907d8306c1b4af259e7721d115ddda9863ad46718f5b3838bf05486eb4,0,144.2255
69e9ea5a5695ee27980aeaf91e2ec2f5eafd5056fac878f736f5ba952ccf4a6d,1,10067.945
69f1ad1fa14f0492e0ab462eed5109986043b35f4b2d1e7831b7544a7d314573,2,4411.972000000001
6a030ecb397e512e34e7f1c6217878c493a9bd034e6e177997fede373821ab69,0,3778.9494999999997
6a0fb8e2f10f8057b4937a578c59305829277f4b0352912971aa06ed8ad020c7,0,3464.5815000000002
6a0ff0195d495ab7b05e9dff1a78637943ebebb103d58fe764c016f1c9a75064,0,1656.399
6a1d360236579d02d5d1cfcc41010ca07bd3a60f7a1baa3e6a62de9643805678,0,5511.4715
6a22b22b4a03f65f60cf9d5fe3c07e88aa8d2c3d1835ac9704131aaa8fc00d2a,0,2120.5195000000003
6a2f9f6c25e75abc0cf7e609fecdf24b1be3a353592463e59e5b2467cc60f077,2,3085.2434999999996
6a34a04ccacbfe38620644fe18e5161cb3f343122e2f5b2a06ba201c71b1c817,0,3145.488
6a37445c3bc8853eca053076a960bdc377e00a561b860d2851300dcfec4c120b,2,7814.085000000001
6a4729dab38845d1cc8eb4175e7e21fb5715aabc2a3ba5066221bb0b16e33dc5,2,4479.532999999999
6a4855d6a77d2436fb4bca7ddc2e498bb2980cb98fa6be8e4c2a6713f675ef14,0,2627.2905
6a58f1aae894ac7ce6e3294ae20d57a534ed7e170032ad5cc09ae786f0e74376,2,2110.5805
6a5fc257a1e6daa4aabad902eb86b59d4a6dcac7b51d86ed4a3c672be1baf930,2,1665.434
6a60461960b5e29208778522d8fce57d8753f36b286526a66932b308d7d6d015,0,2291.6175000000003
6a634d59e5215381ebdc15fba003994071576e029a643b4dd119ecbc60776be0,2,616.7640000000001
6a63f0bafb04e2989f8d78c4391f5c68b6f889722b3acdc3e7eee1ccac301f59,0,8401.02
6a672bcdbcacdc3274f0e62410ccae460b5e6e0075f91954dd3cb78b655bf947,1,2202.4359999999997
6a6c9e9445d3bf88f1d1f1e101cb5c2f2ea4774856aa0cc7d4cdb26f2021aca2,0,3168.1394999999998
6a733f0ec5e69eb0d4dede90f0b2f0090bc09ab154faf2e185f30437cc2650bb,2,3982.488
6a75942f9df0673bf443d529aac6a1875b655814ea2fb8085b84cb5d6702beb1,2,3042.0070000000005
6a77d2bc4bd531ed81941fa0abf02e71330529cc588bacd70ce6c57805d96215,2,10292.631000000001
6a78cf74bd50371190520a9279869a96746c3908ad230e9e86efbcbec20726b0,1,5890.213500000001
6a7c6669a0100d8810852bec0ca761df4bb7b1ee537ec1b66df54c90bf996a2f,0,1095.7475000000002
6a80f701c3c359c79be348d3dab2c3ce0e20c2b92ce5dfcfe62c96dabc879489,0,1254.3110000000001
6a8abc4b5e3fc04100223388e132de42c1663b7c2c8370cf6075b40f7211477f,2,1329.194
6a93568272802c7240098f7a503308ad4a55245d656a98140d1e31a377879c91,2,4456.2385
6a9771ca77e0aa66e4925c50792cb004ef6a671d88303a364c2795dc9cbde69c,2,1899.684
6a9a5d9f73f07301d6fd96c516d9ecf56b4f48ea683dbb624885b30525b3003f,0,4138.9915
6aa01d32819da5353c2deef38e2740dea87b9b644bb9ac901044d21ba5e91a48,2,887.293
6aaa4944b52245278e1af8584e1e421471afea87e357b29ee9ae59de412534fe,0,1986.4419999999998
6aaea7309a2da4c8cf317d8a36dbeb4f15a62db1ab2b86c562b281c9e4b88387,1,24641.957499999997
6ab1e942aa569be5b33c56bad4599db26bc5b72798f463036248bc7409e26e9b,2,8987.5945
6abf210bed01bcd6d1e58a31d1e7ac696455c1940a16ae34ff5602e56616574f,0,915.6329999999999
6ac2753c22106e759391fb8ccd46c6a59a1c8c0e1848937b6aa87fcbc292b3fc,0,10435.364
6acccc5a20edaf6afe67112adc4d4fa56cee00cba63dc49c1db29cf91b2544af,2,6508.036
6acdbde49f734bb9543dcbffb8e2ea5b475dcb2bb0b308fbca810055e3202ac8,0,7754.7905
6ad20efd287459eae5e1685a837172fb79c5c4bf27cdc6021109b04c37e17c88,0,3993.929
6ad34224fbcb01909a716860cc886b13a5ea1de791d2c83a81aff07ed2ecf521,0,2708.2535000000003
6ad46b3230d40a97262127270557b9ceb659c20755b559963795334ccfefd319,0,2826.454
6ad4c388bb74e2d0e6725affc4a102e1d96d7ef8d73ea85dce7cda9b502cfe9c,2,3808.9384999999997
6ad819c80b9f9e6c1d76242b04c69dd977e5c4be3121733d0d7d7355d93c5ed5,1,18814.8645
6ae66b6a458b4acadbdea35b4fc100962fe07d9959394f7f6a1f34bd9f104977,2,2272.182
6af328ae8657566acb55577c202fac913ebe5aabff0a3ed3a04b66299e7bfdcf,2,133.742
6af75c543eaf2d0ca8d472b2d5fcb72e666873c1eaa93e2ad83badcc4448aa18,2,1883.7675000000002
6af7cab3688c040028475fe6e5b94cbcea78efa08139ddcec16a20cf8826d1dc,2,2281.944
6b0129a632ba3f0639ff5be505d1ce78286f9b5487e9a1f51e2841832b5d3cbb,0,1853.9535
6b1a9bd1c5f134cb8ab986d54120e46c3c0eb1458a31468d6d33bc4b85a44d58,0,4425.776999999999
6b21ef2c9c9ecddadbafffc6d523ac8ff89bb88d18a3cb29581ef6fdb20b3ca5,0,2516.0114999999996
6b2348bcf0114e4360470191d68129ce11a35f1a756fd7754a550fa28327cc9c,0,464.775
6b262733fad59b42c314b1a798b8175fb3897ed4cda3673218e808f2ba2a1052,2,16012.480000000001
6b2c90209263e28e7d18385d9e649932e5b2317562e8ef745020e1807b01e721,2,1643.7955
6b2e8f4e394e04c4ea789279e96e78c2cb74e30fde566f79c1015bd96c4f65f3,0,3069.3005000000003
6b2eb925c38dade4fd4a1eb84642fb5343f0d15d0c0e9213be7a8650de08b0b0,0,4990.477999999999
6b30f5e07a6eac4185e31b318a0013d9a941dec83ba85e01936708fce8998609,2,3382.0910000000003
6b3525ad6f1bb7a80a1b81ca9316687c161c403dd0113de9a8723198ee799818,2,6134.5145
6b43b5344fa2a17a0c1e2b22b6e1c385d63cded3afdf0f2c4c4ee14188d85ab2,2,4768.3195
6b43e2a2e9f09a5318a879b6739df625ada85b542828345d4ef369ee03025252,0,658.6080000000001
6b4675e89f693889d2dd12a2693776dde1e122b9e4ddbf44b4c81c052a579af1,0,3771.2529999999997
6b66b30ead7e8fe722fde810311a1f4105d48b05b133849820d2ee316b5d2159,0,1538.138
6b6a4059834ca4340af134949b832830e62f094dc18aa652d71f449af2411ca1,2,1929.23
6b6ddf6307646da1a333ebd8addc65e0d698b31854311da102b19011b94e4428,0,3108.6715000000004
6b7850e2b18160f23f47419af1cc2b0af8ac5cb48c817ca2f6524ea25dfba8fe,0,4630.7225
6b7be399787957d33769a3cc0b377a9f151119e7fc5e867ccbc8347ea4cfced1,2,4767.794
6b881f87af13faca3e0aff1f645d53ec8ebb7aed8b92ff2746e40081f80cbc3b,2,4299.279
6b8fa1b865c573428788a0ab185791c10ef1170bc8b0f66bff38b9dcc6009c84,0,1491.8100000000002
6b99f2e81c8f4d483fa1f5101fb4e23af0ca0fd7396f1c53c2be04918358f226,2,2592.511
6b9f068eda4873b663558ad5c0b084f73482764ae886f7e30142cf8cf72d124d,1,5904.754000000001
6bacb92c4186f0920dce934296612e600b7759c04e7d9421c9999a62929e769e,2,3967.3454999999994
6bb0eeff55ece1cb4e63830e13b66a8a5abeadb8c6b4aa003123fb1e799b0153,1,1775.5100000000002
6bc4a7b87f4b7f70b48e66423283543ab2a73a15f092de22d69e5a97420ed5ed,0,1768.4794999999997
6bcd060fe0240017a0df9d5d486c5a6bfda9cff91344726a63ae10fce212e825,0,10750.928
6bcec241c598cd9727cb292db7bb1b87519940b8ce7dc44ecf522c66e771e2b6,1,3596.4805
6be68810ecea9c68e9026c7bc1743232ea4a6f62da7c188ab6a17aceae035d65,2,1112.5325
6bf603401622b8eadcee305ce95d7c903949ec3bdd8122d8dabab61d81b598cb,0,1276.763
6bfdfc4923135e229ad99492265fe81afde59a3a6c00da50975aaad29cba6140,2,3685.995
6bffc9f2fad0ec621509abd75c64f48fb8a6cab1b9313c0c8b4bb9e0468071ab,0,4799.394
6c053882609654df1f3e7b881f8a9efb69719b5d92b30f5a5434a364574ca521,2,4913.3
6c0973898df58acee290ff01b4fbcebc17ee4c32187412781188bc516452798c,2,798.3745
6c0b672e1f1c661cbf42a307d92125f27db894e3065e417e2e5c016d84de1ed5,0,3524.133
6c102d4dfe66af85f156068c48cbc30fa2d52643bb2a1fc57b99a59ad3541e78,2,3693.4130000000005
6c164b3280c31eb93e779ccafcdcdb4c12e8c21cf4fc11633b1cbdcfc230a119,2,1159.6205
6c19bf7915cf6ba36584e491de8d650ed3c0e4742bf189609c20dadee55b534e,2,7327.937
6c1ea3a293072b6323080a7207da99ec72f587ec92ea47908a04ddb59ac51fd7,0,6201.826
6c1edafc0d0b57a75e62b2d0a3731363eab6a6dbd6bc96175532ffbd928540ca,0,1046.675
6c28f45c23b314f502f4fc39a1ad83c8bd9a1bcf9b02e5db29288cddb7cd4a73,0,1633.4815000000003
6c2cb97cd27eb95d9aa2522fd6b5231f63455e92715875900b1c30a389dd4b18,2,5788.347000000001
6c332b5e2be6064cffc6899b4e0cc7bdd48e1f7d2ef356d92378dc23b08b5aba,0,11338.197500000002
6c3b08f8a7aee10899c2c085089f7650907b1dda57de31d727f9b133cf035d84,0,2733.287
6c3ce14f424c8fc3620470dd58ba3e79740f539b8e9d7374d1dd008d96a68cf5,2,5983.4335
6c42e10037c335842f89e0903b3a7911b3586e80eb89e28059a5b55f6b1561a0,0,714.194
6c4b8c515a2abb6df6dade465cb28af870dbc755c4c4e2586c763b2ed992f397,1,3032.6465
6c50994b333a24553c9ca8a126133e209364846f01a5961f10f96207021cb6a1,2,2442.5675
6c60ad17ced2c32e9fd54a7e7dca628afce4a4d506efa537c0e260dabd2fb2f7,2,3982.1215
6c6680fef7e9cc8705dd129440d37674a2e6dbc37cfb1a756d1940fe5254ad97,0,1709.6354999999999
6c6f7f82bd60e2e780b6bfe7cc193be5322c0dcad4f3af70bee8493ca2a0b6b0,0,3951.7754999999997
6c70ec9dbf9b431b4b7b1262f7f8a78a7cba04c9eb246298ff47d8d7d1918598,2,2798.589
6c7f0ba571c7658404fa422c14daf600e879acbd91d2f4ab03f1209374e14b79,2,9004.335
6c8a952f17768454b83be85f2e16cb86ba88abe1d4fd9c75fa15b07c1711f6d7,2,6505.4445000000005
6c8aede247ebfc3c3bee4880d1af3b641fb06b1e800838ff3759e55ac6d6ca18,2,17044.1725
6c8f45f1f20a81ac2a2f7246c76f57378c02a906899c92086781023809cf8e0d,2,1152.3660000000002
6c91e1013c47cd1e7d37dcf7a1873092b3cde22a231f99c65f8a7a786aa792cc,2,1212.9225000000001
6c96efd80b48cadab135cea8d50cb81ee3bf8d472224ead3a7bfd1a9bfbaa631,2,1224.4345000000003
6ca0c1de31e3175240dd88daf20301cf00a1ca95445ca02a6881153b3d30093b,0,2474.844
6ca2826882d696f1f913c769efac0b6e3fe3f948b3d2d03d14645df2da72d695,2,4057.2855
6ca3ce191d3a869e947688c05935b03c5037de4cac0257a8249d040f30572f17,0,2744.832
6cb0a1f2a009a6d390b4a80b622bbfdb417a226178d1ee112a1ad60f267f8566,2,2074.8545000000004
6cb51a2f028d9529e7c6e186c4fce17c458b12d51097ec909ba490aaea2a95f1,0,5673.802
6cbf656fa9e88dd8c71aa796bf69b1128d094e4d061823839e200fb589cb40d4,0,1508.97
6cbfac086950c3093dd0b23df8cd284e8f7c90faf00d5d164dd904ad8c6b7097,2,4400.9165
6cc57c6a99dc39c572a97bdb5572208560777174612aece83442ac58384bdc28,2,3620.9809999999998
6cd219f9b94520ee44c59021d453cf143a8ff9602f0e7065d6362f194a11b8aa,2,2255.09
6cd36f14408a131fc7a4bb92b574419140006e4b2bd837aab46e173623793a68,0,782.4100000000001
6cd664d767a02eb19c6b5e4651c4ce136b3ce3c4934199ab1ada0535c28ede63,2,19486.337
6cd693ece81b270edf337aabf4f4b8d5a4a06507d724eff6dfbe1ed131fa047f,0,5396.312
6ce967f5ed0ca2b17e8e8e778b98c7b65a98197462e0a3f57a65e0bb02a2c816,2,1907.1810000000003
6cef65bc099ff638fa6927df02f35828bf7b0fde8f753e890766ccfd192275eb,1,8418.1145
6cf368e9bb650295d658fc72a09be4a92796b9523b1f0c59c9de7c13c4ce71fc,2,15614.264500000001
6cfd1fd106c706bc6b2abc6a5de1a908834a0ed6438228426b980619d52f6ae7,2,455.22850000000005
6cfe35314df0c92406355fa5029119d9680542f0470029f985a8cb057be4afee,0,3238.1655
6d02596c0104be77b4b4a8d4acb2a83a9d08f97f3eb484aac230906a81267bdf,0,3514.3935
6d06b2384f59a22cc3f8ff4ca17709b6434e673ccad252bbe8f81ecc5de0ce2f,2,8948.3475
6d08402ef71d1e026cdafb19900e572d6198534dc48a89514ffaf8e0b855917f,2,3852.4145
6d175f47983ae296a676eee38b93defa5204c596245cdd2516f5cba3becb5c77,2,5000.291499999999
6d1cfa1f5c0e2b5d1cc098b2a3b1ce5e46dad4e1a9191fd85b9203f184c6e5ea,0,665.7195
6d1f4b4ee47152acf71b87064111de12b3fcd0f538c2f21ad944170303b5fba4,0,2226.9115
6d2d4ccf7d97adb8bdf11dbd0355482f4ce780eae45543702159512679c67401,0,2370.564
6d2e5c8985c1dfaa1d58849a955e181abc8417c1197a1b1106db406d8d4cca04,2,5714.017
6d2f6bfc95ff382b30dadb16ee3a4e6b2fb9a0e6c4c6b1ca588d600369630d2f,2,2536.775
6d36edc7b2bd2a361c16d3438fe15a83da6370bc34833b8affb0f96c449dcab9,2,3071.282076190476
6d442be3b9372082d8314ee6c05d58b1422e0b3608a1acbdb2375f553485354a,2,1408.725
6d4aa2644a56df7eba3c385a4b668bb87b3afac5f9273683bfcfafd32cbe81b1,2,7113.541500000001
6d55638ad180a3a0ef636297a021f97179ac92db89097af42344d7f1def3d5e1,2,3925.0469999999996
6d5728ba3a82b2473909b04e3698a6cf4dd75d7da40353cb2877543615d31b67,0,2322.808
6d5e01738a32b683708901fea7ebb6667dfcb9f70e7109017f119603c71c5243,1,728.1515
6d64d115a738b88b540a4ac14c7f1176a549983a18f45364bd121bf182c7a743,0,1163.012
6d6a259e5e096071dda3d4dbb62d505b8dd5bdea713460cb28406724af943b6e,2,4649.805000000001
6d70ffb5feaaa8fe00c3b780c95829e191a62f5060c906230b0977eb137964b4,0,2358.135
6d71f174e06a29cb8e8345bebfbc98434d454bec44a12fd3dff723d2e95fa84f,2,1650.512
6d7bd5579ec539a0ae9b4f79e4819d702408f18120148e8e8121009c10a76dec,1,5661.14
6d83a47bd2d2f08c30d8161288b1013fd9ca2c0141215812025220e6abcfd48d,2,866.051
6d8cccfdf7dcb4211a2d3c25c7d9c531cde302a2fa323e915d874ae45e79fa31,0,5431.178
6d8d7576869b2f26e6a143e0d9eb32e3666ec8556f5dc0c1f22cbade39c0e03b,2,4285.1525
6d8e1179c5e7e47c79dd6ccf4598dcf83a0a6a74104286c94dd073be0ae7f5c2,2,1903.9215
6d932ac13db49bb8933b14c095d2aa509e43e4545e5a7a752821e898a3b46c09,0,1097.4785000000002
6d944e16df4292fcc28e8da4ff46b13e4c16c00897776cea1fe21e3270babbdc,2,8579.105
6d9abe22b31e236be6d06196c4966b03c9721fc4fba4571b7682d35d8936946f,0,8845.431
6d9ce4937ff4086b8d9d6905a5246be3021e8bba0aa99f506e0297411407cfb1,0,5893.2345000000005
6da0ca09da134ec656a56b7a30a7278d1c3eda3165425fd4b26045a97ba8610a,0,6685.332
6da9c16ad2d89f105544335c9e1f879862cb7457ba2f14fc08712eb539f84aaf,0,6322.3905
6dad53608f26c45cb60311ea5d75c942ca3e9fc817582d6bcb07724a5a6d2d15,0,2617.029
6db6bbd161edd0724502158038baa5da9db50b942a033d12224f0357428aedc9,0,1730.7185
6db7ab7045bbf020deaeda56cceb33c51925272bd2d4653fff502e7fdbd62792,0,4165.1720000000005
6db825827857e088d2ade6e69c25fc9fa282e27d80f11f3431a570cbbae2b843,2,2787.3680000000004
6dba2da8d3a32c7efae7cc53f598b63a7a0aba9edf1e0b599965791895e22640,0,9479.687000000002
6dbddce040770c20b3c6f9afa33e9d3d6ecfccfbf1f42e854f3fa88bf8e18c8a,2,927.761
6dc2734137eb379e6a7e2425fc5c4850a9a8581c51197c067dc89a368fac157c,0,3559.1735
6dc57b850bf7dd9b5b25b9a75235a4096e55e14f8124cf50d647f75c3e4307f0,0,837.8679999999999
6dcfbba22ca1ca9afe162a5f1ed34dc9dddcb33772ce7c0c2f9ceb65378188b8,0,5416.45
6dd8772412294628f1506830420e9bea642f69c5b622f6b00310f38fb51a4e30,2,5683.986
6dedf31199d31fae99b73af4566376f384a853021030a214e5de0973028b4275,0,4525.2415
6def63f4ae8ff8f3b62cde41d6ac2da9f954dff7d34c56884f8cd57d1b95cb28,2,0.89
6e00b9fd031f3d4cdc93b25baad4f1dbf0560c5ed5fd59c3f61869ae85cd5bd0,0,1524.0825000000002
6e02cffcb2cb3d2020571fd787e69fce723221d0a3141eb88e3ba302de26f6a7,2,2204.1795
6e07bd90d5ac9f92ed66b327a19abcd4499283bd061c91a7a277065cd4e9c6a6,0,4720.066000000001
6e0b22059384ce33cd542422c5df3a297b0a0a09fb5d188406a3d3aed4dbbd13,2,5902.488
6e0fd97edf2a234b2745fc3bcaa1a1b3d86a3538daf5193512d4d2c64b6336f2,2,5676.501
6e12c7c7aa72a1a15048511cd53ed72f1ffdc3c3e1a0ceb459fb0a778c7d8d6d,2,19762.6765
6e165ebcd9234db572f9a78335f9a959bcf8b55305f40b27ba6937880201eb33,0,1536.3125
6e1b468b4bbad29d32146aeafe09b7d5f1190026ae89cebe1d088afe0d585a55,0,1215.8029999999999
6e2393901d480d260748eef8abbccb4a8e07e5eb979d4fdf8f15378a6f016813,2,4032.466
6e2552b426a1566763d712c238366adb6cf314a797ecf712167b3265792b22d6,0,1780.6035
6e258a83d2bacd47e5eb7ede26190b07515ffbf9e09149a9e6d3844c480f0380,0,2060.3105000000005
6e273525911329d48a8d97599e375ea56ca84e8815e87e51b1080a1a18ba9f3f,1,6435.451000000001
6e2cac8b71b0ca06fd7b4fb7b0dca350ab0683ddeeda4081ed3374b99c0c55d3,2,1618.8274999999999
6e32d3262df794463fc7a1a3905d049db890d92d44cbd3aee2e4593915ae53a2,2,5116.6455000000005
6e355bdb0a908498ebcfdf479b4cfd9553b92d81120a71680e005452632dbcae,2,2123.1859999999997
6e3cd9b34a4fd12f7d86095ce8a5f2517913ea55ae4b51487a65ad3541aa66e6,0,3953.6504999999997
6e40a30a25f9af384c2cafd5d90fdf9047483253f838e1f2176c908c458619bd,0,1186.362
6e45f6603c6e20edae0b8beb0d54303a7cd3c4d552aedb4a9adb4925b6a76b16,0,2454.7889999999998
6e547cecc21adb896b43affef512dd2f1f8b34e91f5794554a627fee345da45c,0,4570.3730000000005
6e5835e908e50dd8656379a89bafb54fda038b69248d0697fdbe54b53bbaf717,2,8799.861
6e64ddf6a2b5cb69a163fbf79115150b57b9baec1cfe98c4d0354c5b5bbff18b,2,4824.3150000000005
6e65112e27f9828180d2952cf64f2ea02baf3bb9ac26f1600ee56a97a324248d,0,8941.0275
6e6907f14168d9160c8e86679b00288068356d2d4e27c4974b607dacf72213bf,2,3729.9974999999995
6e71453b0eedba21a0780620223f963bf1d5268e5fcaf72720d5c4e4701f3c67,2,3526.5860000000002
6e719e820a47127dde6d626b1e1b41134e5f51f3e30a87ed0e814360ef374da6,2,2624.1175000000003
6e749664a1ed973aa4927945e6432179cfdead6b7760d2eb904d5b7d7794e5fd,2,4192.9855
6e778bf7bead356657425df87e7534fea48d56a0761a2432ce49b3e298259288,2,4202.605
6e7ac211fc924fa018468089ca766ee1fc9dd36723db0c64773b6b59f4620a3f,0,2219.7495
6e97c451b4c05a54c1063b174e2eb42c696ae61eb9fc1977d73bf1c83d87455c,2,4504.1795
6e9ce0992369796f2ecf8a839641c993823cf30ce6ad91a701eb7ae7b524a504,0,3839.5935
6e9e5fa3853433562037f8a566916568460e10f3bf5c95c5c5e2e5fe187346de,2,3823.214
6e9f53f4c65e248bec4e79612a170a3108b651f426137eab144ca695d729bd57,0,2424.01
6ea49968aa59f5ea9be7bf8688a557539e53240b36f85fdc93eef1e5d42beb77,0,1177.0635
6eac8f4b328fc9090c84e9511eb65f19b67d52ed4adfb249525e2126f4283a5e,0,10653.338500000002
6eadc4ccc201cad3cc90245214be8d996d6cd32abbbfe9bf78cdf83e80c427ed,2,6546.9755000000005
6eaffb09987ba9195a3ea8a0ff045b3b4a0e5a3baab0045dbc28353a053f8176,2,867.3035000000001
6eb338a100b91bc0791d672a93c61b46c117523f7019c5b3bd0a6953bd727c1e,2,1937.803
6ebfef7f66f32ab6a29aa61f62314a039d8c9ddc31a024a779d83f33c91201b9,2,3921.6555
6ebff132b3209375f0c1aeb65693e1619b61ef51d20824047f3841244e26a424,0,3692.8095
6ec061c72693e66c2973f546a76c3f0fa698f703f120647133e7575626a4ebb6,1,5003.1525
6ec1a0ad6a7d14151d59a3ec4b805c18f55c9e11a6ee49d0710a558b5eba591f,0,3529.654
6ec492494bcf443c8875b556a2f8befa360f4673f1e0fcc71b8f637ac54e8601,0,2058.3324999999995
6ec96cf0dbc5365ed1526be01449ecba553c6353241b2c8c5462edb8dbdb5401,2,713.481
6ecf5e6705e469ac990c272081d90f4ef5a657f96e62b4fae8a38c61b2fd1f43,0,8662.594000000001
6ed1f4e744f747ccbac79fadbd17b629e51a1d300d861bbe739663678d16f7c6,1,4168.3955000000005
6ed533d9b2d9f3640a8dc8001a7cc1e9a65e5786bd2cd477123e20ec270336fa,0,10338.2235
6edd73914f8ea49175f63b8273517fb1c2885a80947cde80d5063e1aad22d4f1,2,3555.4305000000004
6edf97c59f63dfc712b622b675c879106ae0c6126351dc4725a634cfb10858ba,2,4947.0
6ee205c3c9d9c20cd641b0afafde095feef4ed39d1a89f6f0754459948240f17,2,2542.353
6ef3d1e0d55a2583564fe9e5fdca76977b1b5ab0746b7e3032fff9ebfec69b03,2,2639.306
6ef419869d67c638573b0d8daca3868a5cc79619509b6fe2817c7a0461790028,0,1912.219
6effd015509b796e367325bffd7d7f12657c33a0afea9be20ffceeb783596b19,2,4184.41
6f049ae4fefe6aa96994cb042db3da77d8f1c5e8f4b164e39f8231e267ad7392,0,416.2785
6f0979337bec5456df69bd35eb4b456f7c551ed33601f297a39666c86dccd741,2,5507.477999999999
6f0a1cd7b3117404fb554ae592e14af1aec1e9dcba6923e317c9acb5de141b88,0,4336.272
6f0f5f1ff39c5165af046fcd1d06ee9dafa79e789713647d88e115a7fb8e0fd1,0,4555.445
6f125daa2fee88372175f6256be7127c35d16fb650a6396d2cd26444cf0163e3,1,14100.468499999997
6f248e23120f5d21687ccf942c181c66b27cf470a7df7506dba9fd6db7db80ff,0,3434.8635000000004
6f291424131f6e07d330924e4490b875a63814f1047880d1be9344aead63a802,2,5991.143
6f328f376282ce5f48c77c28b9f98add8029d6f0bf882bb3800d5d89f2e92c21,2,5336.380999999999
6f39de54b398649b5f0974adb762074494f39bd5e894473894f55d3e47a780f1,2,597.3305
6f3a9be5ae7939a43b02bb2bbf522f8b62fe4b5b69596f096d5475d3652cf1f8,0,2292.6405
6f40edfb41d0b3791f389ba1d4fcf0650287d23b944b3d6dafa0971657339214,2,3697.652
6f42f1d4365529eca3bb79354b358d87ba9222613827fcb8dcaaac3c808d2f52,0,949.3584999999999
6f445a7f7818166f4cab3c025eaf8eadb5b8255fb4f350a0b8d716cac59318fa,2,1670.2905
6f4615086d6da52f7245c43c1086ccffe655bca0a68b572e5cccfcbacf1b3e66,2,6632.8235
6f4ccc90adb287b30027fa1546e868bd19b1600291774fc5fcdf5bcc17cc43de,2,12568.8935
6f4fffcfe826294c38da0f22c8a0032f08b0d66b1b40a36dacbae24db09d2e3e,2,1282.9375
6f5c4b03b1e982c445b7f3407989e31099528c223e3d4d7ab0cd26f1dd52a2ca,0,1975.2884999999999
6f8fd18fc90ef1628a3e17418b6d739d0857c5bbd78e89d9b30552ee61801e2a,2,6258.0465
6f93682aa9f0a5293eff66fac6c0fef2f3892d0c9bfaa5951deba4e65b7301bd,0,1433.1875
6f96c56aa4bee3e0ef011718241c6d16210b36adba99af684206cee3bf6530be,0,1364.0865000000001
6f9eb8e5644501abe408f7ca40a6635b978da007ef10164277a1632f77068166,0,5407.7775
6fa2bfcb07251351d1d0668e59bc6e17e33bee639dbaf723de9075c7c33e7333,0,32.01050000000001
6fa5f3a1196000df12ce47e1871ef71ed26da48991d9a440c3dbf21bdb14ac13,0,3772.9619999999995
6fb9347049c72bb90b6f6c619b76ab527041f9edb3861adb42ce88bd6a53468d,2,4117.6404999999995
6fbea06617774dde888d2e502578e910edf63de21eb6c4f6462774e740a76da4,0,2491.714
6fc6dadbae26e40805330d8972963f527efa76479b5e9bb9fe6f9b3e2fe45943,0,78148.82199999999
6fc7654fe56c6a5a7f802d39d87c76da01636c92f97b935c88637690a8476a0a,0,1058.35
6fcae99c50003f43ae3774c781c9f5bf5e8cf21fefaa3f1b46ae8d55dd0957b2,2,1030.2330000000002
6fd42ae364ea0a73cca54c4c8f4d4c7c981bcf6f2693109ae7354696760b0f17,2,2656.2505
6fd62dc957d1f305a7d88ce8c9433a296d448b4a4fdaeed893bed8f0cd57ffbc,2,783.725
6fd8315472fe7923ae19c88eef3cd2fcf067b33ef38faddd327b052e6f5129fe,2,4830.0335000000005
6fd8f1f3f86021ae964a3f213ad2e52f4b1a153f59f4a95e319f67a21e26ba27,0,3159.03675
6fde53fecbd3ac042caa5daaa138129f8bad71b46d95543d1c4a9c26f7b52eb4,0,9823.917
6fde6752458e259a9afc8f7c06553c23c67f988ed86f3833e6250c54dbcd3781,2,3412.6465
6fe4fe31831c70775f9e49ed3af5a87dde0cf8697318b9e9d71b6ae7161081dd,2,3708.9335
6fee1cdbef85a70a06c9434e0204946e055ebbcddaa4fd574b4a245bc72500bd,0,6820.2565
6ff25343a5997b66a0de72fcb64a88203e314eb4db48c4a9d37638330d5c9473,2,2981.764
6ff362d3e3d36b45bca01f9789af33165b8e13d88710dda5db3c5573d4448a1c,1,4070.0750000000003
6ff7eb8d878d23ed8e7217745eb5b2bd915bc2f5ceba63a8ef0b7a9dfbecfadc,0,4175.584
6ff92a6449895b7e7d1dff011987ca36e0a07ace7b66811bc7e35316024fcc98,0,3599.2585000000004
700e90ceed44ae80e7b6e753231c518b04c34cf75b717e1e56ecd09f3217858c,2,2145.5375
70184329fece46542bdabe7adabdfccc10c4b0ee97b80ba76ea1636001065be0,1,14365.406500000001
702299c427d1fee8d4745f28e3881081a98e814ff1248cc38a1f8ab204122b02,2,5977.6224999999995
7025b999954016148dc980f8d8fe95e3189085e49442467f63736fa48c6e7289,0,4040.212
702c5a36a67a129965bdd40816cfd6cbbbcac2e9a13561b1f1d5c4beca08d1ab,2,4759.564
7035d7a32984a4dfa835a73b04a76e8f7b84b38637d19e9d61987f9d754ea8fb,2,5188.2135
7036b2217962e9b56411ff07f96308ae244d2a5741b06ca664d4ef96a96d48a5,0,1046.3935000000001
703d93f27511ef5468c98b026053543cf61ed0e9dc7027e3728050de3b6f9d36,0,4561.683499999999
7041a48ca3dc5a3f1b987497b64d1d3a0d9148632ba320bc7155ee44049fa7ec,0,1973.9734999999996
7044eabd613f8850303c1eb64bc02823a3f0f5bf9d7cf7b08ba55edbedb43961,0,2591.1105
7048eb27ff08bb2f668c3a08ca9022488502e3b9c5970aca0720878982543755,0,1527.924
704bddc1b60bfc6dfe9528bf19154eb0524f30e5f17545eb3ff8b96aa42c3570,2,1446.703
705b6cf9948701c5adf5f366cae0c08d73fcd97f757212b5fade7f4ac9815fc1,0,3549.0615000000003
70675872e9aecf6ee82a6e50125c6cd7c52a20ecb8e6d74e1121c90e890f3226,2,1825.4695
706d4e118364f7b8eef6b4a51e901ce8cc1683f7900662fb318de3aca0ab0747,0,2472.5205
707b57f80844587a8ef575645b6cf684655218f9aeb2196960d93c158d486645,2,8451.42
707ec9c7ce54e5e3960fe3903f6c2f6d913013204db8e1e55b3d8ebcfd2f8ffa,0,4339.629
70861480f077208236b352516cbb2661e0ec7963b0a1a6437468437683b20d4f,2,4093.8500000000004
70878e14c9114db2ee87c1c50b0b0d2785a88642763cd4d77a37fe0be49c9735,2,1101.4560000000001
7097698937154d7ef08fd5bcc3d3c2e91551a1c58704e80ec9eb8fef3ae51107,2,14684.305999999999
709a729af5f973c2691297153987990b9e64bfa40d5bbe66b6c025ec136ccaf0,1,9810.9225
709c764309964eec1e8f74fe8eb0aa4d4a21ac2cf937685753a71576de37f6d9,2,7792.3075
70a5609c2ed6463078e76e3dd0432921cbb1b29d1952f8cf740cd2dd5d6722ec,1,14791.629500000001
70ac8594b0c2327756208fa7603b19e3a9c8480e81cb094ef2a77a0e0a5d0e87,2,5349.8915
70afa7b1924e9ff858dccd5340def9cfb91bf8601c5979d599990ae1a0a5521d,0,2525.469
70b0373b03459c302fe67e7b5d88fffefeded7a74f5ea371b3471f19df621541,0,2833.05
70cf7d561df75b5613cb7edd06242dc48ab64c3714833d51126de30a29a6cd6d,0,5981.5895
70d7a78237e49bf9d434bf593c3ab42a926cbc21f5f698f3eaea8320fe1a58f7,0,4425.9485
70dbf58433a02aac6977330d07c5475eec5e6745415e6b2025956d42d0cf037f,2,4396.253500000001
70dc58ede0666372f600eb36921fade15b2bec8ccd366f624a82597e8b98ea07,0,1419.3600000000004
70ea88c2fa8940e4ef6d7a9b9dcf9eeda9aefe7dcfa23e8deef8d16b020ccace,0,4591.3555
70ece299144f4aa5c315a005f2f6fb9bd2f93511466f589c5601def6de850a84,0,3859.706
70fb7a8fd70fa69f007b4df432045fba3f4cb41dc89ea8ea0d35c59e54e9d25e,0,2216.638
70fb7f50b3a3ac3ac43c380163006e1b647e262ee0cd2b3d1414033745e09e27,0,2748.9765
7103c234eee091f98af92387be999b681564ee4c999f9aaf121844996307a310,0,2983.191
7106b463fb640ba25d24019e078601f1391684cd1892732b81bc685542cf203e,2,3011.721
710b1caf9e8c4157897eb425f3e3c1223d76e1de7481234e808d010ecc2c8681,0,18574.1295
71117cd33b948ef8487a079fcaf76a221d122778942b29501c15296bf57408f5,2,10692.903
71147d50a0b8f007be62ee615283f8ffe3c5e6a180473f1b99832c7b69e071bc,2,5320.469499999999
711620586b49c8fef787db8e7b19409d850b967743f33251441aed6cb11d39a1,2,38.843
712c1c4899d97e35f61fbab41a8443650e0f100fe1405c9b73196927df19b131,0,6588.120500000001
7131e1a1743b1f1d10463e113b314076eb96175a297a8359b680bb3e3c068082,1,22099.861
7144a1049b3b80c3b689932ca18f2b3d9760afda6d7f3b5d870d41d7a74523b6,1,6026.985499999999
71482720c1744fe70eaf3fd789304f6e1f5e6fd8ef59f7a1529053e147307e6b,0,3011.9855
714bfa765f3e04b5d323473a175e60c2adcf880d4a57e1d8b45d3a1527b34627,2,2613.2034999999996
715cd3ca486ee1219a15783ab681bc66d55ee1660516d2e5609dc1d59a3c4fa8,0,4093.8770000000004
7162922b0862c51e021bd52b73b922050a7bc6c7d8d5814106a2730df8c0fc45,0,2746.3824999999997
716b802355fdf3ca7a04cf062b54f3ae7ee77dce9a85110f38970f4f16b560dc,0,2510.8325000000004
716dca26896da3a34f1ee58bb58226e52a8abbaeb4a71b6fb5742a2d6eaa56ee,0,6426.2235
717462c1162ea1935b8f98f420033e9834fac5a426cb37e5c8cee30146edd3dc,2,8000.1415
7175772dcf933b6f776d3a9b8fd4874b9feb12dfabe9fb9a4a67aa016bf51623,0,3165.9285000000004
718809e8b5cf8feeac98b6e0328b2aa3eb17a4c1c0f2ca250299bdbc61af33ee,0,2340.6205
718e2f5e435bbbbaa876bf32ea01e0fda92006c2564552e7d8c5888698c2b470,0,2445.4305
719af6a336f3fa0a92fe99e0c9a8ef662b05350cf58129e3b3d66afab62a4b38,0,1497.3835
719be5cfba2f5e03ed19dbd9c40e8f1e6337058309c31e36b80af4868a07f9df,0,4216.592000000001
719c392df49aec49afa4a465bc7eb3f4a5eca2ecc1b0824a34bd38d5bbfd0863,2,1278.4555000000003
71a3d6972d2b529cb59c2e53418c54702f2b77848156a26900b505041e8627d5,1,3714.949
71a7257419d7052b14bcda97310e44975a47c95cad92d0591c6182a463ce9251,0,6430.8335
71a9305ac38c0f303235abf2b2fc902959ddd534ef5f3528438748de00438f02,0,3704.605
71b0bcc6243584e4990b737e9c0b49b19f82abaa39aa58ef8b7c72927c0ca568,2,1963.744
71b2289020a9a01a453941c8ecae2106262e022389cb849de416a746b7c5f736,2,202.07900000000004
71b814d29908b2696e559a6a582a98bc851f3a10e81aee54c3c4e72587a560ca,2,5449.619000000001
71b8ff0869a76be41561064080610e6a1a71e449d7c6e365251e10d037376b45,0,8909.829000000002
71cf0008a20c19579d48f5d5fc345f510d34f5e929880fb3b0edd9f34a3fa8a7,2,10957.251499999998
71d090caf45c245e61bcb31ebf1267eadb0417ef2156e669ea298dd5d95338b6,2,7375.0905
71d195bed2183bc184a47cd775c323b17ca34b13be922892f0f38a88c1c9ddfc,2,17057.415
71daa8b7903216c40ed336fa5b75165e015a8d5d7c4d42cdfaad00080cb8bbb1,0,4741.3755
71dcd9e19558aab7ec247641a190d85bf049f369b4a45218b6bf78d3e78e6185,0,2297.5575
71e2c2b45295a36bdc85f040dc0fbf0460afa40d2148981dc743b1812fd5c206,2,2189.601
71e5ae685772f032e1091aa979a34d3c9b4cb30bf644abdc7192d303b8f98142,0,2161.367
71ede9a71815b39d111ed1709c06f1bf6cce6856bb6e556246685614a915c9d3,2,17199.054
71ef58f7717091f51e5393deedf74f9aaabc3a7d81845d0412b3304f04fe95c8,1,13339.069
71f19dcfc546e6eecb7f5545ed332fc292a96a4b344f6338f0f3119a82ce9d42,2,168.42150000000004
720174c907fe259a65afa3626da5b52dce3f2b37b06e07a10e01480219c25b5e,2,14239.392333333333
720267bed8cfa6659345387a3421c476d1bdfd2cd0c6a13d952a083f3b9d6b97,0,1861.4975
7208c4de321079121de4611e8e6029b7e9e2cca800742e84525b2845b692f2bf,0,5075.1990000000005
72093f765176e2401c2ad00ef55e6df8afe67f4767650f3214469dd2416adbb7,0,4343.184
72192578e5b272eb25cecc4862811cb071b5d6ef2ca89f44e6d1d137660a9263,0,5426.110000000001
721ac8adb75cb83609082eb8ca983ce3c0403daf337bb0ad7df00efdd2ec1bdc,0,5639.995000000001
723ca12cd4585c70827b0912dc90cdac5c3933d3975c1799838edd6d94ba9907,2,9592.5365
724409e66fb346b2119e5d1528be08c17ae6d8b2ed0171486836170a58997bf1,0,1880.3735
7246d0f2a7276ee5593761aa60f9d1b123243f98d967ac29550db3a3ab6446e2,2,4504.4095
72548807f0c44bb3538eeac7b29f8120a24e02851609b25fd64f893276886b95,0,3238.9539999999997
7260d5f632eb954e721bcac689799814d4553c882afa7812890aaf06028167a9,0,5569.656500000001
7261ae4c3bcac07200de2501a8f00c1e5ffb6f6d34ffddd260daf0772bc25558,2,6228.436500000001
7267faab3dcae6c3be689f543c6f6c62b1d0bb81af56d07030b657ea117e056e,2,3774.496
726c8a3247c94c5b5bd7319c3be6713c6eadb665076abd81cb7bd72b7a90ac39,2,2294.6305
72812cdfbf88e29849aabe9b76fd55e6130a35dbc146de67baac6ae8b942fb78,0,3570.896
72874fa390fa39008fd26a61d00d944ecce9f2a66791def6e68e8a40492796ec,2,3579.6625
729254cd93bd9d79312607e64e53550ed7fb15a7a5373598c549ae075f247956,0,5231.601000000001
729c851cd633910d6748c0897eb74aead2342d3ba9441acd843a797d172dc446,2,3616.7765
72a8f7bbddba0b5eb435078072331a5d761a3e36fa706f8c2e2e2e49e4bfca66,2,4147.154500000001
72ba138af3eed61b80b1710a1638c27571f35e589aeb81b7ebfc934700ace793,0,4816.817000000001
72bae4fe6919b1a09a69aa951bed8224fdd8886ebf353750bb17f31170331f79,1,2343.8095000000003
72c1bc740bab02e6885d0a9460816483195379ed354cae0e9db4d44b9034c5b1,0,6182.1759999999995
72c78e78f0859275ea9480af0e3302099f621dca4c9512e6bb8c01ad44656683,2,3342.4225
72ca7481e6f35f4ff01bd7a044faf9cb10ae7176d959835a54f96491905635c2,2,3992.2405000000003
72d0a9828816a6549d8baf119da0aa6dd3c1fbb889be56fb81aea8c14323de71,0,3320.964
72d453d822447e0662b9410ee1232b6b27df5eaae02736538416024c6279a616,0,2541.6965
72d770fc65a9ead1263389f297a47ec329598071b6df3aa42dc0147e328fe2b7,0,3940.391
72da5dcb8126ed076f9263b95f63bdd82dd28c410e266ffd13246dc53d647b55,0,2445.2235
72e50d5f6fe363dd1d1ded398c74bd7ae75e8b403af11442b12c9cd8e0b45512,0,1836.317
72e7e7be6c1b22670aed994677060c32ef033bf3c7dca085bef675008c8f288c,2,2782.057
72e8acb8eee2d861e1ae5415420f757bf9675504679d4638c699a9dd8832d168,2,27710.756
72fa782329867a8cddcd9a251873106b9554267be525ca5e0edc6b36a82cd6b5,0,3954.617
72fc4f5b53bc43691314d2f9906dcc891ccc2bae055a929af05258f3f9097130,2,11726.444500000001
73070912932f4cbd3719ea181ef1fd27a846dd28482fa29f090b79d47f8e2610,0,2341.3335
73093202383498c3e5621c514df353c39b3ff2ab02e00187ad6fc9ab7c34229c,2,5461.975
731c42ab78e56094cd1e97d0e27f8ccae82872e30e77b85619d6e80731c8955f,2,1730.0415
732300d753ad4400dd48e7840a09cec4fe596717b44fe6d64c7ff5d2dc53162b,0,3791.8605
732be41eba967b9fe6b14e5a63676c1a7dd5eb65a729bd3408ed3c98f0c2dde4,2,992.3659999999999
7331847752f474476222534ae37023f4b8d1a8fadbf250674f0bcacafe41e4bd,2,1062.0695
733500fd270858fbe1abaa9d79ef700f022ac18421a3a99ba392da33e46393ef,2,1196.255
73394b2badb2d573a6db587508a8354409754b9238ec086d0197fc0f1413aef8,2,8083.228999999999
734a5c629753965d9d2d35c3584e085373abd7d88bdbe145d984d9984d3e1908,0,5007.0525
734b9e21fcf353a82ce4beaa36ca8361a7f9a6d7ec24c5aef1efa7d9e9af875d,2,3257.2635
7350792531f8cb9847d3dc5f74b064c1f2186e5b4491b683249e5dc93c882994,0,4198.0685
7356b5750981f746541bbd4e28112030f9a118af2089a815b0391a5a727f6823,0,2515.4604999999997
735bd76ab4c5731b4c5bbc7fd2903cf4021def91e272be35672b2f91d8f39b21,0,4777.2125
7361be7827059d124f7fc13d0f5a071a502f75bf9c1c51037b4f2eb908433827,1,23589.7045
736483f586db6d6874d672f4feec573bfb297d00d2a8e601fe5dafb85133b272,0,4558.759
73652afb02261f7a96b0c0d44fa977e49a7a5bba0eda3acea8855d3700fa635b,2,2226.442
736756b26622734e68d53665ab2eee15e959295912a275b5f4bc637d63ababe2,0,1752.877
736ac7788e845be9f1daba9da9692b2ba727a2fbfdf081bcf738e372d44853b9,2,4552.773
736e9d30bf4c0e24a4738ac75b9fca13c9e9f8ad60255bf9b38bf38b2703a302,2,3429.286
73771430b05d59f4becf17f947e4a2396cb4602f1b7cbc9f15bf16225258a250,1,30273.0205
738119a2034cbccef0ec3dbd2d10b5ac842f0839ef718eec14aff460c0bd848c,2,1910.0315
7389366d359b08c1a960233fecb98a66fb3424213c5037abdc4a706559ba00cb,2,4195.013999999999
739230e77bfb13656721e0b962b5dbe7e327dac5e5eb94bd538884f3f1077fe3,1,2619.624
73a03a16be542ae3a29b48c5e2fd4fca62cffd962993859eb7515ad96c760777,2,6888.164500000001
73a36e561d8a5a516aa4df7ea10984673014fadd5497441029f7ab84cfda67dc,0,4869.404500000001
73a59f466527a8d3298faa7689c7e6765a2ecde5c61f1e13e1dd12a4b39ec48b,2,2270.514
73c2f50600c9bd27de51bf90d370e276db0bb10aa1f071631d763a4de7bf6c14,0,5178.652
73c486ecfe6f11d3e5669075b422c932a788201d3e847cdcef0d4d02063092f7,1,13445.037499999999
73c638891665b98ba3902506e8b080b2dcc1f805a741bd4afacc953604b7a00b,0,5464.5109999999995
73cc76f4aa1558d53c4fa50f0f295f1afd3071003c114c9a375c60020714801e,0,2630.6525
73d3b60cf7dc599ecc2221f6f963f6209c691450034685f952dcf2640034b4e6,0,1564.8714999999997
73d683f9f3d29940aef5ea8fb924c06acaf8422f1245a35160f0ca4da3bffceb,0,1495.7830000000001
73d98c14fe02c96d81a20393fd5878c38d6db3b2c11a523778595df0b8584f06,2,3066.4515
73df3a74ed1ac31d1b4cbac36d75349f2c03b34527c099577aa2aed071c6e6e5,2,2084.56
73e55ec0f9ba8197b0bcabc64a5f903d20365dc850c3f53d6dcdb110f33c2390,0,3492.0865000000003
73e844165402c6c2e60d82a0b26a173679b15f5fa9f9833d5ea551422ed77840,2,2378.8128333333334
73e9cac8912a48bf2a25d81b0795b658b247bf71b1b0d721eb594d2834d30529,0,2571.1555
73ee70c7e9ad6fc2882f7cd5757f895d30a96ded17b6f8a139357fa501b5f4a6,2,3914.6670000000004
73ef37cb1cfde4b1789ea8e6305703ed7dd9dc82d7a78bccc71362ad0d5c2605,2,4786.1745
740a64bdf786e309c2512441d355e9b37f5ad851211095ba8df8dce6885437a7,0,669.016
740fef586b2d5873d6338e5bb9d6dd55ceee4e52acabc1ec7d4082a0d4617673,0,1392.8805
741244a5b532847bfa0213026b43653cbc1b23035701e45751437a627fb186a6,0,2382.9515
741c14592f3e5d126de8242ce3bb1d4c25ebafb7e37c5c82354bc454b591f78b,2,543.2020000000001
741fb18c75c6eb7dc00c01809bceb19b23b8c1cbe39263023db4509279ae60e2,0,1127.2894999999999
742a2a4708064adbdb6c9b5d93f4d2f304e0c9c3f06a13dd48a90ad4c784733e,0,3799.854
742acb5e9c7e441c8633624c7dbb4d337c0a8a485081b9b6278a33ab7014eda5,0,4810.4375
742bc0db2eeca47fc4a9426a9a555916ec4244b675fe1bba022870145c126e95,0,3385.5820000000003
742be59d5136c06855051b46fd1f43ac07208ddedc5764548df0cab1280d253e,0,1892.41
742c0716497a6e4bfacc6872d06f67d0c5224531260914775f42c54b16bade76,0,1228.342
7431e317574be39e0a297632e640e5d20ad14a9570aab633a5f41aa8e9d5c759,2,2561.0635
74360b6906eb9cd4e25721b624ab2afac94cc2941de4818c5392028fcaf65135,0,2416.905
743f04e3a581a3dc386612e5369adbdbe7e2f9e3d77c8b7ed8f88d6db76de22a,2,9744.769999999999
743fd2a2ae9acb5d39dbe6e6d3a33dcd11b8d646a1f5fc8438ffd5f1067f45d7,0,6827.9015
74418b307f4af0301bd1ba8a2fe4973f3f66e3d79eab9351f4b0db7b5ebbf0df,2,0.199
7449cbbadc77cb0ee02ff770e30c7706f8ab232fc6a3ee8de8799a5187f89521,2,2839.3680000000004
7460a303db0b4612491ffa179ca7c25a47092f7d657491dd2f08a74de60c5be5,2,5146.124999999999
746907b288cd70e0dc2661e5fd856d74f08919bdff1a2d6470c01c876ca17026,2,1181.0405
746c8f6bec873d5edd103086f94d75e4440af37b54937fbf896c415d68b7aa9f,0,5104.753
746fc5eb24c4a97f38c72e47c9e86b767c3cb8d2ee8dd37ca13d5740fa61677d,0,1192.0915
74709fba5dff0d834a4b8f36bfb2004bb374ace82c71b3e68ebd6d3d0855a590,1,1882.6575000000003
747add62914693a67d08b8021422ff24b63f29cadc32947f766b3de579f9ed46,1,877.039
7482eaf1892a60340c945dda63820f44bc16422ed4487f2316b0bb28dc45b698,0,4125.6875
748976e94b6e1e64b11d3ca2c3436f7ff9c62b32bd93ae5669737f12e4a682a7,0,4036.5605000000005
74898f2462892bbbdd85f12b1878202385c4fefb3410054a84e3657756fd492e,2,5830.964
748ba9fe2ed941fb0c17e120c0f22929b168552bddd4f4c9ed3062914c031a2f,0,3898.3709999999996
748d36e93fd56546a2a8fa0d0fd3be30cce9886397475295a66e01d16116add1,2,1151.458
749bdcca6c64a44098fac2a7ad396fd76c6efbd02826bb8958df07c4e6f186c2,2,3072.424
74a58c2fe55470126b24e4df876e87e8978849fc87ed067805e3d196e0d6de12,0,3185.63325
74a8dc70cdb347faa9c1e2ecc3570e07219b183a6aec47010ffa59bd227f499d,0,4150.0905
74af13275d92edbe582f7ca3711eff8a01b5b85e6e3861b22edffed8a3ea54ae,2,993.8035
74b58e708dce760221f203424781d37d1ef532e334518d8dd0ac4f7ccbb68765,0,9984.1195
74b97abcd557e0aa1bca8cd32c77a62ee06f1f1d3feb68a5b1c16ab35786f72f,2,1890.018
74c69bd94bf75e1e4478587e386e66d6e7099ef07874a11053e63eefd84caa4a,2,3292.291
74c9c24d3d6a2e0744dbf67670e6753b62e3d4d6d4e29fdc000fc08dd4818ab3,0,3218.9175000000005
74d47dcc223b7a1b25094357a5672a246f007ed495ffa7f98034f127f841c562,0,2976.556
74d76123bd7fcbb8386b4e9193251cbfa88e891b9924b6af924edb3cdc802537,1,605.624
74d8eb30c4ed6abad5cbe48bb30dc81f493e79b48b3a8b551c6278e1fb93303d,2,11071.533
74db6813c4012cdc9001912df4e73a60b5a00c07a5743836d714b584f8460b81,0,1619.6135
74deb091ef857ff60613a7f4aebed8a7c4eaaa74e88b58b68266262894b6428f,0,1902.4389999999999
74dff3c7444eecbbc092cb4923793ee9e2a688c48235e45e9c7ff03e40ac7f9d,0,1173.6725000000001
74faff571cc776196ab46af034b0d389414bd23068e3210835d4a4c7a3483acb,0,3434.176
74fb0d6ddc1d281194b8ffa487a482e956f7534739fdb75b5558dfed7cdc647d,2,3233.25
750545a62f830a4372dc446f4deb8710d080edcb0e5665a894a1209538d1bdd6,0,1745.016
7505c2f76ac7bb40d8d1e1480153ce8c3c3c88c1d7f6c48e4c1e889d6aa4adc3,0,7700.7125
751298f9f201a5a70d505f318db4e1cba4c8bcedeca14667dee7fbe3d9f06d55,0,1229.3965
7516cd195b7ccd35429f3de02a1ae5ed46edc7e33f29b6eeb7f73dbb28709ed2,0,3392.2935
7527f487b705091347a92fd3bd4688f6f9c71fea02d431fd772200dda3b1f44c,2,3174.2380000000003
75290faffa65fe6130f2526c8931e351d208dcbc7a2a48e28b566e2c48a98b4d,2,3886.5
752b9e26808ae40b3c719fa460d4758fa215c33613bab11a6a2d45f257716a6e,2,4385.0315
7540bf560910822ceed72ab0f057c84bf4cec9552816d3fff89483a7f7ad29d0,0,2598.1695000000004
7545043c394b356f47485297de0ad2ff497ec8fa56d550de033b1ba08b10c44d,2,1769.346
754a27da8a283dfdd37ac8ce57970f5c9b35055b4e80451095e99a9b5ac72a2c,0,6542.4735
755d6b85fe959b98093019269e266c8e4dc3de9337bd101e059d007705e706ee,0,3885.5445
755eb032fce12cf718b2432ca5511ebae2e1782488130e952ecede0ae8867b7c,0,1214.3155
7562404404867e70e3c85b88977c38eaae1975e44c9c3019b99414001e0a2dac,1,17303.0925
7568365f9b678072c60073cad34ae03b14c7e6893e29aad5dcf3dbb2f61fb3c6,0,2781.871
75762bdd6cc836184f3fb57fec2d08e6cc0ecf48d54292061228660f715a6f7c,0,2456.8655
758510614ed59286678754223f6e21c45e573707ff0a938ccdd3f28314629270,0,5605.968500000001
75853c5223314ccbfd3175ad05461361a3ed19a629c0368555cee78bac92a048,0,2686.6145
759642243026264f95ea3fba43d18fadabe2e07fadfb5c07f1a5825b1919d289,0,2366.2335
7597f4b472a5b38469423c9372d64c1b2ba04a147ee2071e341f5cb06fd068c9,2,1165.3865
759d32275b2adfe602b93c19724070054d998472ecbdf82f2063acb916422ebe,2,4283.4845000000005
75a90b9ed7e55817b248417ca147fb5f57e70bf656417b57a7c716e014659e58,0,6805.5775
75ae69cb98e6d7533d62d5db5b464f16eaca29b9582cbce51857fc9449e2d591,2,4277.724966666667
75afd7c51068c3b46dae04b18b9d1731a33eac68f8b979e2a1ac3b86b577a03b,0,3645.4890000000005
75b16717bf081891ca04c2c3da79b4fc05aeee95801ede5c98dc53eaffbfeac9,0,2089.612
75b819e48e7f07cbe41b63e4ef8a8b2682fccabf4e67d2bb443b693fe9dc8440,2,3465.6775
75b850a0aa029446db543e923080cd7ef2ff6012ed59ea4b269974ada934786a,0,3034.635
75bbc879262c9a3184ffddb0b1ecd615d511af3312da9ab04016b6e2418f6473,0,3989.588
75bf12ba8947b3942ed6b202be657bdc08fb70fa8e10d5a7d8a4a85d36820a56,2,5207.5915
75ca083cc1ff604e70947ad955b53ddcce0eecf7db5823a7a50ca95c1bf133fa,0,9493.783
75cbdbcd73ef90eeaec89f05c83995f48784193964d2e90bc949ffc2fbf6115c,2,3185.8005000000003
75da9103f33196c2cc135a0c89a7c99d052a00215108581227ddb1d7c6fd774e,0,3757.6955000000003
75dc757e39abfd96dea1090798056c3a672163563df19d2bc6f2f839272e0dfe,2,2108.8334999999997
75df414bd5a93e394848da02382a69bdf95cd94de6dbc0c53d69584d95e2c65f,1,24690.2
75ef13216d636fce08bc3d1effdf234e9e5dc190776d1fa9284cefce79835f40,2,2445.9335
75f2091fdf7cb30d69291768fcfbdba6d9bfa7501b70c1e743c928f4a4c5d8c1,0,2686.8945000000003
75f8a92cf8ab66e79783a05288d12da717f334d20223522dcb86869cda3ce41c,0,6621.5465
75fb0aad1219e6ff4665bceb2acc84b94e3a5e684f7199e8e5f4a9a113298375,2,1452.1425
75feaea74e7b2e835d75e745a0493d2ed52f2c3e669b0929c57f2a3d5db076f8,2,4615.312
760070bc46357774a1287cef9fa64cd0739f2ea11392ffccca8e8834169e3487,0,5296.648
760a50864e8ae541aa26488be435abfa8aff2425450475ac09665d0b404aba4b,2,5896.540000000001
760e07db35b72323c4a71a0995ea6a58595d33c8403a50218c50eafb93c12362,1,8455.7235
760eddd3366c653652849d84a129174bdcac8181f828491618b3c63d239d1116,2,1.944
760fbb298576ea6127449b5fb04f72d0fd479b3143e3e43de1cd30d511a69a2b,0,5118.0555
761431adfe6dd13f72d189f1d407935c528052c2648354ddf7a864036ea80a52,2,6420.0775
761dc5547def243d6ac7642596c6a87b0677908c3b2c7c3e345aff3f67604d2f,0,1312.1735
7620efe38aa48b8e2ec37121590bd62911d30f0eaa5506cf1f142efd493595c0,2,3838.2195
76219024b0b7f86f851ddd04ab062d290b51a4e88cf66db3539649d19eaa2d83,2,12.837000000000002
76244fca4c7d5d98c2f89b19db810d57d1ec8ae94de1ab455b4df26454622bfc,0,10376.286
76264f70cc488abb295feed92139e45069619b2e64fc4c77a4d254524646c9d7,2,2643.6585
76299ee927fab39b3f0334ede1476477e2367dc88a4d7ea084916a613f4de2ec,0,4826.971500000001
7629b487271324f0ed6a7e6f6522d250318fe69653e6f1a2863a3035da90fd5e,2,6274.2155
7643aa38136d94c5ad826b250b6566271cd3913fe7a04cd019865bb7be27138d,0,2118.5425
7653055dc2aa13781a512367b867097b902db189d34a6cd000eac9fbe155ef71,0,11207.3815
7654d05ff9cb0394317e21ad1b12f978ffdc4f935c18477fc2b39e47d490d7ee,2,3354.4455
76584047d44dbeca146da75bef8192186c59716cf0c098673de0f109371a06c4,0,32.672000000000004
7658fbe806ce5ed952dde649cf76cacda452add9b96f4f643c02ef5184ecc13d,0,10492.017
765a5c65d5fa68b27a9a538f62ff3675f7b1a844588f0dde029a4e30f346c58b,0,5049.852499999999
765aedb787cca07d2ecf5145d2976fab1eeff22b9a00a46b43456a69e658736a,1,2927.4714999999997
76695c226fa973671882b1eb6a93f15089bf6c16bac24e217fdd7817f096fd47,2,2199.4584999999997
766d9693d0e8c2711cea4394aab1ac823bd30cd79e88b634109384808f3ea321,2,1649.2940000000003
766ffae10d4097923e885946be510538d84a235826edae3e7c0a887d819fbb1d,0,1767.555
7671d907709af62c571592d40d74f6dad5f21305d7dd69b9e0ed4eebea0ac840,2,2456.0499999999997
7672ccd5b0d44e4f0cd4b706517dff2fd6e388313421dd00a3c129999982a1aa,0,5638.358
767a8ca811d802d606d9257e93bf01dc8fe8aa28693b2d754d4130fa1ab2c219,0,2948.674
768e4654bdadf9aa3fd1bcd0f82f89d67546faae43cf8874b0df2ad8c72f950a,0,10519.707
7697d02debec72d32a3f427b9c088cce8ae26c55ce50dd99ccfe05eb1019dc69,0,3650.179
76af70467abe0054ff3b415261857ea5a9039370b9c1630b2720b94e1bd44182,0,1613.5155
76b47d2762765b41c35f61f5d9c00c32aa310182b9d16e26a9e17dc5947552c5,0,3061.114
76c046ff1ed82fa18bb91a481e82c6ee6323c3ec1c0a987baa3bde0697f8f81d,0,4610.3265
76c159b96b3c1eebab6cfea18cce4010e1bb478c1e5f76eb42a92f1a7b45db78,0,4663.316000000001
76c4b97c86cfd1ee725858c146a3ce4e8be7c08cbf2dc96e602d906a4597845a,1,14349.873
76c4d3a066c6cfeabf6812d0861d76917b578e289360995ae9a302a8fa208edc,2,6904.352
76c747b95f08b287cdff55bafaa4e4d5cd55da18bbcf867ea873966241e338fa,2,6267.8675
76c80c6bb88807b442ecd357f2cdff93b175fc2d145d2d9475f27498cd918cbe,2,8598.012
76c89b1fca2eac1c827f24363cf6994a9ded98a628ae8de978d1f69642424d25,0,5329.6105
76cc18705df18ba78e55639e2e22f6db7008168fcd117ac99b539f83aaf114fe,2,7503.539500000001
76cdeab8d2886eb9188324a49d83147d3a26054417a03e206d029e06316ad3ec,1,28.269000000000005
76d7a29fc0c6bca0c2b79643d5ad3764454526eeee3ad85ade632dc7fd02e751,0,2246.524
76d83ce3bae3caa9ef823b6cda0d074ea9ac98bfb01ef60b97ad5f6ac528307d,2,6109.932000000001
76e0e77a5f8ff40e63ed2e912cd9b59dab7b5e0ad9e889551a7dca60184d3c76,0,4361.4055
76e118c461a6d719f96bd62e8b7230068365b61a11c82aa65a34161de4580eaa,0,3555.7875
76e1fdab82ac0375954fa572db4c11c2f268785e88e2283a586eef76cb6cb1af,0,3469.2205000000004
76f77deb237b35c3a50774dae5a5232f09e05e51f7d1d188bef11982b6572dff,0,1936.4465
76fa7770a2c6e9bdfec5842148da1f5a5c84c89e8605aef214bf86741685eb50,2,7449.11
76fab8f3ea7ab4af0507018c49df43a9c8747c4878f462ee37acb5c06c5c953e,2,5095.116
76fae157b0dc9930382a6e90d45bc5754967a273abea89b11e051d3ecc11a997,1,14210.213
76fde515ed8a8297ccea87ff5f6f0c3cbee6671b84299c800ac01970f73751e9,2,2447.9539999999997
7700a86f768e9f5c6b9e2697588d09a90e77265a6c9c6533e8f09dfd40c6e50b,0,2464.1094999999996
7702bd9841b35e4fd3f327acada1ea77418fb8c18d9c01143cb6ecc81b841e0d,0,563.0155000000001
770778f25c37cdb8deb7de118c04d0196fd0234de9e8f971375a4dc26969bf9b,2,10797.135
770df2b41d148cb3af6cf39c51341da2ec783f49a7442ca3e89fa09eb71c3a10,1,10406.6945
770eae2c0fd5fe2258663da8ceb233cf42962f23532b20c7f94583be2c5f517e,0,5692.3405
7713b81f5e1354af328917e488f215075bc678ab6d3458159f505730af32968e,0,3852.426
771a1adea880d4ecab2c54d80abb97060706393ac4dc0fa320a096327be6c0aa,0,5427.553
7727a21c550a3aed21c8b284adbeecc5f833d47fd3a64e79c8c7cd2539bc8fd6,0,5166.147
7734adc7839d74985417d52134836c47cadf01fe5028dcdec7f50618133a0af6,0,2076.5009999999997
773605c24c195a5358c50b634551b2c35ba4b820db3e441489b9f6f4002f2c54,1,20964.021
773da5dbb3caea3d2637c9a9ae700f0f20203f077f34aa5032bcbec01d865030,0,1261.4685
774ca6dcd5413ff4c808d8142b3f31c8206ffa4d90ef835ad9afa580af6dd86a,0,4192.4185
775146504b80b225f82eb5aa8189b74b6b2277d728b47846e0000a1cd54fbc87,2,2702.6745
7752c0c6c5b1b08fb96d3b88297fc83acedbf0d28cbce1d189b2e1d85c4f6bf3,2,2325.496
77535064ebe139dad0f9cc6e8b88181b856f52b9a896ae4da90b32616d921639,1,2479.7405
7757d6e8ab1de0e4a8a56f01239783d68f48facd6df931dff53f071aef84e4a2,0,4079.096
775cf0ca5a75187d52f52b3d904354f4987051284a4c2dcaad262fe5670b169b,0,5602.637000000001
775d4db11f8e3b1079b812bed399d989fb7aa0d7496f196690c04e6e74152e44,0,3581.4505
775db578f5d486bda87b06ee2528fb4c397db9b93995b8ffc199022c7ef2dfb4,2,19674.6495
7768a5ed0808ea296392df8834f8bfcbbe9a497977e5b995e66005f8ab9d2cb1,0,6205.629
776af60fb16a1168615c41408fcde6fe931a17e6910dac15bfcd13b5df1b1a2d,0,291.34599999999995
776c4270f1eff5c8281ed374b08f61bf90ac0171817b2b31326e6ed9c204d438,2,6760.3795
776ddae75aa9a9146909754880be69cc19eee8feb02fd76a0e53470fac59cffe,2,3552.2035
776fbd251cd416fc1fa47bb232564fd184a72e0d8a1c47c5f9623990e9f0b840,2,41.107000000000006
7770b741fa530d4207300a8fa909e457bff34b90d156bb656e9be84565531f72,0,2448.623
77739ebf11df2e74fe0f0c3b10635c4cc56f99d0e54f4ea07e8db7f243c503dc,0,2975.8635
77791ed6d9c0f987c6a691c73f4b63fa75b6f50cb1a1b699e7c3fec739b26ba7,0,4509.8240000000005
77843bf7638a21ae71f04d9c757858996a9190f42e610e2f1aacd1ef97eb224a,2,2667.1625
77949a0827857f54ad4bb54239e455f01f2f8ab2a1869ca9450857ab3ee7b35d,2,7493.460999999999
77997680ac8eae6e2ac460d4da4b16eaca02fe684522cfe81e43dc3f0f1c5964,2,3522.4390000000003
77a2bc192555de4bb8d8467b79d516116865f552a3966b3d6292f24fb019bcab,0,3698.4475
77a6e08b7e65001141a8f5fe238ab6e3329424c16ccafbd4a60abc2ddcf9a472,0,6701.3330000000005
77a90e1b9760b48cd2ffb4a172862f240b06c7369dff207115c74ff061c7a239,0,5777.019666666667
77b0dfa62f8312310662efc913d1d66ea6c3983556d8ce988d155b44a5c9f27e,2,7551.968499999999
77b14b81a94feb565f26ca2adfebaf32113cae5ea99cac4d708db942bea22ddf,2,442.129
77c43858c53952eaa866d0287fe2e5336bd54bdd129fbb0b8ce92778e8b4f08c,1,289.56600000000003
77ccdc5a19a6e1e43b51a806dcd26f4df05528d754413e92553c020dc80f3f0b,2,4539.7315
77d0c9e3cb1b1ab7f4ba32be47281ac40433a9b463a56614aed8a8c5c759def2,2,4011.6045
77d499326fb4502a76f0947bff12ea137df2fef0489bba99c2cbc2839bbedbc9,0,3554.5775000000003
77e12959cf8b1bfb39b0dada6ef9dac3ba8a81f12204d54b2f875a92632ffe3f,0,3427.0924999999997
77e18ac06f6338ed158b93bc5e175174497d441c9419d561e618de8d0191c1e3,0,7573.888999999999
77e61007e18e5e1f242db0e4e56d6b292cfc969c7058f03b123d3b1f0912a7d2,0,7075.0315
77edf3de45fee9157c34720825edc4ce018a1f1493ffb09c12a6fd896e6e5574,1,1088.2649999999999
77f5233160346e62f1e529cd8b705bd3fb28997c0ba20bb42c03712be8f57f47,0,4463.9439999999995
77f78f65199fe87b3ed12ffa920f5f1264c027cddec686c31103bde08bfe86e0,0,1942.3815
78004e1063af1904f95587d57fc596f643c7feb187a623b0885a9a6aa511539f,0,2340.871
7802d45475886566780608b367862128aa704e56eaaf1a26a9e11208417a1fa8,0,3596.359
780b5f1ca0ff62208a954d1be503de72d828a462173bfaf24c405c9ebcf5d13e,0,3182.7785
7811fee55121b0ef875466ba160e5f340649454cebaed8bfcfecc44934d642ea,1,467.515
781e6f41ae6089984f63eb12ce50c3e636121d935d42abe73e3be2695e0f9254,0,5586.4505
78266906d52c92519dd37b207b5f5767cef4acd5035875a0a4adb074da3dea0f,0,2166.2895000000003
7828a609e16cdd5b4579ed5abdb679732728c0d1d76eb9bfabc6ca80b2bc9b2c,0,5873.804500000001
7829cb1a0540f22a805bad40604911755ae41adc94f3efa9c010aed07b888d8d,0,2821.6895
783082b95a2c20659c59c4c341cc5b7c089474a19881f0c696124b51df882fae,2,8339.525000000001
783b2522b4b7e7eaf8f70ca33ada402bb88d99e5d7d708511c7074193893eb4c,0,10010.8465
785f6b17e0508fdd1548efbaccdb053d9c785a14eb9cdd15406406582009f931,0,4854.6720000000005
786ef1ac84f6abdea2b1c6b151af65736b4f935faf202453d161818f24bc3995,0,2721.888
7870dc16416bba1a3de2ea0b69072787444b30e37a617a4905993e904c03c5c7,0,5271.191499999999
787a561a45115e72f9774e40a03d10f2ff6c472d2af8ba949c6b5e5ccf8b28b5,2,238.58850000000004
788264092c6406f51ad95036cf5f805ef4401596e8143e725a393ecd2cfed727,2,874.2339999999999
7882c770a90fc41fc3b022d9457eaa168def8bfbc904f14f2c91bec176cce1ff,2,36114.874500000005
7887e3a00bfb94ef4f4b7b6df6df034e3b0935df915c4217d5fc28778b270216,2,8904.776999999998
788b5cf12585dbe6ef3e5639cc2534c33e9e8a45b66be1471b408ef8e251c93a,0,2655.3805
7896d74b634628073efb6dd97afb672e5498b0af055bfcd99fbe9bef35a3cc20,0,6914.554000000001
789749eef4f3070c434b98d22840a6520dc2cced1e71244b7a37c72f87eb4e67,2,4782.084
78a45b22ffcddd457afc62a57dccfd1a017dd003f5cc3d9e3feba30d3b2d4b54,0,3491.9055
78a6d96566715fda7b7ba6eb1b601dea0378070782118b07bf3d2bd91cf18074,0,2231.925
78a6dcf098d7009d95ee27d6b9d90ef979fc1821269064c68b48197a0952e649,0,2029.7195
78a7ef1f9b9f4c2288a6fe3869c2cc2c9c9041885eec2a1a1a6ec29ccc874143,1,5695.2985
78aa74b89ac5f2417354e4ac276c3b5d89391f08cd996ff52d37f8b9dffc3074,0,1929.5845
78bff50447afdc22aa0c87f1ba2f5005699397593a81faab6a5814b934bbe198,2,6429.1315
78c64d95ad10aff44fbd0de60827648d1157bcdb19afb0d9b9ae1e1ddffd676c,0,1439.6595
78cba3291cd83a2833606713ecb77695a4671340a2dffa9ef008f97eec65cfea,0,6064.0635
78ce50ea3c4b4c64990aabfe96ebbac2ece8f6f6bb8b4699f04d1197810554c0,0,719.4365
78cede91f85f8a6fc85388666c1953252abcdb3bcc265487b8ee67369591a99f,2,4604.072
78de4f15a84056723c19c89529d56b5df3b020cd430baa6c5897e9b685f7e998,1,11462.266
78df12391e1dae47986bfff7d689ce60472de08203a2004c69e19802422bcbe0,2,4229.798
78e359a90acaf031704795d49245d4fe7edbd3d57620ebf382e70c40d6899069,0,1367.1519999999996
78ead2a306f8cc3e0d87a724a13bdff674457ad0a0f91e5475549b1f8d14ac21,0,4001.1124999999997
78eb81e1cd4802545533d27d62ff8534ade111bea543d237e988bc38a706fb1c,2,10345.862000000001
7904d9bef280635036ab50d3a1f7dedf980b0003fd27c195d42f702ad271a73f,0,5593.894
79059708118a32608c10fea46b6ad10295fba98705ad1344a8949ef5f6e12125,1,15885.5155
79081b6c6572dda574da9b4a277b82d21ea2050d54fb813b5d77b61835df869a,2,4524.7515
79130166e85223cfd0d7b14a802e750e071e68936f9f8575d0c9d2426d898c06,1,9557.8655
7915e72671158fded0ac04582f01a285b4cf428d875076629a3ae24325e24de1,0,5920.503500000001
791dd0fdd760cce8ceca6551a671b02d3215c42f5a686fca2df804278b5afb9c,0,2212.8135
7923210d206f9ccc5bcd86b698362fb4091752224f525d79526ff269d13aeba5,2,2046.8400000000001
79233d8067a64701ba19f3f5292fae96d84214a5c630a10ff09e1093626627c8,2,686.5129999999999
7925e1c007d28b92ce5677aeced3287679b6b4a1a46fc94516eb08c0b3880d7d,2,1215.457
792c499714dd831e8c1dfd985035df6c88e7c6deb71b04992b5b06378888326f,0,1721.72
792db29cf092b2b09fc634b973257502096b4942562c7bd838a6b8a445a9a2a8,2,3091.8214999999996
793335e818bf70aa555a87b3f877f84997ceea6eb1de575d5c90f6e17edfa841,2,4501.3625
793ca67cf6d0e4a32a5b52eb2e0da2d2d5c3881fd512e51f58c8561b4a5df872,0,3459.2520000000004
7949a7ba8a01f81923808a79e391f0673cdefb88e4a1de29aa416d1dd89d47d7,0,110.82450000000003
794e4c99c7b8077ecbec56df42511373f4a219fd1306df57281caf6da8d0d70c,0,2895.1065000000003
7955686649a62baf88ec858d5d7c5179017e4b810e978acda1de6713eafc21f9,0,3011.7625
795786b81052b877b4b9a82e77f245ec57778462bad4253794ba486aff5d10bd,0,201.363
79593f13d5545179c7d12333c607df456c68820d628ad1f2844f8b1b657ec240,2,5007.575499999999
795f2eb8cd08ef932af68e4c08c567067820abb761eab78962aec6fa4816c9d8,2,913.6700000000001
797ca0cd7d47b284d4f4fa453a83f86b5604ddb06171bbca8ac107d61fbc0e79,0,4024.3044999999997
798624510278a27ffabc1c4bbb8c564cf657e8da882dda650ca20a0ce13b3638,2,7018.614
798d6a14a39b0852601ae665495baf03dfed9cd5e2a47c7bc22644a95cac6967,0,4409.511
798e6c5a71c294657f48f72235e245517ae00ed5acd6580a713cecc5602e1f0b,1,9117.935
79979a412688511f49e02844ca4567ec352835b2c296af9df4914c831b9cdde1,2,4263.6655
799a7713315cf6322e43beead6b16d747c0d7e0f2a0e345914a2b0ba6a8bdfc3,0,4223.4785
799a7a91a51f2ca6aa78457e6fa421acd4464bc39eb6b85d74d6e0bba70c8e18,0,2314.3945000000003
799be838d3f19f52b009b1228a167cc2437f203cb1cf98030e7a6ac9146c157b,2,6882.6675
799e0a5ccc230b582e3261a2136e7fc08d6bb348ede223500ef7e7ab9ae9fa27,2,5957.9795
79a6869104adeba7bd194bdf0758281cece564f98285cdc6141b61dbf51ec269,0,21939.319
79b0374445f89af96e66231fbed11f80b5cf4fa462e771569e64ee746fece18b,0,2519.8805
79b250b95f36e2766d0dd185b9ea1beeef3923433169a5551327b7be2b0fbc64,0,5694.002
79b56db196d9bc5b5353b5a08a02492dafb331cc392d754b0901984d1c3729b8,2,3021.3494999999994
79b65fba37fad9f6bd441e1c86c3fbd3580fd050fa99c3767eefb8e07e08efb6,2,1769.113
79b99027beedcca0d025483a4aac73a417ee468402b8fb7c664c4980a7a2baa1,0,2206.763
79baee0bfc0ab97559358d2dedeffe047a3454ff147e506d63878fddfa279f6d,0,3764.7585
79bdf0f65aad44fa4f28effbd4a7e32cc0f921f220f523d972085698ee028403,2,1628.7395
79c51d52f33b76cc0149417fe61aef5d5c981df1cc862070ea90642ec4522413,2,3035.2055
79c8e73d182aa35f44da46d8bd140d0f1f7bf247c4a2f213ad30d2f8eaf8c4e7,2,3421.9065
79d303848b290b3a212b1bd48e2db41969ef67da792d222a7471bc2db5ef8021,0,1037.2040000000002
79dcd7fa01ead754ee96c8bf800469b37eb87dde3610e08013f3e1c1bef99978,0,3423.3925
79df3f86a9e172381cd272bd74e8d33223a285d8216c747e08917decc54b7bc7,0,2725.2725
79ea1214d5a4f8dd3b4c6a5b9c58b1a216508c554c781d3663516ecb75621527,0,3979.8495000000003
79eda68bd570beccbef0edb9b326b27dd822e0472cbc33a9ec551ba9913c5803,1,6657.722
79fdd211182e0f935e5f09f380fabee9ec7d5a67df17511d0502f9fe59f9fa94,2,4688.9115
79ff3de671a1ea8a850d4f9d52c14f5f5e96067f7e1bb8958752aec255053474,2,6804.3725
7a02af66db4f2316edbd4f9c982bec1a8120b2764922815578ffbba1b0754106,0,1473.8175
7a0d6ba5574c1141bfe7409c94319a08c5fa887a9e01c316ab74964fc7c6f15a,0,5298.638
7a1a3846a2b31184282fdb9a3c505b3a725a2c8a9d579381a8bb0e5501957cc7,2,760994.5
7a1d8376d231dad2f4d794cae81bd9033f2a63ade32cde8553725c7eb7f30212,2,2564.4565000000002
7a1f9ba8ca0221cb81a730062c886b06748c28f19a886d8d0fe45810645630cb,2,2368.7715
7a28bd4ebd12ee8399526ff93ae4819ccb42c614e6d6e69a5fdd03b89a0a5eac,0,3920.5924999999997
7a2b299a4f305951ee31f7d6701387f60c8a84dd4dde0870adcadb7a1aa898de,2,2794.3215
7a2bda71c5046f894d4aae0758ac90a845bef232ed46d8fe8323fae621fdc048,0,464.81500000000005
7a3006af5480ef63268397509b07089b8f06ea3a88a76f911b225eac349899d8,0,1433.1265000000003
7a358872812bb63fc9b78c3d739a8a6f32e491483a559716da8d28f0a947d7d5,0,482.603
7a399100a3953c334014c7a79f873c74e16a4129dcdbf6e59952f039b69c4bf6,2,3208.5235000000002
7a3a0be0f6d7732860b2ab31583e61c3da44f41c72b2a7c8ca2481b9ae61ac09,0,4123.1669999999995
7a3c447dba0b3fcb6e86dd26304483d88cc508a6966715de478fb58239a7f5e9,0,3910.285
7a3cb3d6b46ebd71b5705c3b31da4a074d8777096126dc8c9e6e6fc4177ac2b7,2,7379.914000000001
7a3d5c05366046c588f076054cbb72ebd59c96a66004f5a53f7373324d2876f6,2,1949.5755000000001
7a55379e6a28529efb79f3204ca2f075ceed50254d397c560a4f45f9f33583c2,2,2645.6115
7a56ceb365420a12fa4d7b8ab83062b3c58d1d1e638f0ce59568f723bdf673b0,0,4252.628000000001
7a70f5227bf4db51dccfd9c9ea593f02dae632d5e356774a2d24d6c35ba4851c,2,3832.255
7a794e1a5792637493e754c0c1b94c7fe1144100f92d601529398b671983fe26,0,5288.858
7a79a977dcba777c47678d45d95adffff7ab8fa4e7c7b0fc3bf30961044bbd74,0,4846.6275000000005
7a7ecb710d0848e726e42559f1087e81e4747e2daa7330597972fe5c131b3be6,0,2209.826
7a8033e2a8a9c1dbd588dcd5ca90a24dba136092a3685f86f4120c8eb49aece8,2,4458.547500000001
7a80f79c7007ecfb73bd43df3597eaf7ac0ee206976490c532b5496e369b961d,0,12840.711
7a859187af02f255e651e01862e49d5cf63dd7b70a0aac93f2d48c306503d4f7,0,4008.159
7a86662c0a2e1dc50d3b1f2d7d54a167a85f0dbcccb498042cb0a48616dcfa71,2,3443.3505
7a8766e65e92674e8659114149e9ad9acd177431f14f3697234ebdcf45678326,2,5167.9985
7a914e879c6fd0b22ea92fe36919b73e2e1bdd26c0f4789651eea42309975a52,0,6897.6285
7a919a6177020122e2007c82163eccd058f3b1d12557fa982767a839b0ce1ae5,0,5493.778999999999
7a92ddaf7a0c2f43f24906da790822759f31bb8763484ca098dbbcabc28193bb,2,9585.1015
7a941984c2c07437df472e421fc41823da2380af009c27d6ad091d22059b047c,2,4038.6175
7a972d0fdd7036331df84df26abba476febb452a2965772c45558ac1247c6400,2,2331.8630000000003
7a9c19340be80751ebeb297dafa563381e7d1d6bfdee9006911bbae1d59f7245,0,3541.828
7a9cabc8419776187dc71794a0016437c04edecfd2e9be0b722d44fc3568ace9,2,573.12
7a9dfa969500fd50086f970f534f0c27979d9bb30cce78a81e6f79dd934a82f8,0,1714.1130000000003
7a9ea34c7a72023f1a5326634254ed5795b448ff0cc1629f127eedee0c94bbf3,0,1927.8725
7aa3d8e54dccba5c5b91390173d96ce294d69a8dc601a8bedd35e1d46f0ea390,0,2735.5675
7aaf63165ceb6f7c8c1593f6fa5c12ed1d8346ba2f7fd5b99f64624666a2a6de,0,748.1015
7ab0f70c0cc5824c286776d9198197867a9c908430da9099f88e73fce7653e11,0,4843.086
7ab360a465b7177098c56cf3f6dd54a5f8a82d3094f63cd15bcece977047ef8f,2,9196.887
7ac4fdc2bcdcda97e0477b7e41f993cb5e77ff8d6fb0792448d8e7b1e8e590b8,0,7236.6205
7ac69d789b1f94de84399e418181853c66acad9e9986035295404e9150b70619,0,13870.375
7aca4c7b15f39e26384ccddeaac5414d22f9e0ecc84271c2839268be8e55bc64,1,14327.541
7acaed42b22a8109889ac3e22dea9792c2579317dc135e5823ce8491cd3b0db4,1,11496.714
7ad5751c2138904dd561eea4d0fb2a4ba4b86751b80ce7bf9f066197145e3d4f,0,4086.3205
7ae3d206c0fe5a7ca02928c5f063e9f2f13c01b4e21b8162881e2d8228674970,2,5005.9235
7aeab6c823bf079b7760a49d0680f0f6a19cce4872a880ef9c8c3d4a03c86fda,2,7622.565500000001
7af59e9bd4b5d1a3b570349f736aac12ba7de697a02d5e722314cb7d55e6587d,0,6615.932000000001
7af881329079dd6126dd83c076723e19164a60e7c73994b0cabf01615723687c,2,3983.8080000000004
7b061d252a083ffd10e17a4a68606f69451c6472628e7e9ed11f254cf95ad52a,0,4352.201999999999
7b09d8153622c24ef3ebf1b20683b937ade39c8dca2b404a1b1ca9259beddea7,0,3653.0505000000003
7b0b76bcc9fbc7a91d26381c8d1558fd1c8a3d31be26a879acae8dee90e008bd,0,3134.566
7b12a521fa49f7defde07e75e38855c9b9d846ac019ee1e4f4152a60762a4180,0,3688.319
7b13cb6fd13457e7f9bec1235139547909d561c77445ab12d8575f5da2b41912,0,614.5875000000001
7b15b21eac58094d152a03cb7c72a7b40ff7a4c1de8fc86a3729b09d32f48baf,2,5269.98
7b1a534e82f04a72169e7249cfdfff90421c9de3dde315a3beaea9be1331fb0e,0,1377.3305000000003
7b22088ad8037cd828ca842b41d35104e1d5b9c3dae6f7b633680044300dc5e9,0,4737.5955
7b233fb2daca4dfb6e5bebb13061cdc7376e72501abb14d21b67da4b21ec864a,0,3846.0925
7b3099f87c26da2c79d8a214bcc2a6bcf641148b97c09a0ed849474d72853673,0,2606.4750000000004
7b35475a7893c5c6675b867e932c771134f24cc461471c50808c2e481099b227,0,1024.574
7b3a33f3b0523e765eae06c6ae43fafec1d229eb23c4cceb8958bba6c65e23a5,0,3741.8550000000005
7b3c95f5a8c267c2822f3f129ad5cddc3949f287a7d5c264a90f39810cf47f4c,2,3568.7695
7b3f106c9f978ae96689da3215b90e6f097074addfa24e6d9fb888b5ea93868e,0,5196.2545
7b4007e4e31a8a3edd9e738520754a635ad56af5aee7c8da292fd5e8197293ce,2,3070.6465
7b40325732c73420a9e9473cf2393929208b671e9360e0bd7ed4a34fd902f033,2,9135.2355
7b449ce604a967546cf6c9de9095dbe97ac7b6bf31f58bc0feed6b4ffa72444d,2,287.22200000000004
7b45d16690d664b9a8828c7eeeaf0d08ffa8b515020358bc4f01fac2ba87bc02,0,2889.416
7b4a7d514accdfa4305400619283965d25df14488669bbddef7df08977c78061,0,1818.281
7b4b5b9cd8eed3da59b5911a1909eca40cd6c9d022beec22adc74b21efcac1ba,2,4250.367
7b4bcbf37d6c92c83b528f6eb45db60955e2254d801caaca71a8525e3189d3aa,0,12584.951500000001
7b4ceecb30b5f957c096ec1e617d3bdf223af141d3cf8e2acb643c780182e5cd,2,1160.7779999999998
7b568fcfe71dc8eea007e49e6dae0d7c6d3a27b1e47756f368bd13f7628f83bc,0,3005.7519999999995
7b583af6a0c75a7861a0a30b7f832cc55b892c5bbd557f700d6d6edc9482bd80,0,4846.6785
7b58a061f6dd69d89a164c7ae90bcc5dfc908e7b2ea90efe628e2cb3fffbca62,1,11310.7045
7b59dca998423c385be94a97f8ea6d58cdbb4e58746d95707f2fc3ce68466e07,2,548.488
7b5b621f9c056f57a3b448deec5b1cbd6b7c179b09016fe3443b40e179f9999b,2,2234.896
7b5dac081eb3430e9d3578e81a743863e77a23cd849e7cd396edcdda7f09a2f5,0,1151.6225
7b6e85861e874e74192a5dc05edc13dc7292820010a8ae41d668785cca172a1b,1,1703.8990000000001
7b7d37ee5678e028485a9bbd16d2b5fa8cb672ac23a29ef87e059e0929baafd3,1,7337.4529999999995
7b80df480d6dd47968f981e6884489c58b3abc09b25e97fc7794d6bffe73817b,0,3426.6795
7b84a198219d040a7cfa1f33e01387b65205678c64e69673dafeaf2767844cca,0,2694.7225
7b8f450da4703f73270789d6d01dd9c122a3867a77e3cb91482b6c01431aa0cd,2,2389.0215000000003
7b953e8f2b5ea1b3c4649a43015ef2ba9189270ad65ece9befaad532758f3177,0,4907.8965
7b9657288bcbd564914d225db1c541274b05a69a396c041715f97ea2f84d5442,2,6988.423000000001
7ba5de63455d74ed555d087f7d170be918ddd610bbd7d57edc93915b426ff1ea,0,2746.8019999999997
7bab354fad45646f9845ef0ea8b05e0a5359a8a85f4f98a012126dd85d18ae75,2,4539.978
7bb64bfd63446cbd43d7fb3f503dcf7ec8f4b4eadd1c0e9cf2f74292fa8022ca,0,4269.521000000001
7bb856c91acb44e0287a3236d47e548aebee3f2ff4b3fe68b82c2aed168f1633,2,2081.286
7bbb61ee810d0dff96f62a18d5739739c7fc4e2f7d69294af27ab53a83251bc9,0,2075.5254999999997
7bc7cd9719150dd20c1fe827f1be6bd81b830cc2d4974ddaf13c1c140c0b8548,0,7211.2035000000005
7bc87ed8d4eb1a4f37e5ffbf0c0fe1410bc6800d798f616d764393f1d2a26e00,0,2191.919
7bcba3e3cf2e991aa1886f1044c9c34d0be15532c04c9be95d56bb92e4b7c8a6,0,4577.611
7bd5878640bad2841c039e6ac39bf39a015e75668bc89c2980a20109b61950bb,0,4462.139
7bd7ec6ea92b4b215c81b014faa61d568701a0e44892e6566cbd58d352e61aac,0,7547.822
7bdbeb86b6095fcdfa1403fd432cffdbf0c7a86650e0aa6ff56f956d279d1b28,2,4965.035
7bdc583ece7a5c5fb1827a49bc18232c9045511f62a1c38f94bb03c97bd3ac71,0,1331.5115
7bdce5685513ea8b78395e97e4f6d2eda40e79513de417647de8bcef68e5192e,2,4942.1045
7bde87fa8f04d3d6ed693e7ce9de246add43bf5182ffb596fdad4cb83f9c1e6b,2,3895.9635
7bdea8efbe95688ea5b4196aee6500179cd02d6803b5069932546908fa951e0f,2,11438.731
7bf1cb5c1d47a12fcf6c8e2cbdff6a9128723d98da74c265b0b3eeec59e11a60,0,4354.673500000001
7bf5041dcac31035a71053d1a0caff3efdcd8ec00dc52d7c3ee21ac86c9d0f2b,0,3742.4970000000003
7bf561ded532c013d8043c99f2ec393a26a39bb40dc8f5ca3bb43a7341e3dc53,1,9705.2925
7bfa945ba0a7dc49b7d7333984b18aa246e9584c16a9b6db84958cd074917a2d,1,149.32150000000004
7c00fe6ad83682a0ab2ce02206bea2aa030b2ec989918121f9e8065fdfe533da,0,689.9470000000001
7c1d2f20acdd2199bed4113ddeaf9831372634e9b44b66613899a897df6d2b42,2,1254.0430000000001
7c212a06ab730dfaf2d3b9f5c145f3e18141cf4dd0eaf51f24802cea05183a93,0,984.4070000000002
7c267628902238132f50f5c87611add66bd73438ee81fd20c9d19c5018b7510d,0,7102.2605
7c27bec8cedecca4139a03d58369e7a9dfaf8377a83f0117d038bd72de7a92ee,0,4059.3295
7c2ab9b1ea323d0518d02a9c2368d2353d93165bb256b85de4dac132123de093,0,4391.308
7c31f66d540f58e6d53f6169dd4152a342deda710d4cd405e503df230da6bd12,0,4998.905499999999
7c32f1f988192e6a4138c8d3bd1394df2f90ae3a6f0567e52602b37918218b78,0,10591.3515
7c39f7e5efcc112d0cc824c30132dc78cec3efdf49a143f9234a465f2e26b4b9,0,1922.065
7c4748c1b9a68623bfe5673d8f120acbc17e97ce81e3e4ddd1a9ea544d9080c5,0,2410.9065
7c48092cd91e78db34f3e1ddafd2224c1d28265a2e4a8ae45916b63ea8e6330f,2,4439.1335
7c6a97be642cda7d38d3bc7921aee5bafac93db0644a4ca03c2374379566879f,2,5131.194
7c72fc94b90c515c512515abd045d07fb04c3979e777028f5bff32de70191672,2,4479.0355
7c759ad5cc6a29b8add11ba7b1b309ff6a8e6e2dabab35841c9fec1a08ceaffe,0,6923.996499999999
7c7674ebe1cd27f85fa0a4702bdecd0dc0b20a685a5df69ab6bbe179a320deae,0,3531.1405000000004
7c791cebd488a4ea3c5896fae042a30d4adb3051a0988991d1193d51749b9b6d,2,2629.3185
7c7b244501a631197225c84d58cdf261f606118115be626cd9da9d68f491ffd5,0,4369.790499999999
7c851c8c9eed6a350b49789870ed1ba12754af26ef509c6d74a37120f24156ec,2,2276.827
7c868a61dfd9ad4aafac7aa2054a70c43df3dbd2def674b4b17c92aa3daec77c,0,3059.992
7c8adb0a1f9a2b9bd34b1b7366296162442b7e39fed6d029e2ea264ee5924820,0,1669.6225
7c9b24864e743a30fdf3e116591793a0d6178cce966713c333d60dddbd5bf521,0,370.90850000000006
7c9b6a440d6efe4268bf3e8faf6be15ea574dbf5fef9e5870129c7b949ac6716,0,1793.335
7c9c7329ed31d9b5e0241fca6fcdfd862e4a7050317f808bfd6bcc35448bee51,0,4811.1925
7ca190c30f68a1a4a84a46bab974f7dfa65510436ae08f330fe690937d7ccad9,2,1888.5334999999998
7ca5f53e4ce41c7844d43bc1cac1d932370760937ceb3c042cc75307dee70455,0,1624.7675
7ca8e8c6c202fcabee70899bf331ffd96844eda728fc0ff97184fe46795502b0,2,1123.3275
7cab10c7b5889408aeb859b536cf44cd13d150e9c20371e8b96c1ef61e561096,0,3768.6845000000003
7cb3509c600e625d54cc171a7f5104c400daac1833c5065fc6567bd4f2776d40,2,3573.9795
7cb37dec62fa28051127d99a4635410c9f77a6846e29804dfd0cb3dabf885b7b,1,9522.864
7cb9397a8e0550c208b926ab220827ade70e1f383f7baf08d9c52ad062fd1b0b,0,4162.568
7cc22e2a222eb4790388749c4929c196432774e41d9a746de2c2ee45095d261c,0,10479.59
7cc8006f462d74a88b35116936c175362044b59ac06ff786b2d3039e8df9dde5,2,3267.3599999999997
7cc9dcc54a38d5509af73e05da632264f104b6159330e6b5517944f1901ae73b,2,6020.654500000001
7ccb8b4d9a8995e5a0d727bf271e024b214971b83c6110d8ab51500692595f7d,2,4371.307833333333
7ccd3aa0bd8e0f0c217c5141c3b8e080681001db65dbe32ec6e0470ee31edb1f,0,1318.625
7cce5148f5eb6b8f45b5c8ecd8f25eb66bc088d0e0e5e251886e5bed3112a09e,0,777.5735000000001
7cd09ca2fe008153c6d05566ac9ed4bc29c36d576e4a5822f65d964ccd10364f,2,1733.8805
7cd637f8b2a0cdc9b1d01e1d945f6432789652502a03dba14bd6aa65eb65a576,0,657.543
7ceb02e38982733a9a54554416baaacdd88f657355beab38bb409efa7b53c676,2,147.102
7cf1a8af713f3e3f8edafa170f9ad11dbbbbcfd9562f46758609178d6600ab8c,0,2964.1425
7cf5518faecb33b4c10e7c189c429fa7711262126397716cbacad8d9bcb52090,2,3639.834
7cfc4640878488ac9e9d084a072cac6d2b720b25328bbaa2dc1ab077480d2fee,2,4811.1065
7cfe79b7a19094aa8137c2640e682e0fd710cf7a9fd8734d4034547dfb750f00,2,7066.870000000001
7d0a230d0ab770b9eba8e102c486380a10e3309e3f223f38bb6c16f82dae8844,0,4145.291499999999
7d26e4259f6bc3d9e0c693edcfa0afc9d42fa5bee312d81ba5c84c71bcf17728,0,2484.2115
7d3ee650c3a9544f6ac1669dfd2b9e84a014dcb620e3d1b625e9eba6bdf6c6de,0,2198.756
7d404b1d0601211e336ed03e4d25972a682bde250239b701a34adf1dcdb62614,0,4052.0239999999994
7d448173b08c3193fc935912d74f1e15c5780456c5d7e8a7d747f25a38b5684f,0,2617.3395
7d4b56f891e75a6b9d5777553ade3ec739ac0edec44924583431338267f046ca,0,3135.1974999999998
7d4d48fe8279f23d3efaa4b5eb0c94e52c576155d6833122b6bfd9ded58b2bc2,0,6346.089
7d575d7e91ad234fe3e98f650026aed11fbf9e8fdc7db5da95b5b7bb48efcdd2,0,4486.8205
7d5b1d698dc25bd93a08933241be3b3b4aeadc58f871f2e1540747c434f6a291,0,8534.021499999999
7d6999e08af14d5c7a8741ab9c71cd14a125744a70178e3df93f8747823bd29a,2,22325.508
7d6a7ddfa2da273dc612ba81c75459f547b89ecdf3d1f279cb87d2af21700ab1,0,1362.2605000000003
7d6fd0a940f976218e614303978322d02027d7ad417b1530d78f603668370948,0,2708.7755
7d75c179851be6357d185257550dfbe578e32e9b47dc0413474a9c9078f16fb9,2,11046.949
7d77435935f325d1d96d676d1343890ccf0d354e9b427d0957470ff43e8272d4,0,1824.6119999999999
7d7c0b0cc06bb72dc6741cfe8f8c1b5f0403e32b6a3e1e2e9ff371d9e9c07d16,2,3124.9635
7d8667f324c92f283de1163055e149ef6949ae5a98f2d568d15650b339b1199f,2,714.8340000000001
7d86a6bc7a6826244ee7c2571336221562fdbf0e48ef877986602ff08a1c5709,0,2747.7235
7d8db383811a10ec7698269bc1b1c6aad62fbd81113f98568acefd5f4b399f04,2,17.512500000000003
7d92ce2f8d32f0086114210a35e0a5747b3749a4876fa73ea1ada4932211d480,1,4017.348
7d9419f76e06c843d0138161affe6bfbf6bd0f741a93e16c3d7653ddf3453375,2,6119.058
7d95b4de65e708b7f1076446f7dbd4fadc0d9d142318a59638620095a8bae14b,0,2233.4605
7d974d8aa0b3e459d50ff9f2dd8a1717d2c77af7eb74282ba13190a0caafc6f5,2,3838.251
7d9da360debb3723ef6de3b8f412703345e1fb89fef1a94518136c650312aff9,0,1261.6550000000002
7d9e5825caa906dbad0fd5547c1ca91aed28118e645989e50d25cf93d88afdf3,0,3063.4875
7d9facf5c9301f324995cc4f38c3b17f40613681836932ee49a32af047c079e0,2,4851.2515
7da27e965c6822969d051aacbee7d068ab2412a644a6d77268d7dd579465a8ca,2,3660.7765000000004
7da5304260527a1bf35c4a15b6b591403facd39cd773599fb01c33f6fa0f29f3,2,3718.2209999999995
7da73f325e2f46a90cabef8f85fb0e01536c9099d4dd448ded756e0d7800d244,1,12536.2755
7daaf93e9e18ff9f408487b33540b14a827df394fad42d18fd5895ef3c1fef1b,0,4779.432000000001
7db10dc22671fd60d2db3c4e3cadcfa88bd3f63c252562b24301870c5a424a1a,0,5113.652
7db14567ea96d60d2d47553ae4fc738e182eee4964176472aae500537b6b529a,0,6173.2515
7db40ce79f872fc870c9469d1677e1211aed2cbbfc7eac100efc4376d456fada,0,4699.357
7db7334907f1e426408d908fb80bf024e0725f36319fd0efcb64a3ac86d1d9f2,0,4612.066000000001
7dba0e7f052687156cdbc317355cd1e9187c2ef0f9351ef0704b36be85194f5f,2,1995.0034999999998
7dbdb6a01b3d97d8f6172b3e54c4b45602996157ab90bdd652805f8721a3d43e,2,3560.487
7dbe08a58397856f2ddd23468d37b4d74cdc29dddab431a5faf43a365d6b1b7f,2,3534.3815
7dc4751a5b931fad2f0173a6039481b278174adeea3fd53a5feb202ae37dd452,2,3555.3495000000003
7dc810df033142e978995f6f69f6f15705f295e3542bae2888b6aa3186b448f7,0,2248.02
7dcb9c13b98d21c02b13373d06e15fa367659930c57930aa671568ae7512f675,0,2980.284
7ddc6723c96785973e9a6e69674030e270179833aba2a6233ed9092d7ff2f6b9,2,4175.5095
7de9683777b729bd5af54b8d65ff6bcecae6757059f1a499f1a5c2b1e5d839c6,2,211.59199999999998
7df8c226ffa2aecab9b53d1def01d03ee3d4b2212d776179c9846a535d3ef258,0,7827.5064999999995
7df95f7ae6550012828de4a2705fdc699ab8a877cc63d1851097a5f4051f7c93,2,3585.969
7e030d15f970ad7690d075e9072c0efb671a134e41ca72c620c2d68d8fd611d8,2,14284.721000000001
7e068b580080bfab75f09372cb1d17cc4d249b5a2e667798421eb9f4bb09a755,0,4549.6875
7e0d05be3e0fc176ed406bf9b73c48b3eac495a54c4f926d3d6ead243ef72871,2,2467.407
7e0ec64cc835091bc24fb7a8223914ecc19fd68efad1a355e1d707478cb3ac84,2,10536.6975
7e21ee69c4bbd8f06425cdab29333b78f0aa9120855f63ba8e939d14e897ce8f,2,1777.8445000000002
7e2471e3606c2f62aac18e7b6226f5f66b5eb8388fcf4bfe515f33d6391e728f,2,1868.2735000000002
7e25f54b1bfa76a81738e914a6fc9702081cf1ac7d19471acbd095ff55e97e51,2,6404.216
7e2913528d3f21ff19fbddce79bca5382bcc8722505e2a658acb2fb114fa414e,0,2109.9199999999996
7e2cecce9f1814240ffe511c7c8073c1ce24a014870c0da2a82e625996d981f1,0,5900.106
7e43e027c33e40f3358981f12dbd7021045e2008a294ee09b35551d06263d501,2,2779.0905000000002
7e4e46c1539fed60f1dd21cb546f91cdec830283d7860392d5d3ff4d0dbc89b6,2,4011.1595
7e4e7c3b2b959ed43c71e65a86048feeb006887049977433dfe8303a49c8eee9,1,9953.206
7e4fea9e1fcb9ca94420a4b8dd17abbe7cd935b4237dba8d382f4de802e75d27,0,4040.48
7e51a1f3d20de5a24b5b594606fcaa43c162b3f5a341ae935fa232397c696eae,2,6198.4685
7e51ae80f6e9cce87fc0d2fd81f6d496e87c626b227adfdcacbe4e08c53fd7b7,0,1432.684
7e531eab5fc3b373ae3f704da63d6afc3136a2599f039858439b115b1221171e,0,7952.580499999999
7e56751cf20319452ce2861c05bcd6ea842640c317536fd4caa8884b1e6fb8ae,2,3628.1994999999997
7e5c0d33574b8c30f9952c1130bf35ab3b67bc9639589f2e31b4322ecc5a5696,2,6776.593500000001
7e5dffd76134a3860f549fa097894e94b6d029ed977505a9636f74757f5b2aad,2,2819.902
7e5e70e91765c810d0ee7275a719b1e8696cf3ecc803c4f83f526714b99f8aac,0,4011.3414999999995
7e611c4b00981449d2ab03a6e1839f472f7e2fba0a3280ac18f84dbcf00b35ee,2,5045.783666666666
7e692452b382b582c059787d9268bffa2489731c9e95cb2c2e5f2e1b217d1b01,2,6012.561000000001
7e6ad25a0a5e3db1a74b33e0836b9314e849136cd409c60ac54100b06ccdb82a,0,2684.9325
7e6bb9e1aad33aefa35e5a1d6a791bff11c7f41fbe7fd6389609811ce0a9b82d,0,11794.8115
7e6e0aeeb802ab9d7338c270c4f078471b7fdcea04fe8b260ef658a6124445d1,2,5690.941499999999
7e7635be4670216cfc51773cf56ffb516bce962fa0e441de18253c939fb0225d,0,1295.5
7e794492fc99136a8388fb3c2cdb3aefcb943f0ed959255a7761013a1b49da0a,2,8351.72
7e84c78a0507c5c68cd7cf069f978edff9b2b6561bce6b98c24d27d7d2fcccb7,0,2965.3135
7e8a97a29de7f1d743723ec6b2c691ff882888afca99dd7ba13a74f9a044bf9b,2,26.364
7e8e3afa395e51aacdf0dc0e1e177c7fbac57aba7224327f7f57d67c6b2838f8,2,3210.9245
7e8f5c906c7c15fc8b36434a448400859eee75c4b2d10dcb8494bc803e67618a,1,12866.863500000001
7e93ef02971b4a58dc0958f20aff8e01a8e99490ac84ba4c9817eb0a04715fb2,0,1846.3415
7e9eae05b1ed6daeb2f020b34fd971bfed59e16ab739a7dd54a2aa18421fb90e,1,10035.716
7eb24798015e502993c7998b6fd73f8ad7ed36cb15505a735b48bb7eb497d468,0,3498.8390000000004
7eb9754fb7c2e46c3122a535cd7e29e2588664f72c1533dd956579448efce6e1,0,4487.1055
7ec6e5117ccb26ca9c8dc614e74afbbdb874b1537dcaf1e2efd9b10a40abb84e,2,5620.227000000001
7ec718a748d391fb3ad15a90928f96029f05649632882fbc6a91f74bca538999,0,3376.0745
7ec7e50cf543f4431071542450c7e619f48571118653a9c3f2aa740f6ccd4121,0,1581.422
7ec99a667262fbbef48b767480b9a1aba300217fc2e4def6a71e213b165db19c,2,589.87
7ec9a41d428503cc4242c850022e44738be306b9e71dc758e728b14688dcaf60,2,4305.4975
7ed359ff8c13084bee70cf1403a3df5fa0bf05e59ad94c6aadf5ebd81c91e1e7,1,2741.197
7edbea3eacf3b1523e72d09017dc7caf8f0814563dd487b9298c6aa96495eeab,0,2125.603
7ede37189d2fbc5f435b9b2d4cf67ce5e378b5ce3cb20e0fed097351e421099e,2,2360.9835
7edfb3282e1b868d1accb0e7efa50d79560374bafb301f97bd52e62f473a23e2,0,3036.1085
7ee27089e913d0d611c0851da3457c20a7e8a96bb9fa7e95160b6b243dabddeb,2,1707.567
7ee579aa10f8dc97cddd7e4b7655b1d1b85ee0b6adb986da397e2d8049393bfb,1,8488.713500000002
7ee651892b0dfc372ca19b1e9f0b028fc8731050d3bac02fa2dbc53cd91e1f95,0,1608.6315000000002
7ee7bc9e8a208c46722749c1841ce16888c3aa63950b3e339ecbdac1dd01d7cc,2,359.073
7efacda5a6e9f89c95041d86fc638f35396ef478e9b40c2038cd81d436589d02,0,2022.4960000000003
7f027e2e5838755114c513b4824534f236834c2c2fd367e08a3b29c95f8492f7,2,4465.1105
7f0e9e5ecdc4c23ad2cda65f305525e6ccb10d55838d219484a0c3df1f5c59cd,0,6458.112999999999
7f1420fb1e977c128956e79d24645d75e9615b7f62f3d61987ed802b5ed3c29a,0,1749.0770000000002
7f17506b94b2adcb4ac699e8a8b6b6fa9c11132e72fa7ef9bd03733c3ce560c7,2,3415.7945000000004
7f1bf5d2564f9f8642f12dd75e8fdabb74f4d17d22d5f2943d6d7b791336b20e,2,3583.2174999999997
7f1cb1efe40b9bad71d952ebcb658ec50efb6aefee6120176c863b3343946e9b,2,35087.0655
7f226c6c34247df6db8d9e1327f7124a5e837c556bb7ae2debe3cf013bd32345,2,18612.9705
7f245e8d5dc8aa1d429ba581272b856d4eae18bbeb48782d1912014e12a9bc71,2,4900.914000000001
7f2765f033ffb0503f962f8ac54da53089ee2d0952f38efd9c5cf1a45e5c3f10,0,6769.893499999999
7f42b41f60c0a4299906af74fa4773cf302acc855cbcbe02f9e3742dfe39737d,0,4981.625
7f446dbe9dba07efe3fa3c7ca9cf22587cbb253fe9fb9c7c3e07d240c9ff3a12,1,19444.878
7f469e87863a8b76859ece50b6915be78ac7bb0041e231db1464e3f60ce8d524,0,2103.6105000000002
7f498dd4b4f3261b3077d9b2008af4ce281f1d62ec7b3ead7ce767c82cf0cdf1,0,264.447
7f4a765a977fc786037857dfb732c1b982a2c6dfa82d75d03e3b94c453d8238d,0,3437.9405
7f4b11f7ea2f452f5727db0fd60c12cabaa35675f296dd5af185d807ac5007f6,0,7702.8735
7f4c7ee2c5d8c6618a8f0bab2bd6449450ecad849ab2bb8925c8f6575b8c03a2,1,18489.325500000003
7f6d898b18ef20e5aedf078ddb4d6c5bad8b7e3bfa3bc5520c92c131fed08d84,0,1475.6525
7f72f651b3e0fdcee531120eb2988f20e6317131a7b199481f83f4c4be7d1369,0,5105.481
7f74f3643366149b0d6f1c47856c4f769447dbed32b09ff9bd5ac9b51d64074b,0,5442.27
7f7899d49545e5312403676642a7727ee3617258045a1a79d72ee5c838e10b90,0,12459.268500000002
7f7d096eeea01c2fb890ae0e146c3bad2b8e27cd19b18426b2f6e8a7791cc52d,2,5875.876
7f7fa10eca57a3d47c348f07d00a3110fa5b598ec5570987ed492a67a5e9f246,0,3549.1530000000002
7f81c7304ce9f228f8d5b43e14db545b1965c7d24d980de1007de5545ecf14d5,2,12299.1
7f82ddff2ddb1c4c2e30e4e919c45816046a68f13b7e8796e6b91a998619c8eb,0,2377.5355
7f85fa1dd824f640b5f35e6e29e91812b86fef8f8ecaeba4d0586d07d481fc58,0,590.6725000000001
7f8a907d8fb240dcd869aeba6685213a8f79d1122f2b447f3d9e500079d0c3e4,0,1742.27
7f8c526ec1f42b91fe4be10a32498b998f578c418dcf75f62bfd527cabb6baac,0,1525.2224999999999
7f8ec28a8b55566873e2943ec598f3329715d72171566008ab1a0b6bc531a8f7,0,3353.4995
7f91e9b31a7f8aa89fa619db73288798f995f21a7e3582243fb5d0bf5d3d75d9,0,1981.8249999999998
7f9d657b4ddb2b80f961274c392fef746801503d9e8dbb4627cd06f83ce10968,1,5976.045
7fa139a98a8fe2ff11a8c683852f07c033846c00b14881e1947ca06b32722ba8,2,15478.7625
7fa822920714e09d4ea0bf91cb7b007c7950122e59c52beeb07d2293a30cf9b4,2,3941.7415
7fa96e71ec2b075c031c3ba200e06085e2456765abe931a12a965ee02397397b,0,3940.1975
7faaaab880d104b469fb2ea4305ad5bd2801abf5f65ddc85fcf2bde32bb96193,1,1415.5420000000001
7fad9b688f7149ae5d3790d478c3481811dd795c4d8065f280aacfc96b064ea0,1,1932.918
7fb1b602cd60e983cab40dc0e85dff6008fff462fecbb0cf8a0fb33df2711b84,2,1554.1730000000002
7fb33878d9a94f849639418f943f6dfccd95ec1fc725b0940de825e797d96341,2,1011.6595
7fb62e316f42285285de7e820722152103d2758a08e54387c376fd73cab716c4,2,3730.2569999999996
7fc661e628be481d95f5b856eb319cdb08a7d503e833b0866e2c267e5f4b2971,0,1455.8775
7fc976a6396805b44a62f31f1494211f9362c9167b6f28dfa753a15c8557de78,0,2895.9004999999997
7fdedc0ad29b028d252987da72152abf894621faf2629b7867f31fc8782d59d6,2,2332.1285000000003
7fe36fb825b058d78aef37b78f30a724b3ef7e685d0dfd6136462182c273ed80,0,5621.051
7fe82235614a0988a13c89d72fe7dbf32647aafd7e5ea77d3e5ec73547590a84,0,3125.342
7feaca5420a5b046b33259d42f45ac7ab84aa0857c7e94db49fd98361a91caf6,0,4775.481
7ff09434c8287cb7bcdbedfef5bbf168f9fc31e96fc38c62d8a7b8a986c1d009,0,1313.8745
7fffe0c7041f4f4c277cf67f9c2aa66aacdb7db2ef46c87e3110a29db087426d,2,3430.9055000000003
800562f66a355eec5a56c1d8802b5e19a36b7a8a8d5caebb6ddba502c95db73f,2,1121.025
800f9222b51473b9fd96cf8f17aec116f0e164f5e75fb156ebbfbd2d9ee10aab,2,6713.700000000001
801616a950c0a0aa5e911e8a1c237bb991c61b9bdc72455dc037f9c65c4612da,1,7900.1134999999995
801a4bf1ab64b3c9bc8e38b59fd77ac95bd5376da616cede2af7732a47f3a49a,0,5372.044000000001
801be1fabd0b2cd636f2df73f9cea8fe1125e6640458cc53aaf8dcfd8e206acf,0,2400.4115
801c487b9effbe1888d0bdd124f2e1b5c39e488f83f890e4734741d2295bbfdb,2,2307.4375
801fbef4b7f4c19045acd843d82ea9b77fecc8bf8ed2849642a7c0c25356b56d,2,4322.429
80218bb06dfbfccedff3d322b0f84cad515ce7be90a3791488d96a49e4982f5b,2,3116.7495
8022b57106e432bba66a77e00da2e401d5dd09cd16025ace4f59449e4dc0acf1,0,5136.383
8025af0dc976c8272821e3e75191b67a2dce6a463ab628a3702c0d55b8ccff2c,0,1781.0839999999998
8029d63e7aa54291fd1ff8b1f5cb93ffdfa6e8f732163966f9ed03af6566df32,2,742.7610000000001
80322e23e2ee49907010c1abdbad67769d2f26b17c2c5b1e5c0a9290cfadd5eb,0,4282.708500000001
8039aa98eaea43b01fa3a0320f01874a3618788a0715bc1901f24225f92bf76c,2,1048.5220000000002
803a9c6432da6983e1241299f254a443f6051b0d2155402bef363a4dc5b9a603,0,4518.0914999999995
803f29c9deaf1eb9f056a0a0fce59360be07d02556abcf28ff96f130166fb317,2,4467.379
8041d039dd62a61337ce0bf1489caef1fa592f7446ab3423d8e61ae6a1e6791f,2,6973.8585
80439dd022e31d2229e06533ea81880cbb9164ff6cdd6d95db5e2c9fd93383c0,2,1855.423
8051bedfad5ba4adc61d3568e5d5dc801270d68fb8f2bcb8905a62bee8ec51f3,0,7391.706
805d56381fa31dc1013bee15c6117557f1be1a2dc7f518a5d9fe62ec2bc74f4b,0,1585.5385
805f0f9593efefe51857b4437aee556255a2d0e492100ae8e86f464b098e83d6,0,2182.996
8060bdfcb52b9c4f4f0b5eea9a79b083c5273e9e229380c544e7d786094b9efd,0,3907.7475000000004
80782ab863370831d8a4df93a0671a60311fc51ac1096e96732ff91683afbc51,0,1653.633
8086926df8c231f7723599cd1882fd5fed8f0c2c30727880288d4330c9099fe9,0,311.906
808c87a9d82f70bb929240d688dd4d18d38dab255b0a6a31bef34da7520e1cbf,0,5767.7474999999995
8093265a786bf7372986f2700b41b07c440c68d7d5c78b7addd9fe906523c94a,2,3620.4085
8093e9632a0fa52d02d623f2ec16a7c2a0a1a3971a3fe689e0635dd86d873aa9,0,4118.0555
80a21d59d51899e4f7ac9258aa3391728ca8613622fb19fb8d26389495a4052a,0,3462.893
80a241d7e2062f716e4180d351b6ce3c06f29f3086475d17f2b898dfab25d78c,0,3188.9565000000002
80aea9378bf936c784df2801367c4cd79cb3083426ba1f8cff7f23d1396e8f7d,0,5909.1895
80afa68fdf7511719bfabd609f611a6a97e76826fbf520d271e4126e5e801cf8,0,4352.7919999999995
80afdae383f888c4abc0f7ce73a4587bd11b41258b1fbb4d74d1bb23abb0fff8,2,1704.9230000000002
80b30c85c6679a4fce40e175c2535b239648a165440d97471547901f48812170,0,5647.115
80bb37c9a9ec5c068673f81841fdf3f1b7150df9734b750680235d4f12e14e07,1,1184.1185
80c1c4c5a90131f695978b3c2db235525b17e8cee8b648fec1de46106f776587,2,29126.6645
80c3b3bcb8cf4913e4145b8557c3e2b80440ba02b7466416281dcd55db1ddb59,2,8212.0365
80d81430e530e27714838a8ada5546bdd4fc6f5089de4a4e2270e386f8cfda9d,2,4574.1295
80d8c499747d03943b9f6889742446737a8210023fa5f6c13d7f9323c8e5a368,0,495.7345
80d91883f5acc1e6d54ac41f6f60ae894a7ca0ba88ba210c80aadcacd47ea160,2,1027.0295
80d96612acc08c3766d51bd94aeccf4dc2da567761ca74a667eed188c3a92925,0,5553.4805
80de14b1a9e68132192a477c433046cf1874937da86cda21a167146f3adbbfea,0,4831.519
80e22ae0a75602444ecb81f0926c63ce82539a87fbd76617c14df2596378919d,2,5344.588
80e6781453ffe58fafd551bdd335de1e625544e72f9f7ba56a183835b307809b,2,5356.4555
80e6d02bda649a8ea9bf1d421cc553b478c76617a4e5c4573ed14d4879a1c398,0,505.2345
80eabfe7fb2f3af7cd2932637533db108471cde69b9d446c032c5d3e07245690,0,3622.7845
80eefd2c0cfe860bad549246d538a3e68fa031b695b14239e563a4c0255c07aa,0,2043.4115
80efc322dfbf0a4361bceed1756538d57d749080352addaf4288faaf1d0c2235,1,10933.991999999998
80f0696966c48a5d88ef8c70a0b360b262fe6bb70ffadab653a1223d57130028,2,2903.9750000000004
80f3cac3ec91b91446c6fc65802d08da06524658448474523a129e5184319510,0,2624.4925
810483bfba896eaf8749b97b2d0b0b9bb5461bbb6ddafbc64c54b6bfb91586a6,0,2889.677
811ccb7c1ef575902e95bff1094c5f99d640e148e5addca2ff8cf62aece1fa2f,0,2843.368
8121e97415b410fa8fa0d0ecc8f98ca59fd44ff372a8c22ee8c810ab23889905,2,5187.396999999999
81362ed9f57a14ecc782bce3bc910d18c17b01f3ad1c3be8f3687b2ff54f380b,0,3740.3355
81385ab4c5dd153476e93b0736b5c5abee2bc886d5c3249ab5136b00c12fb83d,0,923.5220000000002
813fafe97c8f882f299f244d55527aee148c402bed30bb83b6722cf73d6d7e67,0,3526.0585
8142cdd3e488e60b5d62eb4b3f7e5638e22a28403aef6a28863032b64d865223,0,4997.1165
81430b9c92fbaef659892d1c263f0fc41c68f19866a448aa8765a3b6e425ccbc,0,4662.3085
8147eb4dc5560dc5e3c5184a1e4927d35aff68b82e0bf5aa30365c492f84aa0c,0,5039.9395
8152232510bbf5a16c427a24fdc093c1e7f333dbbe651ead559b4af2dadfd1ec,2,1447.221
81636e8917eca4308a2df0309ddf9912edc881e23152453d234ba2357ad4f2a8,0,5421.168
81689b483f4ec961f7521da690312fffc237d49e32ffb4e60b53e6d269a40670,2,8199.231
816b9caffb9b9ec57f6f32969d5886b181c7c7d6861a3b6e955d8734a1868eed,2,5948.4025
817591c8c39564865c5b22c0125d1070aa902772ea1096b9e6d6b86fecd7862f,2,2934.897
81798441a11d1bbb0244ee58e1d28da94119b37a32103d69b1f5acc4c586aab5,2,18101.288
818985a79cda25dbe7c748d7f52118fdd435bfd666d46ffc5a7935e499c1b85e,0,1814.4740000000002
818e2e65de39e0e295ca6edc4bc7af9f997cd5b8faaa15fbd963498f4d4d5c29,0,7803.1705
819f0f65225a36b4ac0166febfddbe9075ee7b4f5018bed611959fb02ded9a5d,2,4450.8279999999995
81a3c15225792d150aeccaed6d116edefc35ead82ca44887c5369f62116daa9d,0,11652.735499999999
81abf5e02e6fa741ad61eea8a7ba214405b9cdb23665cb56b70e6825ccdf5cfb,0,4304.5064999999995
81af375abbeb5ab7e4c556b66432198adc96f7d178b026f7bc51db2cd66525b8,1,5400.7029999999995
81b3e950221c9cbaa66e65273f09b537bace7e996e165dc16a446bcfca280010,0,2682.6345
81b7f705486504234f9b65e8ffe8c6de21146bdc6bde60035b10de072418ce6c,2,1382.9379999999999
81b9e2091fcc840e342e16060581156097b233e3b24adf5b0a4b98d5e3c973e1,0,4304.115000000001
81be73b6dfca9772ad2c0ce78d76e4a560a0ab147163ecef73fd788d9215737a,0,3920.452
81c6908bfb095011d46c9b5d9d3f86dcb27023319067fa48551ab9bbb5a72c75,0,1149.3795
81c6ee35a019b00de6699b07efb9f03859293db862836eb6939e8c0330e12713,0,1420.402
81c843226dbe9c4e3791ab5ffe8d11736732b2e99d64936537fc47c574c31b70,0,1976.3755
81cce37d19fdd140e784cd900e9ddc8648bc9d816ef47b31a55a3f1f567dd5c4,2,1699.846
81d198eba009aaedfa5c737c3ffbe765c362b5bfd4eeb80497b1e0ab76daba83,0,3711.9475
81d1e5c74e4050248c159ca1ce5e2b7a3dbf0fd583b6a34a8270fb17647503a0,0,2461.0550000000003
81d5d30fe7fe92f6f0e49e8e118d1c0fb3b3a45f26ac018ba4c18bc4c78a98c2,2,1245.0484999999999
81d6285ed9743a0912d83d672c2dae2891189908ffb5e700e5cb3937a4736e31,2,3458.211
81d98c881176148e62d55db3fa97c41e8e0a4eac6c01bc3b9adf4113624d36dc,0,6023.9895
81e6697d2a47695f20e1d4d2b3e76e2fc129ec4cd7b03f55bc8af6e9bc10d4f9,1,9134.296
820281f24472355c33b57d876ba2995451d6141e4716c54b92e33f034fdac9b0,0,4201.1345
8209fd10e36fe5ef8aade7e7104657412f2efbd6d178b7418d9878019388182b,2,3183.1765000000005
820a3dd3d8a0b47afa84f1e04aa9a71acf02d588d2a13d095ca2972a6515b539,0,1753.6365
820c8d263e042560f2d11ce47e212de27c62270ed9efdd77ff61e170a709d12d,0,3117.6985000000004
8227013deed45d5132097a657ed3976a541514d3dcfb29a8e1d71590a3ba0c64,0,1954.0330000000001
8229fc02c58435f100b3aa5bd4ae4c6478b81117910897a7cbf2b9ffb680327b,2,2168.658
822a287a62e9eab36edb81690395ed969ebb8349d7103b70a244430a7e235c89,1,11636.228500000001
822c0d4b43b0c9c167d2f0e4ba5bc7ea2cfc40293384090d48658b6cca79680c,2,1673.8075
8234d046e36ec788dea2882531e09db8f300842808a36c9d699377b63665de07,0,2296.6035
82368aa930b4f0952dddd5096540016e8a0a514fcdaaa74d650482e9c24dcb6c,0,2800.2985
8238345599bf40777674a73b22d953d4a23900b78a95dc74ac51ac9cde8313ff,1,5238.7245
82386d11d91f0c9fc2d09bc75af776b68149b6bb10bb9a3d91dcd724084d6b73,2,1059.7445000000002
824b9736fd7030643ddfff4e821792f8200ff6dc1178d3bc7296a6d39cf2357c,1,5496.1705
8251287b37dbc66b7fb1e6cb3196a7b9419c267523cb566f3d4a27b352cb8207,0,6226.909000000001
8251c24d5d85e14b01df78750dbd21dfb39c38895b1751b5fe49cce7e2238b40,1,3969.999
8251eed845714532652b75927f65994157669e857319cc47c32e2a7bc10be227,0,2281.076
8257061772f7b21f52a491da087dbf6baa64038e5d427336812d026b6cb18350,1,7015.2035
82594ab4e6cae6c9b008a63771591e9c05f3f1aa60f67e0d430206751969fff6,0,1756.2665
825e88f4bd80f4ce6aacd865cf3fe931df04f57216ee59561df3e1f69302ffe4,2,1143.0529999999999
8263ff0ac87dce7ecaef4f509408bb9e679eabcd6532ac1290d7d384546386e9,0,3809.7664999999997
826674f9bf1e12e38b2ef26c6015045a66c638c6ebb32179f27c4706925f355e,0,7902.478499999999
8279ed3d76f610a355646047312f81c455eaf318a8120c25ca5bbf0654ab5e66,2,2033.51
827a4263f41073c0a5a9a59bffc242dcc5a7baa8703bdd9a46102142177a61c1,0,2555.4155
827ba30c19266b7207c810c2ee8558e97bf83c0d09ab4e0c000d019a3d2857ed,2,2975.543
828aa1e9106631a70dd4454ab51a8b52265e85b19d0f5fa71716653ddc6e3142,0,6923.646499999999
828c2e2a87eff8eaabd8523a0edf003740b2e4e4f10fcdcb6a28bf2e0f070e13,0,1827.1405000000002
8297b09a8ef7c37d2bcd8e0ce561167b1062d9fc30a4fa2eb168b6a6e2f6c3c4,0,4211.823
829c78291ce7c02eb059eded775a2c714fd7b59dab3cbcd06e3be4ba622427a1,0,2923.8700000000003
82aa52ee5df0096c376f99c0fb9bb486320b53f7b27556920d516b6be41206c1,2,2869.3005000000003
82be1f7167edb7036e7528a5f4a60d1e3ac14ebd487b5c57c3d393012493218d,2,21490.603000000003
82befce2bb180024a3982ed91a9a0d911c70cf5e8352f1f3cbf7f28022e635d7,2,7335.398499999999
82c08f69c27be0f5f40948343a36f439899968804cc2913d4ace80fb129e6521,2,8964.821000000002
82c7171cc5897c51ba8bcce4d536ecde014b6e6ceaeb25762b675288fb4b575a,0,2216.1035
82d9690b6c336f7c1918f403a4c675af58ee7e1737d49121dd9d5beedf0bc80d,0,1431.325
82d9c206fe8fbe136800fe6b06ab62cecb3f0b77ef54e25bf9a59fb45155818b,2,3442.4964999999997
82da40a01a5173c0f59e9e5fe72356ebe97576709a60cac20c31d5b2cbffc57f,2,1818.2375
82da8f0c14f913451d555c2cecc8bb734b6ce721a5102ece98661b773157a250,2,344.33349999999996
82daab9c033f7456e0d270a2934a28e86dbf8c052aea246bb976aa8c7850aead,2,4903.112499999999
82e3808a97f800f5c0d72396b374ab63d8650a3e7647c73be6a9d6587ed100cf,0,31.304
82ea6cd88f6606a6b3a1d14ed935a64892fb55e4ca5cc24fa43b830cee25c40e,1,9502.4775
82ef0f6a8acc2598ec35d3bea160e3fc67bfeeab4413e20c8fa22b150a6e1ca4,0,5660.220499999999
82f9dd387ec94fecb13dadc54f0ffaf1174ec68e531589b6172fff27aaa30fe2,2,1646.5895
82fdc4388117247a481d83be8b9c7d5d77f14b40a7c94380a0f807c1d151822b,2,4538.538500000001
8301fd441dcdeb418f0db7fa05a685faaac76e5431f081580d0f3087e047d2f8,2,699.5184999999999
8302665ab921e1c6bc5bc5821b6c8ac81157592c46781fc7cc42c93dc975f630,0,7780.842000000001
83043d64d46cc9414af82483f1fdb7659d8f0a0ac27ab27b0454fdee2b025b57,0,1150.6190000000001
830939243baaf4636bcaf840f82ad615b2c4e6a6c6bb0d23362f28c3956e99f9,0,1043.1045000000001
830e90c951d5c73e84ea32fe948fa4d2b9c4ddf1cef5a66a4427ec13f4aae7c0,0,7937.541
832109d31380bf82ee3831c12b1dc74a309f96acf51ed5c88d7df480c2f34b64,0,2702.0685000000003
83249238609883f53e5daab9163638a077eb1d897d2900a0ced9d01fd47c5867,2,3480.184
83252af732c779bef297a413f3ac1c96f7d5cff3ea16150042c2c0f541aaf286,1,924.0005
832767c8be9103cfd16ede32cf8bc549ce2430bd23e6f2200a31c3b2afb29022,0,2208.8565000000003
8338e314f095dee5856bc787222dae75e8da922c469bd9f9af1e19810bb01efa,0,2251.619
8339a5b93ce330909685854f0479d6543089abc78a55e519f4ce13573b315839,2,8099.965
833dbef46d80bfc3c5c91cc6c30e7f000a76b7267f5a9936a68c4e739d2b8536,0,4594.8245
8341d51e078871e1f7f04e4f5d7b0871db7bcae202a341e04c290e4aed44b25b,1,14572.015500000001
8342503e18284c0928eb8a9626bd7c359a8f5532f3ed9ebdcc21ed2cdad854fb,2,1340.818
8363de3f135baae4aa5fb112fc37d40d5623c4408a6dc76c225489e363672003,2,15444.708
83644f51664896d842fe08b2a40e0126252bfa67aa3942bb0acc3c0a2778c808,1,545.2335
8371a0af6ea961bf65c2b549d35365a567667385268ee814611aab1bb1816bbe,0,2958.6265000000003
8371edd9b02bd168267c2a45de21154f67d25f2f1c0e84de5699c68e520f10d5,0,2141.1870000000004
8376fa5d4a7eea37f58cd67d5801ef0342ff9e7150388ada77747bc87d6f11fb,2,8020.526000000001
8378e93774198ea75fde03c7b7c9ee4d013762279523bc04fd962764fb9ad63e,2,0.047
83802401e22f74e4dde842f8e6f95e3f085c368a1e4c3435ef36d31970d7c626,0,4561.9455
8388a6c56f665635f7b3a1b14b11163855ac04a18d636bf100eaf15d29a068ee,2,9581.3485
8392b94d0f9093af4d3310786d26730005be46e54e393b59ae0027aba049dea2,0,1737.146
83966ed1c793e16cf37e114c7ef5772a587bbe334f1505a4b6c348c8eddba7ea,0,4364.918500000001
8397ea505d2ef9dc0195caaf13913ce07ef03f6a585cd71c26e6ee649b9f32d6,0,6577.755999999999
83aa98c321e750c40fbaf21ae4c8c57ad17725345059481fffe3c32c942a6920,2,6405.3315
83b30b6d1b7600b474647e4874fbcb65223d8f766442b737adc8140261560d85,0,1309.465
83b5219f110b51467f8cd886c767bd84671ef1f53ad60978c1558305ad790abf,0,2501.553
83caa477c384d3f2f9600505edd44f22204a14a0fd49895c5e31c668af7065b1,2,16432.2725
83d07bc471d7cf86db3124e4f95f93ff2b800bca5bb538c742705e3ca4a375e9,2,1854.052
83d76bddf291efef3b98a1279df4e120b20047e3e631505415d01e8c95fdd3c3,1,4092.6775
83dc207d4d22a931c54a1599dc92e83ac3f7213bb377e616c9b1bd96a78e179b,0,2400.669
83dd592f1c0f2fb1a50fa23beaedf5f4c3fbcf3b9190b41b38db023d1708bea1,2,531.2460000000001
83e6c5836af00d00638b0706f13cb058c8d1b71567ec0bc3353dcf6609800d30,0,4707.7935
83ed602c8c1c26bfcfacaffde8f2f989f7f72237fdaec4f109ba0cc0d8427ad5,0,1801.064
83f41a5218d7843dea18b03ac6578fd05ae149213a9d10a77c8c822e53f0e98a,2,6762.6935
83f436014059f19371481784e19b6bda2f1706b8829e213c52cf724644522f65,0,5339.062
83f486be25dd9c8968bd9d19b5e16e187f6efd551a7874e0a41a223165df6115,0,7435.1255
83ff2977888f826e7bc263cf682cb95a9637bf0070a0386d64b7b0bf11bdaecd,0,4055.194
840694623737a7e8a122ba6618580666fcfb52ac12ba97ce5b8fcf433b90a77a,0,4888.6669999999995
840940bb6429a0df8bfad7ea75cf60ced848cbedd1b96e28f191db2cbb68c9be,0,3610.5334999999995
840b8b4aa3a5898c71c64c747f081764e1971369580a311eeb6730add0342e4b,2,3364.5215
8410fd1e46045caba1d76e6fa46d6373c4186c0149d951bbbe659155d22e2e17,0,3182.5690000000004
841d908d6e2769e028252f0e2877501c0dc71ba7da2d1bb661b0f1b5c5bda15d,2,5374.3345
841e4499148bd902cc327bbc92ee18f6f6c7fdd4b044f2dc3bee23243fd32a29,0,947.0654999999999
842582b82d145375ff139c77a8afbdaadad5a6b292c9b143d859c85ed51dc006,0,2767.236
8433c1cc3a8d208bc645f809656be85f19e410ede0972136bf1c4b5de4377305,0,14721.391
843df37a3018a07d61e995c881aad00d3828134b5e5d6e50a293d226e9d70a1b,0,2671.2274999999995
84447919eb3d62cb5dbcd5b8b8136663590cf14d6f435844f7b40d78ee3343fe,1,27422.4225
844aff9c323a41c0676fda8712101c281a6eb8caaf593aef63b204b85ace29c0,2,6417.8235
844d46f74babc04a811a2cfa00919424cdf76df75ae36fffb19810ecbe1c9120,1,560.0695000000001
844e06ca093a0001a6b9d19c5de7589dd38979398c029dd4ebfb444b2d3ba2fd,0,5407.816
8451a71cc6bf94be89d0de5cedecd6143c4c9af81edb675d7f75701512bd7324,2,3637.0795
8454e176eb180c4e3a573b107285147b5bc64224ea7ff170bdda2bb2ebeaf6d7,2,3118.0625
845bfbeedcadbf99a983eb557a711227a3e35335b0f6643b0f824f91bebcf91d,2,13288.8985
8467cb0a4bf12bc68c14bba80037649162f6e3273ea3c4159888643350ea2103,0,1562.46
847202810e2bda8341b0a9928d2454e63c75c87f447d57b76fc4abae58b81d9c,0,2503.3030000000003
8486ed7e2e55a4e4c8d01072f3d66fdbe425a0e32b439e6b68f75310cff8edbe,0,3054.8940000000002
848d0e4dee2c713850905478add30c6ba7c9631442087c1429dbba73f843e00d,2,326.01099999999997
849a5d23654a537c9657fbb012181e5c9057c85e0df02571644940f2d4a3bc6d,2,3349.2881666666667
84aa458e729a7b3964a1581784b74d0c5ad4e9205446604e2b1582c880f467ee,2,6228.953
84ab8a34ec42c22a0ee2ec82b67c59d1852c2ad7d537b03fce1e89e660a03561,0,3713.4375
84b32abc3942c4c4cf1ba82af6fbd202a24dee87e23daae478ee191a758cf0b8,2,5365.4915
84b90385bc61fd807dd475ad5d92edef44ae47771a1756ef3610ff12df023841,0,2642.4280000000003
84c8ab47f002598d408c1796f82a8e9f70262252168284f9e425ce1221e23140,0,3277.6955
84cb796d5150c1cc39af15914246dee287cc39357f271564fd18ec784eb68c21,0,20297.447
84d092ad290147222962e2fdca36ea35d46b0359fa9465a58f2a78d741714b42,0,2722.545
84d10ab14ea138831e699fb6292ccff188b2b4221567cba5e63e67fd61b7618e,0,1455.928
84de557cf0cfe6e7d51459c5bd38467b2c0007075ff5a0ae62b79292165da427,0,8547.055
84df856d92afa1e0df13f7cc9c50ef0e043d3e1038724e006a5c3f4bd845dbdf,0,2262.0860000000002
84e78a871b1c0183c0e812f76f5b16e1103ebb59c4b06f7801fa164e7438e9dd,2,3293.9685
84f4831060040ff215c25d805d09ea7a508dd2c7884d9225168730ff7c474923,1,16583.2735
84f5ad7e78786440a363b1e8d628decf2e5cb2aa4af0913204308aa760cb67c7,0,2393.7834999999995
84f5ce2abd146969b51d4e8aefe344ef0099b43b2fb4c1462397fe71b7d61c71,2,1608.2505
84fd5e23457106319f49e4d3b3d4a26986b232d3e938fb5c4a727ba5babc3683,0,4436.6975
84fdc9ddd43617b4c3a7d35d401e4c4ac63c28351afe78f724b08ecf92dc3e9d,2,1448.1715
84fe844efdbdc6ec2f8327155dd1ecf154478ab99f3e1c2728169e7232d67d9c,2,3793.0781666666667
850b87c841ca91173c0d6ee5aef250f8333aaa3135f0cb0c3903ea42727b18e4,0,3064.872
850b87edb7a05284469da26b320612b73da58db9e435039c9c30aaca50350dd7,0,10862.929
8516d21d7af8ae48986ff95fa00b04a70e6e21b8dce6c209e07a27ac161f5f18,2,950.8620000000001
85189db695e30410cc5461d5ee7db596ffc0ce28bfd2ad9fac986ab499fb6dd8,0,3948.3275
851b12c04cda55b2555680a18c1d11ecea73448a3fcffbcae0efa26148d79081,0,10506.6405
851c4e51db7fb41e623d413160915959daea36c404d6c8584723304f08f89896,2,2307.6605
851c97f065ab3587c9af8756faa5293887346a57c4c7a839f75c7893f97591a7,0,2841.901
8522562cf5059316d023f957bd99befce9d5d259df6274b8de5165c02ce28c30,2,1897.9355
85226b3acc0b9003aef8ba03f2e8649c34ea95670b1aadfd1a5af22064553497,2,6193.37
8523feb32623136dd18cd499638fb2060613667d263ed4326c0b7083ebfcff13,0,1241.5575
852589f18e6db53612426caacd35f49b8ffbcfdccb3b413f5800c4d26817b80a,2,2762.5460000000003
853283c01e002f6fa4719602b66cd2985ea41d4bb1b9645268d8f252faaffd00,2,3676.9680000000003
8535b16db4ded94191e095d6863be7cb8e4e53d4d641ec72aada114c3503078c,2,1876.5384999999999
8536ce6c8cebd078e2b11bb112434026a99a085365d9b01f9d66cf3721c75925,1,1054.5565
854640aa4a73ec0045396ee17237df3258cceeafce14c3c9b10c109b83cecd37,0,4108.0165
85477ef19380eef3f1773e3046d809735941f4ab64243a701444afb6a7a70b43,0,1587.1850000000002
8548cd50e79c3f174174e2134fcf9cfdc2ec2b52999121cb32c8a187107f5717,0,2981.3894999999998
855363814c9537f24c1555a3dd473db12224fa72a938208df4a35d90e7db824b,1,238.615
855dae277f496c171c28cc5dbd631af10780eb6521655d6081a85a772ca68b81,2,3654.7160000000003
856018deea33166026bd2eb96873f8590801839fa562397cb3b5d1ba0db75264,0,2509.8625
8561135d292b8ed17ec9ace15272b9817bf92b217a4b4dd5d7637081ed0e25a8,2,2315.6835
85624baf370bd4168881fe35cb9dd1633c150c757c23ffbf252b6c2577780990,0,7103.290999999999
856d4dea72b6495c6e1ce3d229abd2f2a526fd8019fa76bc8e3774d45da471af,0,4844.93
856ee97f86feb4acde0401370645a14cf7a5815127e7c734e5fa0edc04d7b22d,2,3306.0665
8571984246d59da452f5b86129926d9cad7338400ead5c90cf06481aab8ac04b,2,4034.3035
858234802e95992ade13dd11dc09a533f731c21e17e3407a6396c50ba1883901,1,14668.818
8585827311a661a25c6ad18a6f5fdef5243d88771c643e7e4062280ed5c36c49,2,5144.7415
858ab96fd27e8acbfa81a8807f7165b084980acda5ba3f08b8ecd12b1fe82195,2,2842.933
85919caa28d8cc115e6b8e00c771cf84eb4035c6fb9b2e140c46679b29edffac,0,8295.348
859e7cf68152892c6e3395e4c9907f897eb314cf5a913ef31d57969556de312e,0,4036.651
85b324dcaa54e5f718930cc0b114a46b58182767774780c358f1caec9e01a9b2,2,6012.019499999999
85b73af66786fb1caabdd8c9cf594acbe5b83ee928cfd5184c287fba4a8d6464,2,4509.6965
85bff747244e3138de7cadf02c0378bc9d745293574f40766f45c4acf00f8ab0,0,1366.3400000000001
85c92e027a386a41a3ddae9b2cbdd45ea062eda9f5e82d63cf33b76e7af26ade,0,6994.879499999999
85ca6990272959f1d8983c09d5b3b5119486573e92e3a1f2db6483e2fe32951e,2,3107.163
85cb7d82b7abe074892f52bdf43cb559acb624ed5649ac129fc6af033d01db51,2,3426.678
85d2d60a9a6b1bfc77e4cd99280061a3ea1d531de66db0cd76f70a40ca34fc20,2,7302.897000000001
85d4ed1004a5c7a98d27eff8c197c3b6aaa00112a0d9d529478ad566ce0488a6,0,176.05800000000002
85e9710927a3d3d60088a24ca0622e5fa6b6387155cc55f7a64fa72e4cb2dbb4,0,1548.9875000000002
85eb243d4ab6a36e973645ea642be5b3a7df726d859165e5b4ddf156d61e0352,0,3642.6455000000005
85f5f293a1a807643268ef32db4e980453a9041239cbc5e3ca234c72a438f93b,2,3491.2649999999994
85f66e631ce6add57b8b3e5df598d998a8129daacbf44b974d4fd616bef8b2e2,0,2148.1895
85f7e81933c28a292a3df87ef041ec0e877635c01dc0f83689e74a76968ccb24,2,2103.085
860782aa5268f308d9e4cefaa31e15cf04d29d2564cd6718885e74a2a3a336d2,2,2241.5550000000003
861a8db0b51b696bdc38a3f701bc7c2eff4bcbd2dc03c0fc0053cdbe49f513c4,2,6457.9884999999995
861b274d3263eca5524fef3c812b2c8ccd01e6c4bd2b758a0981e37008199b75,2,8608.229333333333
861b3b679ce5e3c8d95877723b71fd0b95c8f9b27a34bb110d0e25f3f6977ce4,2,1807.9685
863102d3e8f14838bb6365d383d9c9fe9d28dbc85415611755e41432de1f5e73,0,651.6985
863c20c608c6a1144e42fc681adca369a602738b3e87b506f317b61f77e77194,0,10195.329
864f79431d576b6a05ade098d7196cc65cbd9e9cad3501b091d3bed246872aca,2,8614.7255
8651a917a6ef9937172990decdfc73236415529838927e218e4abe3f3e159328,2,14309.095500000001
8657bb2f90c63841aa717d5c7cce4d8852f74c813975f3b082c141f4e2531815,2,5572.403
865c426577e556e70749a867b2f12e5b1290926a4b39ed296f5c93af08f45f30,0,1658.4699999999998
865f65bac22faf3dc0652dd52c7da819bd057d31ae74724f767479cc9f969927,2,1766.2285000000002
865fc3967dc9b5d3d691e5eb899e57ce1135705cf3563b0bf8db74ae19dd1a63,2,306.77950000000004
86637e175209aefc2da8ca08c52e6a5f8b712069a12b5def1cbf0a555a89c873,0,3398.6769999999997
8666c7e74d833af497bffcd1a034a28a9763ed3df303a7895efa9c09c7b76a22,2,347.841
86679a3f03431bab3be30f7a2ba8adde2adf4a54261424142689042c475b587e,0,1183.8555000000001
8676100f42dc962dbb01a97f914fbe928bff9d745ff8f80ee709e8ca05487c82,2,898.2230000000001
867f6e35cc7d35f174ed7f40154bb99022875223449f52d4dd80497c90b46046,0,2107.5395
86842ecfb514247396d52618cb6e44fcb440e7f7dba43f207accef4316e65b17,0,1086.4109999999998
86863ef41040ac30eed28ac95be436f22e500f27de5a67f3c56fc06fd6f1d8b5,0,3144.8035
86a16a033981834f1ca257bfd83b2003b9e33a7fe19e2e1f620bd6ba3beac0cd,2,4846.5285
86a90bd578591dfd7fcd3a0a249ab9c091217bf187bf966b00cd8645ac424bb0,0,2798.182
86b0b48cd2973587e0afa723b2598ba987336e0f1d2730e12a9b0251877b3ab6,0,2418.8864999999996
86b3700278977fedfb5d63b1f33c83aa56f1b0fd9593ffb392d95fa0e951b390,0,1405.296
86b455da8ba21f0975352ff41a4c661219e314ca98da47c96d6df7f6f27865d6,2,3757.5895
86b5b2bd4ce2bf88f1ddc62b02ff7dbaf1e2a4d1e3fbf8f6451f7888d0c54cb2,0,3844.8425
86b925ea60a2e2f6dd1ff25b68e2681526fe50efe3805d49192d1e02abeb54b4,0,655.5855
86d0d74f7509398bb23f9eafdc73dbe455710f5368b4ca32600e81add2598b98,0,3516.45
86d60cee18cf3b9ce9e2fb8e299378975575dbbd5e034bea73f4d8a1f401d581,0,8028.816000000001
86e0e8c2e0e480151358089748d11e6c93d4879672d4ca965b9ac499b33ccfd1,0,6045.565500000001
86e6a003a06d7f882196f15dcf45964539989bad43ae6780ff36d897645721ab,1,26623.804000000004
86f24cdbe498f1a3c58388357d8a7650ec9bbc18fe9723136add2cee36a2e9d7,0,4583.2165
86fa1e5c8cae6810faacc4daa95b9156a2b4de7652fec274cd8fd907d2f15548,0,2201.698
86fbf240a979d496fcdc857f9aa0515189ba0f243ecd5afab4567b3b0399bec5,0,8650.601999999999
87099d29dc3878f43c3d1faeedf237e3bc402c9848c1d614468a5548fb2cac9a,2,0.825
8715014735c4cf4b121ea2302d39ad0cc306841959f647116787f491b1e0ce38,2,7422.4725
871c10c243cd04e3aabac8c4cfaaab25a7675a2324cd5d94415152c0b71d2bb8,2,2139.058
87289c3d7313839bfbd3b2a67e6f3c3209e049411fdf57b5fa7ca53c256f0cb5,0,3386.8480000000004
8729d79e76c85cf757b20aee2a7a3a12c75cd60fc0b7031c0f426ddf3b74a697,2,1425.1755
872c4d43703bbc93a48cdacfbd34bb4fec98ba36480b16632e4c278a715b5162,0,3685.2390000000005
872ce0466770cc55735887ab70e0694410dc1345571039486903864a231d965e,0,4854.053
872dc5deb77534f9a7a28dd3ca045bf4f90b7de15a25d68beb4a6d91bb25dacc,2,988.5675
87364511415f3274d34534c3bf027537526ecff7b842323e9b6b2863eecc2d99,2,7978.186999999999
873dd497938250a6ba0e5a5d5a98af0866157881c414b430b500d4dd0f2f3994,0,21883.2305
8743677ab27ecda8784ddb6ca53d7ed85089af08a46cee33b8302ad9551c5ed8,0,3353.8610000000003
87490c196da412deb50ce8a3cb629fa9d174eca392bbea5c6bdbf735db167a14,2,5338.662
874f92c7349a5baeecf46dcd0ec9edf661fde70808167292fcecd9f2ae52cf03,0,3988.447
87557d46b53a04ac862a6c22e7c7ed6b146bbd4e3543461ee4c2d8a36d0dac5f,2,4463.5865
87572a9f8a336faadaa7968ba6053682358a7b89bfe8c5b892e350588d99909c,2,8185.463166666667
87630a01f213b47acd8619e452978c7d775b43f1141a446ba5705028cec9b287,0,3745.1845
8763596c9aa9fb54ef0ff08c7169f11ae214519a4a3d41ad026bf7f57f1b54aa,2,666.5445
876b16caaca8a8c410dcf048cd702938ca6f4712995bbdc98044d04b88dbff7d,2,1731.1505
876bbba734bddcb609b1e00d97b897bf7d1e23e6a3b497cdad4941fc7dd11f58,2,10542.9895
8772d40b94de1251961fc49a079fbc6c57ec66e120040af0267c7485f5485866,2,3266.1795
87815287f3007663c3cbd433adee6db094edfe5ad2f26196b80a537f896bd36e,2,2924.0395000000003
879050c1d117c0ce369e769b83ad7638b177cff8b60b6f5f7ec86ffbcbb1518c,2,5067.7215
8790ccf354da8c6eca5937359132acd740b3a85564e0d569e1f2d56394d5e343,2,5187.0495
8792bae53005331db78adbd698f7c6dbc706c64416bfadae0d1ff9f7fe34a98b,0,8046.674499999999
87a03060ffbbb2bbe06ecb5df10db28056f8abfbc6df2feddf595a29c1da2a6e,0,5376.471500000001
87a18157f9e9247f6bec71fc3f2fc2de2e832eb1e149e9dc5b43d0aa6298c4ea,0,55127.986000000004
87a3141f0d05181b4e13d79d9f3852cec494eed20b1d6150b8a0469b0d22d534,0,2443.7019999999998
87ad50a67c596d3316fce736e76ab0c23002769a7224f4e52c534e7638a0fabb,2,4250.4035
87af608b89eee5dcbd8f714c741a1ce28d95bcab3352af0d49689ab2f72e34b1,0,1887.047
87b1dec81ff2d4137667f0abab2bc99f33ae11b831e8c5662574d52355b6f7fb,2,6270.2415
87bbcc151bebb7c4f123f0b53ddcb1d32b27b32ba2e21fb54f22f44b106fca7a,2,2899.6935000000003
87bcaba9ae8f2b78fb056f6a474a6ab6e58e4b694e87a7cc3332597e07054a7c,2,2416.455
87bf30e9cd64e9eec52e5a23be5bda20b0607eb1ed49ff011bf18669120f2005,0,1994.3580000000002
87c02914d5da01aade6f5cf3657825ff78ef6087d1ccc91380edb39de235cd89,0,3395.5585
87c761657105b3aca49469938e6db7d3074c7652de4d7bba5c06a06e02d4f968,2,4541.351000000001
87caedab9197fb61c77239dbe48bece878007ca361a332974b57d5b3a14cdb26,2,16176.7645
87cccabcb2a5b76a7878ec536ce646c15372ce4cdf71cbab1103547b2c9291cd,1,17023.0055
87d97bb5ef5f02de49c2dba4770a371d9f088800e1e22cef39bf5acc69b02dc9,2,3475.6675
87da4f750b1481b0e6fa74458806b2ee60204289a569dea50ebc730c6bc4054f,0,5639.7525000000005
87dc73fcf7b1a2f5b4d8de40034264a01f3e5bcefe6eb9ea4c161a45e64bfaf4,2,1040.0385
87f7f63cce68dba3d73416ce4f0f31e3acc4c8fc578677a5251988aabcb88679,0,7972.178
881699568f0cbcd82ef15368aad5750bf9a5485adeedec9ae516f36d2079eccc,0,5830.6265
8816c74c030bba8e724eb608e858453ca08ceb37f7e739bb354d99510750fffa,0,1255.9395
881b75167d31898975493524d6ca06468f3a4ca5f34e03ff14ab47fb21225102,2,5530.957
88233dcf4d969dc4c21dbf0b4b0bafa74cea9274ffc07271cad4f7497a565004,2,6342.1345
882c8a45571111a65e6aeb093c8949de181528d5077f19256ce7fa259405d851,0,4307.451500000001
882f45eeb71b99e613ca38cdbfaa9c1f75d3e93031e51d2fd7c468aff952c5e0,0,4956.857
883385cea84c0fd5e7de6d1aa84a96829eef5a49c39edc95e5af31ceec914822,0,1959.8895
8842c6c3b5a2e8f714477a218dcafdbeea7186bea54633708dcfd9ecbce59a82,0,2814.5095
8843ce2e77b7e834f1986302a2565be75fd3d14edf97a599aef4f41c06e0df0d,0,5501.162499999999
88462c8414a78db712a07230a37f9b18a3a3f2737dfb63f27d5ccbd3774f4131,0,4303.5795
88559fa7eac5dbee52f166ff01ff3368af1ebbd735a87b5cb35012cb358887b3,2,4829.6630000000005
885a692eb9761354cb0ce7a69f221c8a15501ea454fad2f600ab936175ec7d8b,0,3177.9015
885d87b9ff21dbc86dfe48271d91ca99be92d749323ad23e6e1861904509d574,0,1301.2655
8872183932d54586ce5fdcc7144f985257e7cd0e79f5624990f643aedb0ae4ce,0,826.5245000000001
8875959eb45b527b9d22f96030e489fca63e5ba16c364880f6eb39305ee28ff1,0,1084.6355
887a8317dad354c3b53c37b60c2d38f00effa935b121225332ee0181251dccae,0,3169.1499999999996
887aee2e2ed2ba1ccb1168d03e1fb65c80d8d97ab9e053eeb66e459b20c59754,0,5720.030500000001
887f3c5c25a4c657dbb650967a7a1d8ef461486ad9b24f92694303a7f6d947de,0,12137.104
88823d4c51705e79962348ae21d5fa4a3f449f4339ee4310ca1f87c723b57ddf,2,2947.071
888de0e6dd6eff905c1f6588df943a125d3ac2c8cc9b997bd7a6ebb616c6ff1e,2,3563.77
8892faba05edd992a347406fc287efb904118a78f511377efa107a2e9f208aec,2,11463.441
8893947818326476380c97f9702aa6d25ef78924bb93cd21f255c605736e7148,0,2842.6535000000003
889ac7b3131ab0802ca446c0463c7d4a331f5004e4ffbbfc80c6cf5685df134c,0,11856.41
889ac7ee349cb1e07910b77c2c2de59e258dcf2692f77760892e5ba5a8e6cc52,0,1377.4135
889b5d4e99d1b95c636cbf5a6021672db3c90c65b5b7c8cd6d9e1625972d6575,1,3116.99
88a54710a1471ceea0f5d9c75ae6b521f9ac6e5eded459f127275f6edb0e9bb6,0,2715.4875
88b3a84b2257e897a883d9c5f4639f11bf57d84fcd3c25fc63f0a0a3f91dc2e0,0,974.1800000000002
88b904f3ae66f2d8f9f5e4e86bf5ff457dffc862efd6ba6d04ca55950d4d2014,0,3555.31
88c08f4ba475c34a333f4200df155e94e4954995ea889734bfea75143c8f0c9a,2,355.2995
88ca5da3c836891b8e3bd33eda648ce8f68eb36ec23f78c545067d715ce5374d,0,5855.2075
88cd2d40be2af576e3e9cb68dd7a8d28d54432f8d8af7a990ff99aed4431e177,0,13043.236499999999
88cd9f10f7a44b0c2445c8d1994a32c9ec42dda663307b7e64464abb00353da5,2,7371.127
88d0c0a6f7a5be0fccecaec871eb31fdc9838a54c585ffd0fe507a6d06b4a72f,0,2793.075
88dc024409adcb62a4ea1fb297dcfdadce539dd50b5d43a79783f22a8e6a7857,0,3798.2389999999996
88e4aeb703058096c83ee0c8037d97c5aec342ed408dcefb10132b5606ab5575,0,1725.6435000000001
88e4b2c6468bab65fc0ee2e68727cb4c6d4a876f2ab0c486ffd8b5a16f2e0424,2,5885.620999999999
88e9a58e93eb2877a6bdfa5b7c6cb4b8f74e8ce35ed6d76d7cb0f8179fe78bff,0,2112.864
88ebd44cc06235d753eba1127f9abcbb68645dcfdea4fab728c25e229d109fb7,0,3196.0335000000005
88ec141a76213eb141d2264dd8a72f85cd36041203e13763df6f7d09638d5cb1,0,2948.109
88f5e8fbc6b69277107999937386f7225f5bfd82a04d5f0692b5afbb0e654468,0,767.0074999999999
8902828967dcfb2234b3a672dd25c567c19c8f3cd99ce67d7953a0ccbc2d0694,2,288.691
890c575f52b10d47dc2e4ee2bc7b8ed6a8020115c7c6e80a441d50b96c2a5983,0,3919.1385
8918e4f59199d7ce9896da7eaa787b94f575c074546ae558208b827c59e6c7af,2,8986.835500000001
8920c3c3171b8f646f5e38c01a454d537f606959a965332affe2e0603635dfca,0,11396.8255
8922f34db6fd3f9ac5b997e2e92df2b72a9ac321a77944f58411f6ccbff2e5ba,0,2805.608
89264bd1cec814c08cf817a8da4237c9a0d2d4dd7da5bc4843e19792c494cd6b,2,3055.2095
892681fe74850ff2179f48439ae6882e25c0c560008b89b86956b52c1c8af0cc,0,233.5935
892a0af16038c63e43e80d61687dbef5b03cec9ea26cb86e483e66c61647a543,0,2519.0384999999997
8930b500c2aef9960949e48878eecf3cf21c2c302dbc2d1a5122032c852fbbc3,0,6661.1335
8932cea8e5e295a791c358dee3b58628612e1cf7769a76a4d841bd11ccaab160,0,4175.2575
8933a1b6a9e1e9e09533c883164cf1159253c0d4eff252aa54d1028b9ab5639e,0,2042.935
893b11a7b3b07af53d45f5782cbe78cfc0d1538b9f731bd363b1bae1bae689ae,2,2523.514
894e69f928eb19fea23616f6b5e77c94853b990661b032713faeb8171762fb64,0,3967.747
8956882bcec5a004db42253be5c7150ce186a047dbd6b21d2387cf7268c232f1,0,8242.654
895976b0df9627711356247b13f8927e5b3b515c22de8fdf94c72476e4a04074,0,1417.185
8960dad1cb7023f2784e822efe74af719a921e96c468576f2eba0cb4ac195f40,0,1453.2415
896137032f9e7510fa28cd1ab872464e95eafd6aa908d8f5697201c8b8b55883,0,3761.3045
8962febfdc6c44c0963df5c4ceee4c2b14cc59cd20e8ede065d7bf90fd507020,0,1126.2135
8965723dcdc88b7377efa3b1647d75ca95e61d6649a09a2dd439e0ac99102bf0,0,3754.1855
8967dd0f3df7a921ba6c1751fb76868a97d311271deea28560f52cacbf534235,2,366.10450000000003
896a1c3fbe904db94ccc2006064df1a2a97839c65365ffab7e93d7cbaedb90c8,0,1239.8890000000001
896f828af8cec0ecc93311caf5b6601782ac23d8e6df90bb7205eeee629d490d,2,1096.4155
8970c31964dd5f505c3bbfdc2bdef1f40782207370939d3083c88629628aa45e,0,2448.859
897a78edf9694a0a44a7c98fb763d696a5dc2c8503163c2c90e4a4e745986584,0,2114.75
898bc46bc077011c6a6625ac4335fc82e407e2354b25eafa222464e972ff4607,1,22.876500000000007
898e8a7e9d975c619d35b028b9855cb200399abfacb408132cb89b2257e0481d,0,2341.2955
899b683dc92a68d1a15737b7e3b316073b33bf902de63a307196904a7dc1913d,0,6651.731
89a71b82111c8adf3092057c2c79908b1b4f4de88b6ca59dd8caf1c2ba694248,0,6717.248
89afb0f6f645ff0089a2b7f8b185169b9d93f9b017dbc37c79d8ddedf36ca23b,0,5235.101500000001
89afcc45e400173f8b7141db6048e0dd16891a235d54884e5597d59f875b13e9,2,5917.733
89bfc69a530f74e3e8060f77ac6317f740801e522f890e2c2184811dab7849a6,2,8445.2865
89bfc738e13bd5e8e07903a79d6bc230f902e8ce44eb0402f72f6694c8315aa8,0,2029.7520000000002
89c243cb9da55c601693b73ac88f38be78f0e186105f5841de92543064876cad,2,4072.5325
89c86ccd885b3488e4c2f313ae9ea7f28c5608bf70463501dd05ba2f16ec575e,2,3355.5219999999995
89daf70740744ef6e2737595da332d9a9e5da88ded2cc5114bd0d544f427b6c1,0,1902.0745000000002
89ddea2ed07d96b225e05bfb27eaa8f16a28d6ca8f5da798f2c07bb269930a1f,2,2167.8880000000004
89ef01e21ac84eb1cb6e0816da975071c5f0abe71a1a0a1e7f3bae895c3c1b85,0,17357.1955
89f4119d78268399c37409c442db5ecfa8fd26381710892bf7d78773aac6d221,2,3561.2055
89fd9a4c9b2760e91148cf5bb898324282bfd8e22e382ca3ffc3ec568a1ad18c,0,3426.874
89fe3fb2121bd385e86e2c02d27497f3cac590ac6de757cb57b3592f5fb944a1,2,5021.0595
8a000a3c8bf29d6d7ee8df9fbe6cf7d426aa7517867549a12bcc74e57238f482,0,5057.65
8a0c3b6f61c1364e29546e9dbd9b856e040b6710ec81335c4446e6bbf0701474,0,7675.754
8a15d702f38b8a8ccb9d60635f82095d04274cb7b4310011fa3dc46fb594255b,2,3585.061
8a16b233fcd6a44452dc4f8d0ad5cf90d999a98d875aebae17296c3b74cd1c0e,0,5831.669500000001
8a1ac25fca1327c76607995d6488d92a024ac0ec04391663d693cf3381862736,0,7550.0545
8a1f243feba35835586d0dd1a8186e46354705ac15804115d6c69ef9a1650aba,2,30390.705
8a2cdec9d064bad5658b6b382848d1dfe07c090fd1ae274ccb5ed98f9953aa1a,0,3090.38
8a31366245863237d29a6ba7831a2ee5a6f64fe579cbcd504579c2e2b5df34ef,2,3848.7859999999996
8a338332ede127ccb23a55e5a0e8deeb9c8e7293a46e4889a101a7c245f1dd15,0,4402.478
8a3ef88d5c27303c46268fa42ec727a7ffdd360c07c2b1d3f085eb84cd189b37,2,3293.4500000000003
8a432a801942e98ebc10f5fb1b193ac624dccbcc6bf7281a821aafe94e0035aa,0,2869.3680000000004
8a468ec6cb922959ce864476440247dbff0f138e6365851dae6fd006680263e2,2,6823.148
8a494029bc8e3c76b7b0d254ba52d324dfe4bfa7b52295cc1366bc8c22115f1e,0,4175.5695
8a53151c16a634df42934674318eeb207236f4f34d8b5d810dae8d86b5f35855,0,8909.616
8a5a7c6ffb2a9670a151465bc57118dc11790b2094556f547e7f016308cd8040,0,1065.88
8a5b7b27767d91615d72dde4780a8e892a23e2d95f668e78bc32da77fa9265b8,0,2205.6820000000002
8a655f701f0f204e3af795ac81e8daacfb20ac736f0e1969f016ebf14aa7ad1a,0,2526.9885
8a69eccdec9c55e0f6fb4e04fd309cd225c3a9da016f7278409917d6fedaefe5,1,4748.8189999999995
8a72a88e5d541a7cf10f161f2870b79b2803aa18ed527ce0fad7ae8ee63cd73e,0,1488.7775000000001
8a7bbe4e967998601c4a0aeda579927420f1db00114d9ac0b695d440eae1038d,2,10020.5815
8a7c8fccd5de9604e8b0ff1c9ab4f229bb612ab3260c3836b0bc8548c3bb9598,0,2148.5480000000002
8a82a3801ed67a99f16c302ad30f971bf179e165751aa10e80d1aa7d3ee2dbcf,2,19888.6265
8a8871b99c7df0b21f8b043dd69bc6b08d6098831a5135b909cfa98b5956b48a,0,8233.5425
8a89f090e13f177ca6e78350c4b4aa93a4e9f0177c3145f83189a37dd5d65a23,0,1030.7625
8a9a60cdbc8c07373db64da1bb4969eb3950f06c85ee4c933c39593aa9aa5d3b,0,4966.8595000000005
8aa2abdfa8e2423a96cb12fa95e01156bb8504874cc885f46546afd1ed703e7e,1,11921.3985
8aa882b39e0bdf794d1891e8a05246b3263a5ae8595f54e9fcaf32e139f5efb2,2,7250.647
8aab015af8061c6dee73b2fb5931e35098dc9d2b78ec3b5db18a432ba9f10add,1,1990.789
8ab50a0181f3404895572975a334ba0837a2b5996c8bf54b97b87167f06707cb,0,6418.004500000001
8ab6b96d8d542321c7c66c806c1403a93b2b4b11d8047b72023319778261ce6c,2,3644.808
8abdf882296b28ef8937db3811c25f37ddca2eeaa01128a279c0301fdfa5ebef,2,2439.7425000000003
8ac299e736976a9a97c3df44010e9a8aa756e8b81bea01157b09d10bf46ecbe8,2,928.5919999999999
8ac38962c83df66b64933441fecb19536443f5905329a8937c19f18b9915fa3b,2,500.5325000000001
8ac69837173bb6aa9dc4e5d850bee4ae22d3c624e621c50efb3dd55c7f860dca,2,812.2310000000003
8ac8745bd4491c5fd4702c9cf3df967b207f8868c07d2abd9f6f6bc12750b504,1,5737.8965
8ad153fd6a4afa2a97350bc107aa879660eec80e06ec17debc4808f2580275b0,1,2637.5515000000005
8ad1874a4eb5aec0f92eccbd85751c4c0de14583e1c3754b2061e0436b2acb77,2,5313.0495
8ad3e64785416f7c9dd921840a1c92a7966c0faad45a27bba36324f2bef60ff4,0,5265.976500000001
8ad594146e9a6c5ed239bbbeaa6a0c2da973038bce1521a32c552ff962873ba6,0,4178.040000000001
8adaa770911ece2ebf9fb770d0cadbebd0685c5868f285a1a60aba2ee073e1a5,0,6176.756
8adcb56dfcc7ea9136b39cbc8ff89acb78d278a754435310771a5298478e9c65,2,6185.405500000001
8ae18dba80c44ea11c1f1a99e788af954b95b9867046ec2775ae2549a3c1bffb,0,4842.2390000000005
8aed66e7943df44a9ede0880614372800999cee58b14599716624ff1dbde1445,0,2815.841
8af3819fc0ecb6f3ac707b268d122eb3f53660a6e3fa07ba366e42e4aad99356,2,2788.1565
8af87b96abb0033a6fbefd50e74474f1aa82340f96348a91d9aef8af6c958aaa,1,9654.6625
8afece17066d52abc879c8623951a04a1302687e969bf8e62b3e35812faeab8f,0,4863.714
8affcedbf7bbc28b7d90cdb4593f5e4060d66e834796573b56eca460ca00902a,2,6373.0205
8b0631b536fbbfd334f1ac22d865f8f58bb93ff7cd560e4d369f5454db1a6aa3,2,2553.9545000000003
8b0e7d2d43fc0faebc605ca0b0e673c65f02189d883d39e015f40a85fe008095,0,6561.353000000001
8b0f219967a7631508c52cddcff7315deb5e4c1b105130a3772184b22362a79c,0,6906.623
8b13f628a7b6994939a25060213efd7d4105af8fd3ec802c003a59bab2bbf6e0,0,6842.385
8b17bf50e06437900619a8dbe4b3306794f6c193fa753a983b683a2627601dab,0,5452.4495
8b1da8b351d489294ad17c08b242b71e1bcc904dc24343d2e55e1a4f6869325f,2,3295.514
8b29844a7870b2f6288dabd494a101176725164533189537a4f29c43572f0587,2,2529.239
8b38f4a173d5849c7bbe24ec9bf96804346e6823eabae21ef660598c836c205f,2,2608.058
8b41be9601b9ef5036c075bd26b91d7c69ac8fd35c45b36af21d9ae94b8d4b7c,2,2333.2505
8b57bc738ab3f492d7e66f30811d00e548a5258d517b285491be87b4f272e9cf,0,10230.598
8b58942c49d9b6065818fd18e6432641b00c69cc2a21b858c783c9c6e1acae92,2,4343.185083333334
8b5ab311be22bc970ce99408dde076535ab9ebb581d2148ab782bff615586143,0,3369.805
8b671ec75cf86cecaebfc7a70150924ff14a0ffbcf46ded038b0938830beeabb,1,26122.39
8b67e94ac02b70dfa44db277787da62fcec054e3e79839d9da870a1596baf05b,2,9942.229
8b6a9367f8e725f74ffc66f546ff0f55f183422c4aaaa446f7b0d87488cc3220,2,3450.5420000000004
8b78d1170ae21cc8d77b7a0bec358cffcd1b43dbe1c97a4e35b4910497bae034,2,331.9485
8b7f68cc889269f5e74b557446c59af2c8d42775ff4da19b4d7d95bd002067b2,2,15593.310999999998
8b8d6c71b262532d3d59ba36a8b5e455113cad07b245d42d87e33877d964368a,0,5236.584
8b93e0c8c90fbc245d71043e9ed45f503ec3aadc30fc34ec8ec16edbcd831ccb,2,5479.783
8b9c37e348a927e7de8fd671675c9ccad9f40b5ef1a7d500d1c87fd44923a6a8,0,5922.7985
8ba60c35a9f444c7a4e2c00c3914d6b42b031d7620b5bcd2cd94afb24650b0af,2,2954.9500000000003
8ba9609c256218d7a354ad3f56e2a0ba2f376a8e7c70f0bcd521f173119c686a,0,1223.4750000000001
8bb62891ec7160784b36fe4705c2c48c43e19c1b8dd2741a245e33965bc66a2d,2,5438.489500000001
8bb654fb396be7adbf029daf734d68609d2620d73aa04b37d597fb37db0772e5,2,5966.620499999999
8bba2f45d5b5906b5a90a08f0dcf6b363695a86b294a663f1c7c72436cacfdca,0,8111.3
8bbc3f277b92339e0c80236759502ec161e3b5edd031f9da74cb1fd9e9563125,0,6607.954
8bc74827f713ca87de2acd86e9296e51d0538ba93b1fe0a6b74b5b2454637ff3,2,5576.5885
8bce9cafe79fd5be28ceb1e6d36b8559c2b38afdf299fc9ef16c23e682d5bb80,1,2575.7735000000002
8bd2bf9305f1892fd2665344b7bae234fdee0f8177177679f72d2cad937a96a1,0,1733.1835
8bd3e93a004b4d1ef42032a63caebbc62eff5f1322bbb3f48e4a8d383812906f,1,1119.055
8bd87f633abca754c6cab2e0889e711765565be0a8cf842b16b5e0a25345b82d,0,1329.3685
8bda4364804a8a01c768cfb32da802d64b1fa81f4a5dd190c33cd73e61ec6b92,0,5192.861
8bdd1fad0e54b299191a0f8cdb17c481f443861d11ea0bc60371f3b6f6585b5c,0,1988.0594999999998
8bdd95db51cee79cbf099e96808ce4a4eaedb0d9eee5ab6e76cf831044911e36,0,2768.1579999999994
8bddacb713551f7a537f6eb39a909d56cd80ae35c222d415ff46b6d2ca0fcb24,0,3399.531
8bddec1a1ad9b8978a053b37a9edb977fb85731245e9f6a978926313182a61f0,0,4603.951000000001
8be4c5a99ab63bba03803b84b19e86a42ab5bf5266ae7c2b48ee6ddcdc9624e1,2,3272.6405
8beda051c0b4d195a6ce25a2753b2606a8db7702852fb12927ab30c54ff2dbe2,0,5215.6425
8bf0b2f7da71f6f4c1e8be9803c7e0c30835b95b138b7c279a2063aa977de5ab,1,3845.449
8bf37f93f7cd8578d925f6dbcc282e5ba4eb4c68cb36897203e595fd3f5b3a47,0,4734.330000000001
8bfc6b636eb0bec0ab9fee0b4a6348173ec0ac818e61b43f08481612db7c8151,0,3995.185
8c0b52a1d00e0735fb17bfcd872245faaa4a7c3dcc9ba9032220e58ee71567fa,2,22896.998499999998
8c0b54e48ba3f663d333c0b237ebe1162ef0d9796d41afef40b257dd9fe9341b,0,4377.0585
8c13c3a763f81207455fcd238e9d8077e2b5c3af85f861b5472107ac799de442,2,1639.442
8c1bd6a744030758dfd0a652512cd76b39283f36faed2f351c7fa34f897cbc43,0,3739.4445
8c21aa96dffb5a2899a4a81a5684b87ed6f961d02dc692a37da904104b0ac04d,0,2779.42
8c258190c84f5c941eb5ffd5975e872ddefb29ad54677374654838f757cb3d78,0,6471.0380000000005
8c27c276b4fbb9ec443d81d4c9007b4888259a2bc10d76b76bd35767e14a8555,0,1169.2505
8c289fe0a8438be0632f1915c386f6e7751ea74d0c6917992637754b1e477c61,0,402.571
8c2b8fac71e6fc54d816dee17e21e8af9bf383cf60b3a2b09986a6f9339666a9,0,7303.5175
8c343670b22bd322a82aa326aa2fe5f4ff8f8b9a8f1dceb6961fe4a3691dafd4,0,16941.939000000002
8c34700881d0ae92b3829785cb0c7736f5207f2a3c62d09292d392e3dc9686f2,1,2885.379
8c351a25ffce5afcec8bc63587bddf9f05acc78e6d08044f6c117d748f241527,2,4099.045
8c3534f7d1a62bfa8d599d62a4816f87ad7ad6b4bae02ff2664578bfb1c8314b,0,4167.447272727273
8c375ebc38052580d2464952cdd9e5c27ee60491b9efa02f9811e9add0eb9532,0,3110.2030000000004
8c3d6427fc2dba146f3bc837f4ce400279cf45279b59fd594d61cd54ca31ee5c,0,10555.912
8c3ebb8bba2df2cf9b4bd371caaa6cb325761bfd4212ead8dfd07c3d605f7852,2,3066.8275000000003
8c3fa4e4db3f85e64cd745c86425806e9bb0131a49f1d74e1694f37eca8eef47,0,7359.9785
8c407290fef0b8db6e7c0e583e4e0bda93b5df71d5b7676d3313d443f21ee73b,0,8181.617499999999
8c442f2a4e3636fe8d6ab791fe29b09d572fd560144261beb9be3ee6d61fa272,0,2823.7635
8c4953c3ae0a94217a6dc8dfc0ea148cced9da43ed9dd568bbc173fa8ab5698f,1,23760.7955
8c4d7ef4cedfdfa63d209e2cafcf2087ec739d279b6102565c854a4af773f6b4,0,5881.379
8c4dec02f594d26a3e8e34272b827333c9f66c4d72278b65d9bf78b7f0128c23,2,4442.143
8c4fb161d5a2a42fc43238429f84301442ab7812fec94b3f352d336d63dfaf88,0,2593.935
8c54fb6a975da1433af79120b8cbb15fdebb1cb9f3f821829447e455b8eb3f71,2,1188.4355
8c5e19a4679043e58c50e2ec4db671906d6f0b2272271b6f1fec434e1208f652,0,2889.6524999999997
8c5e41087659193c01c50959e6c80eb8316c2a713b04045c762356e82dd810f4,0,2105.9265
8c6f78b543075d25e017a54c1c4efd5b97b4e25b3b73f47c515f107f2efbea39,0,153.291
8c7263ad4bfcf29fdc720e155c6178c0cf8ad3357a0a02ed1a96ad33fe702580,0,5063.458500000001
8c728fe610360bcbbb9532530a55f01ce8f61236264afed7b3c2967d93b336fd,2,2719.365
8c7fe87a9ac7d5fafe20fd4398ee2de022ba25de18232873d996b745371baea2,0,5450.7635
8c82259241769ca0c1000c89ede05d57c82cccd1fdbec973b4f1b4a5a4549d1a,2,4733.5005
8c9098aae8c0ee0257ada77baea27941d3003a8d485e9b12345c45556f66f281,2,4901.9435
8caa8d12f4a5b4bc2ad8eaddc7a361f410e36a9d7dfeb9ce23a343b3f4ef1d84,0,6380.6759999999995
8cab9b89fe1a74d29d69df58e535ec4501479827d234580174893ebb7df5e52b,0,6424.7485
8cb7c21316214822332fe2ce6186bd6d3663b4bbf52c2b2c8d78788b94500276,2,6059.166499999999
8cb894d59b171e639ba9fd2deb4d2abc58ce9d40f191eb4f6f11c4404937439e,2,5407.249
8cb99b58f57d487bf22b8c76e1b2d2bc74814e2c49af8d900b85cc4c144777c7,2,6929.347
8cc57cdd856de71ed81b394129e018fbdbc2a1156420b562ca5f31675b98ad46,2,21.176999999999996
8cc72ea2d47e4fa5d358da613165bbaf7757750fd6c79a0b053ec916dad11a73,0,2641.483
8cc7d55a87740c529bebeec2a91a407c6576a136c23474d2a8e3aeed603a2b19,0,1336.411
8cc83a35fac2e02ec3e4ef8ae30c1cd2a59eca75c2493b042d3498436b4e106c,0,3662.2085
8ce29fc187224175b86a7341347d4fc9d2ea4aec41c0f60b64965b3d61517f36,2,3091.25
8ceafe5e20082b5b617f59db15ac211c95c6184068d514853ae8496319b0d326,2,1952.737
8cf3b42c976005c2c15b2cdfa5b8402b2f323f30137b26048a210a5356ee294a,0,1224.3435
8cf5a8822ee88ad13e11230d3b67a2f1e42fa6bce25ced599a4e1898e9a8d4fc,0,2983.976
8cfd57ad2e348e936b60b2d447f7a058675e033eb89e1558bd547c67ffab20b9,0,4085.4059999999995
8d06ec487601e841695be7ff87c9fd64ca25b18b8c1cb479a81307653878b70d,2,4417.0755
8d1465ce8855e198522114ade7060ef33bae63f5cb8411beb7fd47721197b196,2,7991.498500000001
8d1eb91999df85ebb1655894087188cf681c97e06894aedf6f69cccb93bb3f3b,0,1328.41
8d2e53c1d9eb2f668d868a92aa2edfe1ab36ed5722ed12566c55b8c5deef3183,2,8644.855500000001
8d2fffb6f2cbfc1d0d973d1f3d2dce51b14271a20a2a4261016ecf4483a549aa,2,2268.68
8d33d46d88714f55b9fdc54a2b9fbf015463d00a66892a6b9892d69ed16f48ec,0,2453.648
8d3d5975c4dadeee6177b0b6939b4b920ca45e6fb68886956db43a1c505ada1f,0,4970.2065
8d50cba5f855c07fdb7b2e3dd1fe55df1ca525b87acd07cc4335f86976e879f8,2,7490.0025
8d522eea74b2ebda82c413b43c921e7121a3f910c83bda48f57737be706d1568,1,1813.2215
8d5745c231eae44e58c7c60265206a31fce7521beed72c0b92b4e4d516e909fc,0,4585.8240000000005
8d6968dae0f3a104f6d13f7e79867d229dbb2e96ed09cbaf711e8dbd3805b7b3,2,737.5659999999999
8d73f2698c31ae3c0020e4ad3eebb8822616eecf56f7f4e3e8b7581fe3819c9b,2,1844.6170000000002
8d752fbbfe5580338e2f1ceed9fafa5d40b0e94628f790e5f4a8e7a1e9d35fda,2,4165.565500000001
8d76c4c8739b3e9e2fe976a7dd56504c258e40efa32c2ea8a0801b6dd1c3589f,2,2654.23
8d9320b27b58452b28978d35bd2e480ddac12cb9f770ef74ab8fc7838e1aebd9,0,2043.9035
8d985418869d924f86d2283fb541503016de675ab8309a603ffd8a77915a8ea4,0,3303.923
8d993953336cafd5c87717444d71eb7df8fa9c83b43869f0e359220c13d16647,0,1213.1560000000002
8da0b011c8819848f73fc47de1b4791871387fcef55eeb41e0b0098771c6bff9,2,2095.5125
8daafde6b944768afac17f0baa563433e121384c2c141c41573fcd1b0702630f,2,1814.2385
8dab19d2c7fcb16246a6c7bbacf9305d360de0be3ba3dbdb5f66e5e502774421,0,8569.022500000001
8dbf174462ee23bb6794bc23bcdb786175f0fb5a6ce363c686a537d6e61431fd,0,2818.9315
8dc4a18bc1fa6aeb4b7aa9f42f48753e4ed278b129c5bc8e78e680027c1e8181,2,555.4665
8dd0fafc7a0e93c50e76957841a3a188a7b85e9d980d43213f70b5a98c5bf7ef,0,3066.1075
8dd289bb65fe078f309e76fcfc6a052a9a20252593d8f5e2e7c732d7e944c34d,0,1795.56
8dd34ba4a65d3c97a8b898a4ff2031db12770d069baf12e61d681b7aa1c9e648,2,4.329
8de3451a8462bd9eebb3e709ac950fa2014007a0a5a1fad5aa51a2629d4c9cb2,2,11785.659
8de383be1793afacb9a1e21e58dcefb5be033fbe4796f3351f0f4e86810b0ada,0,1478.07
8de56dd57fd73b46fde0f462dc4016b1a18b8b2ae7d9ee24088132d79fe03bf0,0,2685.571
8df75b98a7575ae57ca3acb0b33662cb09e898daee4947ebfe8cb68a728fece7,2,1075.7855000000002
8dfbadc51539fda1c03956b37fbe8f7bd00d9385c0e128aadbc1fe5cede9bc24,2,3119.424
8dff61157f0c2454eb8fac9c9a562831e081b5a00859d2e757f5402bca1fb757,0,6791.001
8e000cc6ab9557f29acd2f523106345b72b376e6ff2d53f4e0b6747568fb6872,0,4839.208500000001
8e0394972c06bfd1ee31988b83da9d7bcdc26a0c9c634dab05d92b68aaaa410f,2,4515.3
8e0648c90b3f38a743646efb2c5f1e1d64dad895a8cc67e8d11812984f30fe00,2,9043.491
8e1726fa0edd63d11bf05ecca1bcca75f259c46d521cc2fe733741a9a603eddf,0,3546.0605000000005
8e1a2d6520d45686e7a3e4b20d98932739ff0ae119876e4010bc2e955308d340,0,10881.362000000001
8e22e191e260bfa423254d719551b82dfc20191d457ea95b9ed60070d7612744,0,2195.1615
8e2b3e69ead213bde66193b05597ee3f7e95fa608561e7a81466f76881904079,0,4147.475
8e32f0bd3b070bedbe713463aaddbaa0588c6edde5858f0ecc6f05b724685d93,0,2234.8622857142855
8e3b83abc451bbc981ec3f88287f96c674c5e2d9e7348ce434f0366e0fc9cdbb,1,8926.3475
8e3c3a08ebfea7f2b95a7dfe9f913ee3dc057964beaa283121c3f9e21157c3a7,0,937.2545
8e41d8f0f444a208ac7cc721973a9d645b0d425858f0fc9bcb51bd75592910d3,2,2694.4765
8e421cdae7e18f4412fd0ed6e7bdd40a5f6a2b61addfbe7d85e2bbc655ad9708,0,2860.0235000000002
8e629bc8c3f4b184433008f756c351cbb110fe943865f61eb4ab1617869b6a49,0,4269.4235
8e7903377f03e8b8509013d5cee89aff6474765af5b7ad1f4f74ff4b8cf8d19f,0,7671.0865
8e9221f1f03dc693bd29c568899665a8f24b36acabb5eb43e02ea29d8111f1ac,0,3450.007
8e95a7242d027c759b539f5eea599dd127eda9d2299ffea28fc90220c1fba3b5,0,4765.2935
8e979e4deaad8eef5f79bc9971ef5e6715c490f5bb17181d7e78c89a219b775c,0,4359.3745
8e9c0f6ca788cbe0becf74940533e0ad6432d91f02e77114a9f32ac4a54de8a1,1,610.3025
8eab63ec0992a3f05270530fe780d822fbef6abb3bc918e855c4de739e286932,2,738.6025000000002
8ebb3125bd1f02e3f399003b37b7f5f3bc9b699336032d2cf1ec6afa0d5cc48e,0,9329.1445
8ebe3353d2373990ace6c2d28520fbe69065e80cea9f7dc5b5b48f8724c8fc11,0,9178.3875
8ebe3e8d329768e2576ea027f722c0b009893cee3952de3dcb3adfe09c596663,2,1985.3959999999997
8ebf49cd72515bbf87927b871a19d5a58f5c356f9c2c243b6e9ea537c250bb00,2,2505.1310000000003
8ec60ed853e76770afbe84b57eeaa51d68c5b9f9073011386e5c5e8392b0866e,2,8985.720000000001
8ed4457b4a55231046fd16cf7cdfd402f291d5f92d646f79c3d77cd9353e0829,0,5610.6565
8edcd48ab45b52784610a02e2f3b7c315c6cc8646769cf274e61d43b95fd50f2,2,3612.0395
8ee092d17106d458cebe6b906ebf57217932ea1f7af671dbe79c6a07140cbcc0,2,5810.425499999999
8ee2c7737a9bd95cfbfd674e063a0e0b45ede25df1953e04056b5422636cee23,2,3264.313
8ee4065f8d8f3b5ea73b99993eb43fded1f88d63f82272b5c4cd857e8bc91680,0,3557.0480000000007
8ee965a65c0a41c1630dc5a73dde9e01ee3bb03116a7d49c24b10b3e050f8f6d,2,6788.3895
8efd07b81578ec24894bbae7b7c5bc4a19d267ab43df63031b9d27959187ea4e,0,5578.294
8f01e5881741e5734e7b38f5fd4ef21e1692fe5826b7687dfb045e1f9c189e39,1,18334.908
8f0510a6b58a64de7bedf37100d31dad2f4e68275cd216b3bba7282008aadddf,0,3619.0384999999997
8f10bdeb939f29bcef06017dc709f02f9585be58a20510daf594fe6ca7670a7b,1,1670.7495000000001
8f144fd4c4b08e61f67dd6bfbac84687f2c446dc94536e8bbd29498e09a903c8,0,3290.1769999999997
8f19ae542001876170e801960fa17b2083746c396c94b5508da8a10f12af1a6f,2,3890.17
8f1aadf5829dafa3e920548562c52dbe36330fca3897f3fb738ea59b681d5290,0,2478.756
8f271c44b921774b5b136fbcdd613b56af63baadd23d0f1099693df2f7b3dd46,0,752.677
8f2d1bb570056d73327926872464720fd1adb7c52f1bcd8789db531ac4e51659,0,2413.1185
8f2d3bb9e17b58450d7d13303e2bcbb9e47432d1f7a57ce3234e8ca089f7d88b,0,5894.904500000001
8f3d9093573776e603cebb24e73d64fe5067a7fdec55fee861595e1f45a0a0c6,0,3815.2875000000004
8f3daa742d870a8b32381ea619bee2c1dc450378e252c0f0ae534b963a1e5de1,0,1733.037
8f4ac4bf336cb9ee178c1d547db8a3af1614daa823a7d600baf11a5492b8e75f,0,2363.0545
8f553adc881fdbb804f85a890d9db062c3f81e84cbf289459293c892d33cd483,0,941.029
8f59fa254d8777ba9aec81490f0b30b406876b9e9f8547c927a5e775ab6d3cda,0,2890.9535000000005
8f6204e4c9fe7bc2c739413e4648d3187641d95a8721e6adc4ad660f61a44b6a,2,8644.7425
8f67cd2765dd8b2c39bb204158dad8af4b50d5848854ebeb7b114fdccebc4f8c,2,4575.581999999999
8f7f95e8ecf511ac83bec6c8d09e8c61e1b044d58b86a7dd65666705f5f44630,0,8718.639000000001
8f831b45cb12f4aebe4376f26bef38a40c3b4f6d39707655b0fd528a5243462f,2,2626.0244999999995
8f95e08deb6a4d664ba4b04ce279c2b87adb31a0c2cd30fa8d7020885996e7b3,0,6659.438499999999
8f9780fd8243c04a887d3fbe6f7010ecc2ac056b25c6a87fa7dbdbe5e3092c91,2,2537.8765000000003
8f98c4da05fd5ecdf6d9c9a7d8e67ad5a5b623b0c67d1cec3b3ff05637f5ed8f,2,6668.705
8f9d1bece886432ec1bcf247ed744b777b7980618e06912316a584f985477871,1,6531.963
8fa179772ddf936ed8fadb77610888188f4e7dac8d9c5114b972e11f3f0cf064,0,5102.6265
8fab9e0ab92b5da8c36078524a73ef5f020a5f72d6bc567eb5583e45eabb1361,2,164.88100000000003
8fb42b4d13f9f7920166f8f05c6f87f9292ccd8d054177c793dc5aa2c4b93ad8,2,4521.478499999999
8fb8570d3ef802e6388d02d7e76de596617d3ef37034dccf018b62cbb6fb5cc8,2,408.5
8fbd57594b0311b12043e64c940e59226d53bcc1f1feb318edcc2b6c445d44a6,2,10030.451000000001
8fc13efdc26fcce0578617f652a11688e4b675bb48cf17f24bcae3fa8f3fc9e1,0,4042.1735
8fc2cf9caf48d2206ca2f87418a3474cc7414b6926360070f498c42b80ac934f,0,837.4280000000001
8fd008a8e826c0be23c9d2346d1e71e1246d3fde868bb74c364f468fb76ed4d9,0,2792.3475
8fd07688f88daddc301663bc2bca316ffdf35622a3923fedb958ccbe822e0852,0,4659.716
8fd8e3b262aad3ada97383425799996428f139f430901daf15c8768c1cfd2deb,0,581.8555000000001
8fe95b3305b85595e1f4546064f12596176e2823b348cd58f4ad93649c476dd1,2,4282.748
8fec773b297537ffdd1f71d486144514a60fd09696787637524d1b44fd636c2d,2,4181.0685
8fee947e7cf41570376da22087775a53f16454f9d9589d94dedb14fddf46ef9a,0,2028.006
8ff5645c5c99bf82a3c9eb3b258fb531a6e660f2cc833e3624fcd100766fc3af,2,33.293
8ff6e27cd23d6b3071ae7e74041015b80aee18657fdd54740d443f67741df281,0,1982.544
8ffefc2054d7ccd056141e883f8537fd9cd93223891ba402e0f3878be21cddf0,2,2896.908
90113fbb02c967d56981ffc5b9f3e0ac3c9cefa964e30fd1c2e9e563c788f6c2,0,1574.41
90230f7fc2d067cd0b63a654e5255bb07db5b920edfcea70d031092ced767505,1,3575.8975
9033c69074386e77e702d5f4397e4139b48a94abe7126cee13983d44a302bca9,0,4329.5105
9037c9d183e344c8f5018dfdd8376e738694dbb63ceb90a7f7212a5582be5147,2,3152.268
90406cd2c206de6141a2908b741b173e384a41f6ffead1ba602b9f5ef9fa34f2,0,5409.6855
90449c481ea2834447361459839fb1a213c4897dd6fa99e7fb9b26fdc3a4f600,2,390.21799999999996
90491a14c68898ec03ea2a51b6d461cbe40e4e8c683f1b42eb3cfa0addcec98f,0,3749.6405
9053e418ca4f4fa42dd1165ea7126f026a5dd1bb2368ee4db49d3349c169f399,0,7480.3910000000005
908186bb15aeef77858d98894ddb31f7ea4fe47965f19f47c67d6c07de55d775,2,5397.479
90825cabe196697c30ccb71660a57ab6b365aa1cd075a9d1c30881bda5adfaf6,2,3147.7195
9085c600cc6621c689865905acb04a2459ae8cdfd5ea7d00acec4b4410279c90,0,3263.574
908b86835b3662e9d476eb22ed8bd6aa5db3631cab0f06a7c442da7abcccca64,0,7740.249
908cf69398cbbf87abb4da99c7c1372f3aa5c02ed80d67aebd47810e8bc5d9a5,0,1644.9505000000001
908e45896c7efa3dac7ff547885c4722c0de0de8f7e7a71ce7d940c704c8244b,0,1299.9805000000001
9099bb6a5c899e5ae61801d75df4ef6a52e51ca6d7c523cd1caa619c088f3118,2,4855.33
90a634bbee6c0dee35056be15ca88a281aba04d650178773763caf09ae9e0ebc,0,6345.6615
90aefac1d5812f90eaa6c570d28d1d74ce0ee5aa787000ba63af86c88bafe96b,2,1292.107
90b2b4bad898dc7ea0a53f03f1b594adf12570456b9f1306553f598cf1119080,2,3443.6055
90b78efabbe47a44bfeac98bb4a9433916f9a570a36194aec431d1da0524e214,2,9067.735
90c46693e86eeff9e3b8b532757e37175e3a7bdfd28c581aa3910e8ff0f2bf56,2,4065.4005
90cb77a079deab90fcd890509a094df9f182a46f5e04e208818f7069bbde603a,1,15093.2315
90cdc87380e498237642ddb47d998e2985e7aab9f0a9e785789d54b449c97c21,2,4012.4269999999997
90ce0ee782fc84afa643243cb9048ca8bd67da44d92f7957602680650ce99ed6,2,1598.361
90d4da70dbfec97c42f01911a087f9302058d0ec12c8e7cdfbf155fd1b43505c,2,3847.205
90d9eb89cad4e4984416b5ecad35f7a4489337ed5885e4919d55b54e3d378d5e,0,2080.1645
90e65ee82c2afd6e2e9998a5d79e40c51537abab8adab05738dc14b056b7e51a,2,920.6595
90e81e324230aa1ee6882e796c5b1cea1563881d908a45af426682781767e558,0,3147.4624999999996
90ec100a4859a9f4f29e96eeecdd6be7a785d4318a65d6d7df1e30f86f0652f9,2,31555.375500000002
90f9eafcdefda6415c1f3f1f557331205a2afc61fcae236685ef75d39daf57cb,2,5251.6145
9102a45175362d35b244290b3f4ef8282ba3fccdac1bb27fc74335dd78101173,0,4878.5625
9103725f8a5da1a3a55a72a22b17b9aa091e39c7135b6ee513c28b19f03ac00d,2,1096.275
9104dd7e1770759134113c773d2b0d4a9d8c2f958ea3e83200332d6a17e4bf18,0,3844.173
910b3b340cedd7dfb23c453fdb1e4e52858bf70bf2e4049999843435bd9e8dc2,0,5641.745500000001
912cbbf5f4ab241e008f4a12f2217bb0c0baef672ca25345bd76f2267ef32ba1,2,1043.7685
91360f7f35c52652fd9ca59d9ee0b2ea9c09554344f0051fd5dfcc04780f24e5,2,1924.642
9144c2d9e16cb7fa5cb19da5d066e2015b89e03feaccb756cfa0a22192d7e8fd,0,4388.684
914944a16bfe95ff0c2397580f97399d37b55f17a0833c4c5e122b0d7918132a,0,4871.059
914f22e2adba63b550348565897cd66ccb7a694f0fa8a452614be4e36221452e,0,4807.800499999999
914fc203bf19e78c9f1ed1e32fb43208cda86e3ba85d35f521247da3e7009b4a,2,1983.4955000000002
91511e5e2dc67c349080b991007556559c03f97bf7d772f3e2287633e9cdc1a0,2,2050.3265
915302751f59fb7d8ffc93303d91b69d05fb488f8304d9cc57e635955f031842,2,4241.508
9157b7240e459c742a075dd3afd8f4dc2a7cfc81eba21a14d8429cecf87e4921,2,6945.9
915f40ad3a7219ab193bc5d00177cc267d21a403ec4374408124be11bedda87b,0,2001.3185
9168fc03805c8cd0fb3f7a6fe796a36375fc5757daf988c678efad13dbb43a7d,2,4092.0495
9172bcaa50338562be59539623e5f82bf4ff92afdc830bda6ee6cc3170dace43,2,1248.8464999999999
9175cf3e2e6b739d3e51dcaca9ba979a265a8383b88749483a6a48a04fc3ff0b,1,15622.152
917a86a00ab805a407975dcf1af63d2f5b8758a4756e975c9ef1c2f12d63a1d9,0,3587.3289999999997
917c771f8b6973383f7a34915f672a7277f5a7e5ec88b38efa61a87b78777c1b,1,7343.215
9185c03c0ab921ae88efbd8ce12c148ea3288fe71a5683653706c507d1f7015b,2,1418.556
9186ebc73475b315e0ca7aa83ffbce4ae5e834256a396a8d05a6971f8e313ae9,1,17139.6115
9188016e0fbcaee532316df739e0282f44bfab058dbdac67d8d09a188be16712,0,2288.023
918ef00fe4f10be59266d8683aeab0985cb9cefe5fbb617aa80046b9cbe3d4de,0,2071.755
9193b762d0bc7001b463ea12a7407aba78dadc892ca0e5ee64c08ce89b2cfe79,0,4464.3735
9193f1f5530cb7829744a482cce03f0263cde2e8eedeef178db349fb98d2e83b,2,4071.5005
91a1b1668c0cb9c92eef968010f43c29a32f7a1e645ba65747cbbb2ff8496b46,2,2803.7025
91a23f196278f6840c7715b9ed5d4492c5e3f3f2dfc3d9e7bcf42adbcb7e5ad8,2,2009.8859999999997
91a3d055dcf706f94a04fdb5146e88a5a7b65684267e363d4982f4a9d8ed48f9,2,212.905
91aa744138fd3502ab3cac7bc92650e7bb2ba8be73450e3c4a72047da8a006a6,0,815.1585000000001
91aa969ccf3b708e66d92364fcc4ecfe831fa5e2070d0ea9a0b1d51e69ea5b43,0,2771.5865
91b854f999ce8b5f4fdc03578c51babc61d8289aada0fec2f4b99a94a5243f98,2,3426.352
91badf0d2c44f4a5d552bfe7a597b13d09e1f2a141181e91d68170c11066608f,0,4963.0745
91bfe4c5808497dac83c9aed0f5b2e4ea28356ab30daec5ac469e3d0c054089b,0,1128.326
91c06655c7c1a3e6c221a6d938d5ab8a17e9ab18249c1866dffbbbce7b6a2273,0,3793.414
91c22c891938a72b23250ef129b63d0f2ca6346d0fc0a6633dd3ca0db21fef45,2,3045.7585000000004
91d21e17b38b2efe1bc9044827a9718146e198d243c714da6cc94e953d3e2499,2,4800.5725
91edd3ee753d1d2108ceaf31f3c593f2a2327686078c8af1742507b711124bd0,2,8375.039499999999
91edf327e51e642b175a0cbd14bf5e3fc9acfefa9218d440dcea6804d0f54fd5,0,4739.8385
91f23440e79fba6e933561c462e0f85b6605a398122263262d363b3c2daf2099,0,839.4440000000001
91f33116304e9396a9f8141cc1d7c609008ebc6b7c57210af96b8d45af3f8a6b,2,8666.424500000001
91f4ee7309420b7176ce2ed95b191fe86387b128a19eaa4e5f29c37ed2621a2c,2,2155.353
91fd047e18f56a6b297693a910ec8e4a6175019a5972b8854ab9bf65247008dd,0,3174.3255000000004
9200e5eba1e42bd3790a718fb5310efcbce4e49227f58a3bbce0a62871691e04,2,5522.5464999999995
920459f3dcbadd7e2bfd7d240c9c8025c7002eb334af5c31d4644f1724a3542c,0,3697.9134999999997
9204fa025af63467e9cacb807b3bf7265fa76b57e195be7ee6b9a521ed718218,2,4916.588
92119348b4fd2db921ab87da4a57ef79b610ded24c796cc69776c2e2e686e401,2,4238.963
9219f17a70f0206916b39dac0612c467af627896ad7c1d0027f292fd7f2553bd,1,17981.872
921a927c949decbda5b9e8c9caa10945574904e4ba2991ce4f1f1d9ac9b94b8c,2,3091.672
9220a61d291d6ae06017441eed487518c0634e71cddd37dfe1ba4cd6883eed3b,0,1248.0755000000001
92231097c0610bfa6142e609aa8f944ad052be2d110ceded1bd7d3ee80842d13,2,1225.249
92260624d436f4b71608971c38ef49770ccd6f3d5cc9ebb6077b7abb64a38bce,0,4137.67
92264321fab616724b0ad476f90e8a896e028a78ee80f9197d5bc18887daf625,2,2140.395
92282d0f8dd775cff0a1abe22b3b4a5ff94a2b36576dd0806d9668c9de45c3cc,0,3210.1315000000004
922b8a1e39920363e829b788b5f5600e4399f0923badf4ba520b2684beb1fef5,0,2437.3215
922c6201b3f5beb0c056ef9bd6924c2d759a3def0f75f5248f38341810b08ef3,0,17921.264
922d6b2e151c25c04bba109358dbf1c313f58c2590fb5530e1838147f878d67e,2,5180.206
922dade2178cfa431ac009f19f0e1be6e2baeb865d081875b0b7fc7567a81a4b,0,1727.0875
9232c9c1263a2f372f7e7c788d54f8bb06cedb20d6297851170bc2b16b0d9cd8,0,11076.0075
923d5b53aa40549308b92c5cff5771abaa4b224a6531e5349c1a6ab280a78b78,0,670.6585
923ea248a4cf4f0070d471c4fabd0de7ae31a5485c1bbfb6cc09d384a388c68b,2,6914.066500000001
9245ea749b09a9ac6ea5c9fb0efc0cf808f37e67913b0de401b1dcdaa5f53b4c,2,6111.403
925958669ffc872756aff817f4133b19044b4216dff4fd7987016ecda8b7c55a,2,4355.494
925d9c168cbb02292dc5ba70bc8f924f65e452b291fc7dd9a6349ca75be09d2d,2,3141.0204999999996
925ee80c63b41dab87668c2a6e13b4b879cd20acd5970619f63cb14b50be1c4b,0,2832.0125
92676a7659a5903f7a8a8e0ad6ba61ac0ac83f4d025c312b5fa993467d739e9f,0,4614.96
926d6a8cd6d8e3e947cc7d6d3a8cd9e6ef88a56cd8549daa6420b277308a195c,0,13454.326
9274d11d9cbc21aabef372d8dbf85be0a4e456fadd816955fed6e0719bef1bdf,0,5400.314
9283ff52c5ae17b955f74701aeef5c161f7d4a81021f089e0ec7789a0e6b9747,1,5572.2225
928f71c6cd5522e1a26d0011ed7273e1f55f0adb9b1847ba3ecb840849c45391,0,4012.6425
9296c311ef5400d746b7674970eb192f80b2b0f4d078d75154d70395b1784a50,0,5555.719999999999
9296f12ea1ce6f99e30b2f3175f0d8c1fed8c4dcf0a103c190cb20f7d032a8c2,2,991.288
929abae051f5b0e781c02a6bdc9acc2783adde5183d403a7e1950eb975e22f6f,0,752.5895
92a7fe15cac536e328a0602d6c4aa04f53f1f183330e2d36b3a3ba38e2cbb926,2,4385.144
92a84fd94067321b852820a3048956eee5e30f3fcd81b4d1fe7f9d6f9602c566,2,2402.5125000000003
92ae73f5b4a1242ccee763f6151bff0605a61b35a1940434a853d8ce23681929,0,3315.9745000000003
92aefc54320b080570e13280d713998b6cfb567e3873f3e0cb339764f5abe8e4,0,5323.829
92b3c58686a519b65e7080ef466b5e57a72f0632d9f4ae6bceb8738f6c59fcc2,2,3716.4535000000005
92bfc27a1995327801b8bbb40e28130e5447d978e851e7e39ebb78d34feb9414,2,1463.254
92c168b0fe2967fae19b4b9e6ea8d3b81de801a46e7662514c4a97b7b39805fd,0,5795.7075
92c35acfcbe37930ff98c5df63f2897d5464ce5c713149e4532af3f99a545e97,2,4493.357
92d063b36e21c2f70f31815314dbbc841ccc5813269564d0af22242bf736f5aa,2,11130.574
92d3f436caf2d4886f8133655822ab6d94c1d4405cd5dadea495f940edd897a8,0,3114.153
92da7889028a50e5bb0780983e092923e6f59c5b813cd27c5e4d7501e8495640,0,1997.202
92e1de02c62388e40e93c7ab43b34c625455883fdc540e8d6262680752e13ffe,2,8102.7135
92e6848232bed41f5745d5ddb7fd099fe7576a141a6ef1c4e30fcd643576ef09,0,2329.7025
92ea6587268300187753801d01e9fa3b78fa0dfc393b8d82a280ab5652854d41,2,4147.937
92ea784b5e262cd2d3e5671ae8fc6c83251e1ec3e761bd56f2dce1bc9d5f1113,2,550.9635000000001
92ee6926fc36f383f5cc72123ea249fea86a200cfe5efca53ed5a450301b8381,0,3015.5585
92f29f9fc5a247651c4e5efd9822e63fa594d09712a1d0c67bd1c95e12308c61,0,3466.5425000000005
92f4b1c1166064a534437dd7cef24bb21372b391d0b59dcd7527cf033df1d21c,1,9947.2025
92f74cc6f59f2fcb613981375d545fb4b8086908e9b460de2ccc5392bf6e067a,0,1617.6635
9301430f1734600365562a5ab46cf10ec41bb87d4b2f56fb1874a34d53ed8b91,0,2501.451
930425959c853b446c1b4a14b5567df7ee5b7500d892194a18f65f72493bf4b0,0,2564.974
93069aa072e55b538f676744ae4a2bc0cc5f7fb1fde276170adb55ecfdb58e03,0,14404.120499999999
9315ab50f09a932e4d91504a2ac9a7e39fd6fbf8c085b4e2b674822a478c171b,0,1957.3885
931d26f795030d53b5483c983c6807488591b3eed2aec0303562ea069b31e51f,0,3046.046
932fee64624bf380573d1235c81490a9e13db23e90ee3eaadaa24257a69f96e7,0,1365.7075
933068adb8d8ff3f3d24198c81591201b20861bb804a5ec14c28e22a9ddc5052,0,1284.44675
93311dba21bdfd81a1226afbe244683623f58336236d2b8b3a3f2ffcab6afb7d,0,12459.464500000002
9333bcc98d2eab57a6910e73bfee4f2c18464a116ba6529aa866a42f0e784b65,2,5126.2245
93376d72c89219a02b18584c2af266ae39355f3f2b9d007a786be6eb4702f93f,0,3809.766
9339169b2806a5a721e67300b99cdd5162c58b38cc33ca63547044f23cfa8842,1,6081.3045
9342f12ae6f868172fea467b3d1f38694009d571ed3aa2fe9d38dbdcf55eba57,2,4917.3965
93451e0551cedbd6277cb89964c7af7f907ee124af8b01fc9bf319b5fbd4d435,1,9290.1895
934bb13790f0bf5367eb3d1b2e6d7bbcf499376d590b0eb8192de0b911917d57,0,3384.5605
934cd5baa13b492e5578c2016b6de844d3a4a521ef9453becde47d48253f33f3,0,2201.2565
93550e43ac636eba6e7f3b77254a719e246a28ac6adf2c14f199eb15b3b3fea0,0,4605.4985
935a89b9477cd137527b365f0a411422ea9a7c58fecce5a79f7b5c79af24c7b7,2,2.2390000000000003
93680e281fe06f1c4bf87d8d85facd791275df77d6ed77d87245d96539d912ed,0,5807.117499999999
936999e98fd9dc2a6ebf8ae23b5ba8ebd3cfe401f484a5647230934795e2b81e,0,3202.3755
936d3fffc40ddc4eea10565d1691d9eaeb9566027c8cb81ad4bbe6f72c5815d5,2,2287.092
936dd3c938a02a4004bd11f0b97bfed10462039583851af5d676038ceed00927,0,2587.6385
93702a210c64b5bee559d152392067c05f7fe4ac2a0f0d5637da12093ba44de7,2,2541.995
93857a5f82209bc63dd25bda81958a519850b0f76c41d2dbe7df71afe00e49dc,2,1572.739
9385d160ec1403e3e9fca50c9604ac0aa09580aad0a44927643dd18705845808,2,8048.3015000000005
938cc867f3e436aa1d1e5f550729eb6a8ec3b88aef57c79f02cd87afdbd27bc6,0,2330.5865000000003
939144040dfc6167129fe9012e203533e4ffff041511179f49a338ab9442387b,2,2829.3714999999997
939edb2aea78eb2071ba3d13b868ea376664ca205317951afe8e59fdbc88e75c,0,719.6695000000001
93a12f7849cc39d32c13722db5bda12e7a825cb9f6ac84c0f933f35257123b65,0,4068.807
93a853d7bdbfd7c0113944b492b68223b4174da4d2dcbffbadd7741f6e7ffba7,0,1561.6035000000002
93a86f504e293b6a2a0490c3e33619b0062a6193450d6cb2f8090e378a3dceb0,2,9941.416
93ae2865de1c776266886020fbd0584892584c1ce4a15c0bc0dc0ea7e7f491a4,0,2151.5679
93afb3a2a1cf70f023e3db59330cbdd4d819ddbc54fb1fde0a39a0eb1131701a,0,5151.806500000001
93b41e94b1ef4b00950c28688ef7f37f9e0c247a4c0c58ffc4b8c4b4308984b0,2,3608.6135000000004
93b5acf9eb810e2d407336b038edff04ac45a72b0ad05a046007954e6c7a67e3,0,2877.706
93ba7841bb9287f8415641fca7e07f08f41e64983ab358168d29ac850125b5c7,0,3198.5440000000003
93d4e1229384306c175c840552226d47a2110f5c5adeafd9d2dfcbcab4174b02,0,6371.847
93d784151adc50255e3c4483e226db5f47667f4a57fe6583e9d60c1ae91f2241,2,15748.88
93d7cf8f4817c3d35c8fa8226d19fe931f6c5980f8665ce6c685c7bf09240a74,2,37195.361000000004
93d8ee1c4c9ce33dabbd5a50a5b6ea4a741186381e492a83cdcba60b4be3b594,2,2990.659
93db1402a2a317a9a259aca31d8b2992c427583c7df9dd7137da25b35bd9edf1,2,4635.0655
93dc52fcf9fe2c1e9572306bad1e3b896493ad82a8b48c26dc2d95868404ad55,2,4613.6885
93deb8590a0760eaf984d96ffdf1b0d526fff3993a6dc9cc0faf167d1602390d,0,5900.409
93e4adb04c33f71a4573e760f0cdbf3fb313dc3346362b2bdfadc98e9c259902,0,3242.152
93e50d6904a66c9df0c825b1445a41fc9d57cf0abbecd8074c11c7d75a0e87af,0,7925.1105
93ee5979e9180340f8df1dc0ca416f525427923e4a17dbe670723cf98255229a,2,3733.8360000000002
93ef3829d0f4dd2f456223237acfb071dcff071ac00cd749da84639d3926a6d2,0,3354.526
93f168bf85d3b77b0b382870d10b4aad7477f520813173b4df1bb6bb6be3b94e,2,6907.2515
93f6f48bac991fac4e0d8e1c91cf25859b3625623b6dddb22e812e5692e5fe26,0,2292.235
94119026f49f9eb8970f5f6a31cea1bc6e8817cea83a5d7fac781a5c8ccbb5e2,0,2679.928
94123425a6ffc943bf9d9cd178b0cd4d0b78838de85a397751875975857d3d50,0,3852.4784999999997
9415e1b891613e8d8ab8346c06e3756e35d328cd466e71de3440b0543fb27364,0,3794.5889999999995
9415f0535aa2556479bc5d1ef77076eb6867418c86f9de7319e82a22f8740181,2,590.532
9416c944b575ce8279c1be605ccd4b256a0edbd039575602191eccf6412ce255,0,3804.8705
941a207bed8f78aedcb464b537ec822a5c954877c1cbf9a6bad6769994289669,0,3574.885
9426d6f4db24dab9b605ad28b438583e6f1461665a2ecf7fb03eaf7c14e5900f,0,1637.739
9429417a3b4c4fab81118738635b3a0cb26a087b11dbbcb8642fa84d7deb424f,0,1495.581
942faea2a051d1378ef5898d1d173da6ba864fe7ee7c8a741aa4f87c30be1825,0,5364.918
943dffc3137a3b4542edd7e385783745826cfce1006b31473c33b35faddd6a6f,0,1787.4935
94403b758e86bf4aeff39ba2e860fe8cfee08e577175484cbbc0f95558fefc0e,2,5595.5305
9444e9c20b4d89555c05cff16e7e7e3b4ac16588adc5989e65f3063b183cafd5,2,2074.5795
944dcb31c34e284574e69106a49ee0aee3c44ce26b8446e74148e00e92be9332,0,3840.1465
9455304ba0bdf6b7ee796e86f305eac8bdf91eb64b247755b348340466f6d8f2,1,8110.400000000001
94578c8e0182293087ef7ec686dd4a1f516285ff782b7b6a540fe8590350fdc3,0,2085.9795
945b54fe1df10b5af3896f3e726b85dd26f1a531600bad4d115daba5112e89a0,1,2589.2859999999996
945d7ba5284226835b988878b83bd975125dda25013eef1266ece5bb166de837,0,5328.801
945db70e29519967a916efe22d97ee077457d31ae77c15407a35b0e215a8ce78,2,777.385
945e630c4c7cc03e0c0cff2079293761d5c454a1ab0b35c0f508584f6592d74c,0,4228.424000000001
945e73792d051d4fbdfafaf0d4d5e5c274b3a6b2aca0ab8e1f9570382fc6fa94,2,4897.9225
9460b1285a56c51db45b4d126c17b602a857f5ea46d3f01da9bb7635e003a47a,2,5169.264999999999
946672b4b5707ae1e430845c74f9dace6ff423b6ba27968ebd5bcc494ef1418d,2,3887.799
946d20bccc664ce9eb6653e40350fb0568716c5bdec83f7ed625568fd520bbf1,0,7220.5830000000005
947556f7057de8eb85b82a5188dee24e26f82bbeb54660f96fba988599b52005,2,5040.7875
948053ec9914b0c161fbdfe937c59d5a318ec078f923e66a02bd6f9b4bcba75a,0,5325.0965
9496ece4c7338782dcde9a581aae866f829a95acae7d5dc6722d4bfa5f6771a6,0,4754.2215
94a3d4c93d45f3260d3f0795c4e64753647c15c5fcf003584269d7e15b656728,0,2667.3985
94b0dabf889d6555b80611e20b1de101c8f5c830ca3e29893790736f3b069a9b,0,3854.334
94b4c3512601479e38c7985a2ae686ba4d5d600ca711894b706414862e78f656,0,3261.218
94b5f966fdd0f0ff0aaa7a3687c32bf0ea82e5389ffc845a27310c00b4162f57,0,6094.0265
94bd616e02071668f11a3c2276daf525d35da1113775b0907b887c76b5fe8ff1,2,3663.572
94c1a81a1f9c9b178979bf2ab946f2a7715bcd2fe085eaa5bfa13a14df6656f4,1,7488.858499999999
94c2a555440388a7d1c0b05160dfd3715113b2dc3442b614e64e5689af99d9e8,0,2563.206
94c4d7efbc14d5baff30d55da753e163bfd2c680489821ecf0f7468dcb26b2b8,0,2716.5429999999997
94c94f76616883bd59de026d3bc129b779c4301a4c47c9fe3a31effd58ab4c16,2,6474.2945
94d0ba5482802850dd92e5f7668adac85ccb5bc760ead826fb36b8e4a246a5f3,0,4672.3595000000005
94da95646ba26a55feb95acc75479d0d4a311c147558875b2db9564d0b55311e,1,7495.56
94dbd5f7c033a1605c88d03d9cdbaa29714710e419c5dc2f82104cade5d92c47,2,3755.1935000000003
94e87567daa45401774a0a2eb15536bd44ca96e6cf22d9a6fc8d2222aabc0db4,2,3771.849
94f0f5b114f8f5a0f452c0c218fd87858bc2a72fe552ea99a8c43e7d10d4658a,2,6558.843500000001
94f3b594f02d9595c2bed83c9bfdf7757cc5bfa5208c1d2513f5193d66cd39a1,2,5807.013
94fed50a1200812833a91bf8a6767ea29823d4ba1802e614c6de01fbb02f14ee,0,6231.0135
9505ccdcc6ce2f407976e271ae6a0608f8ec0e5ea932dc28d843bfcbc49aae4b,2,4425.024
95161905d7b70d3e94034c6ff3dcc1bbe182b4e9abac017cacd08a4623ed39bb,2,1388.8905
951905b7c80b2856d302bb3b0ee1f5a555742b1a0e48d24a875c9f9cae0cb928,0,6237.8195
9519a781b7c9867afe4a77911e265d579422af544cee919604c2e72811efd1e4,0,1433.185
951ae2a70685cdac00e5b1f8e6dc46ed36a6272f32ce3c6a0c854f4425c56b14,2,7271.824500000001
9522acfbf96255cd69b38e1830ec0189d87adb7d1001c5e0788d9a1cc47d17b9,0,2572.3225
9526cbf27b3cc0a4761a3c6b5c1a504f694111608bf9a0ed41df99776a913db1,2,2982.5359999999996
952f13e4184db49efa0c27ba987da90c9df2a4984cd33275e5bed34f6a58a810,1,2728.1145
952fda15950066162f2c18711a6b1ebdda2bc9a7c8f76b74c9eb1e9595353fe5,0,2860.295
9535ff0631c7fc656937b87442f26bc1063ff439bbf11f0f8f363173d6b01f59,2,2127.1075
953f27c1c2479edaae3cdda498e747332741ab7b31b3cdbb7a87d77a3d37f9d2,2,2503.541
9545539f9cc2cfa4c6267ae941cb4500e8abd407cf6d01ed9343c27b8a6e1e5e,1,1536.1285
95471569d5849eee2491817ce57368a99495654bc8989d948b54ec79e72d8ee9,0,4033.4655
954ec02e21d9915d81287993d250537023f43d5db4d3840f6c27c9ab70bfc34c,0,24.047
955bb6cacfc4a933deae757c6baf9157c10e07caa88aeacabb65158cbb326d79,0,446.3135
956293d8ae8550548e64a6e6dc4d487779c94f35cb9780e6872c8cf38bbb9c63,0,4609.8165
956437d893b3c929247530a06fad1e055c0fda974912d15c3b703864d5a06781,2,921.0954999999999
95663981f1d42e604b7e0d796e255d1b609c69999cd75336ab68fb5c056377f1,2,1862.23
956954a1e979b75c2bb2cea6d850207eda46a92da2dc03542f753e074654ba3c,0,732.5880000000001
95744a39e1cbe89b08c960f53cca69a7112e79b92bf7ebb934457bfbb5d64282,0,3579.2245
957d80a4baba91e228b6ad743d8000f62486455b84416e9c7c4930e9609a730e,1,4738.2564999999995
9581ae066c0d3c7184e70ab0803c2c0ec9c0e76b126dc9909572f4cc11e28973,0,1069.1150000000002
958cb738e19651df06533ab242a4d470221e96f7a12217c42dedb94c839d2cd7,2,1537.7465
958cba48d74d0538815d8ed460a16ca202cd0bce86956f8469c45f70c9aa3137,2,1755.6875
9593dea6cef1ebdb66ef525e45a5c66004b41ab592a323a4e0ac259e7e179b83,2,3731.2225
9597d734370790503c0a0b3f310748d1fca74a2481560ab12d99ccb045502289,2,3302.7940000000003
959c657371bb8cc17f049cd1c836e3f10afcb5c54b7d0289550ffaa6c8788763,2,7023.376
959faaa578c1d2b71bd8914daa9051fbe8d15d60cd346916428c71c829d3c48f,0,4522.128500000001
95a876608c78990c9b96c3f67f4400b906afebd1e4aeb334457288ff2a2cd6d7,0,5614.348000000001
95aecb1ebada2cdb3cc7211e53b889c24b9b50ec6e62928e75f2478eb74764cd,2,2922.1984999999995
95b025c62cb1452c68bae6ea18c21d5cec44bf2cfa5de95f13ef81212fd9c916,0,7757.125499999999
95b13d9816c69f08edd61cc410181074095646ca5ae2f01d92124a035dd4c15c,1,10531.104
95b2914543c551ca710067170fb4a88a985a38eaaf9143138f28c1726cb31fdc,0,11513.604
95b7b7c818f172a10a5b126d217d6614779270687a0ac292dd2652ba8ff2ce03,0,7368.648999999999
95b89465e9ced53a68dc07dd4d778bd7f8722afd52451392fc775dd7c2557ec0,0,1485.9495
95c48222f26ffba10a04d0afded80bdc99a7e21438b07749fbcdc0a2922c94d0,2,2590.7845
95ccd9445899959d12344729d12140f7007247acefedc584e84249129b3ff4af,0,11788.4805
95ce587d0e126cb50c93e2bfdaae4497c7608c58cc1b990e49504163a31c2893,0,6297.6795
95d40d4915e10b8059ac30e6e14050143754f3349bd434fa02e3e07c34c5b058,2,5127.034
95de88719e27316b91f3e8ac36a523773ea38da5ab237e4dee6e46b7250927c5,1,1400.6725000000001
95ea44267c7984adc6838333e52424ddb7397bbaa93d7838fd47030632ab640e,0,5778.574
95edc9f51904904c778117c4af00e32e958e324f6f1eacf9043416bed787893b,2,961.0545000000001
95ef51260fddec06294817b7b8f7f8f0bbf886c2b15677b805475adb7ba0ab87,2,2458.6905
95f3d8bbd2ca4cbcb5d1175eb871f58088b25f1c9537b90c9548346686cdc6f3,2,3644.3895
960317f5efb6d37c83713dac4270a9f302ca92d59093fa40b2e04b01a6faf85b,0,6678.969
9613ceb0ae15588a2275ac5ada2b20bb696024d88023e07c683affe63597d223,2,3863.4475
96142a5ff1f96a2becb1cc57433b01bd0b59bf489405e397d13203cb0e946852,0,2331.1795
9614e3738cfe59908f7c07fada57d48fb0b56791000f403809cc1845364f1d6f,0,7803.3855
9618b94ce9d1fd3b7862bc67be29df63323f61c95463b1619c3c3e8adc1e7edf,0,920.5020000000002
961cdde459f256ddb4a0d70de430ab253dab44f8b7ea9fc3bda4618edec53341,0,3715.5145
961e05e15110f5fead4322394366e677330ae3dafc32c960429509791f21678b,0,1699.7920000000001
961f0ecbe76954f8062e0dc9ba72361d8e44154f466007770d6ed261e0d336f7,0,3108.7355000000002
961f913ab24fe5fe812ef1086cd289a44294f7a7077e9ae43240a7c69c8274bb,0,1569.0198333333337
96206a95d3fe4be704ce20d29555eb0df1c9a43aa05e6e096ca83cc16301f51f,0,3672.178
962e46b3eae0f79769a369ed3eba00463f98568adc78723cdd7d68d5e8f66c61,2,2843.7455
962ff314d1fbaebf663057c169fe75e110d7f3807b593235182ff50d905645f3,0,1169.2335
9637ca41852d13b29d73b7544bb458c6a2012ba82cfc323111e554c6abdaadb6,2,1373.679
963b400320cfccdf5d145184436e54fc40a7b86789c40e4ca78d1d945d865205,2,4670.1505
963ed25fe3efc80ede06fd8dffa3fc0691799865b66934e3d41dc326c8d77cea,2,821.5704999999999
964090126cbd1fe138595bbdf1e97aeb3c9576e503a0ec90877c41c7fc46ce0e,1,710.8585
964193f2dfd5c116ba8ad6e62e382e063102265beddbdc0e7810830f702b50d1,0,4312.873
964c8f5f602970c55789e042a946669a68b9ebb02fdb70fa233f86230319e823,2,3086.2565000000004
965836da3f59963978f08143452e80dbe361583d2b164b346c183464753046f0,0,5543.3445
9659ef35e6a59be6a2dabb040de51857d4c7d1b415869d9d5ea03c4c585fce53,0,3919.2790000000005
965fc955e074ed26024400ae18acab3a8dd127f720097296cb5b26c2161e4d35,2,8261.5005
9660a6ba9855c3f9584a179718948ceb09a0a49c6191070b15094e1f28aa0313,0,9733.32
96699a53be7ea7c72907132841daaf35a864c3b02ee1c034af48f7f10568bb25,0,3138.2325
9672164e7aa09d9b9973c724fd5f66b685e3d513bec76fcf63a5e08bb8e7beb4,2,8652.131000000001
9673ee9cd5c18a9126ce7956a70f3e35b2c9c81ef80933f767327d1afe6e38d3,0,4140.534
96747cc7ceb5dd3ae12dc6d0802ca6f6a07b49123c5a8d1b280aa830143c14cd,2,6315.443499999999
967ae6ee6aff970b0821a942e6fca03761d1753b885308ac15c53af86817b5a8,0,2501.218
9686767aeae30dfc7500ff1c085c9faf4814bac00bf89cf678783b792067f41e,2,5342.9375
968d96b58164f36e42dd346b59ecb6e51d273484a3a25c9b6e1705cacad1f21f,2,8631.6025
9694f5771156c8cdb38ebfdd0193a444beb8d0447cb2a0818a3c869f3b1559e8,0,6671.636
969ad416d323b6d335f0579e8e0d4ad51ab41e00a91e69b77a27dd59ba709288,2,470.45900000000006
969dcd9ed74c9c14d7b66c9f57dbb9498425c3ceea1a87c6be77e204668ceb28,0,3479.3095
96a004ad1779db67e423d86c40f41ad88bb36d76772aed0ea8dfcb9919c8a656,0,3538.0575
96cb01bd5f3452fad28badf0975faf82bbad10187d373886b5095a5f80bdcee7,0,5965.041499999999
96d1b46fb4feb8871c7465ce4487237f9b0c34c8f1af9d2a0e9f0772cd623022,2,3143.672
96e43ab597e3c76d3bbeafcdaf3688b03d21b6ad3e7764541649c0ea6ad20177,0,9092.7725
96ef98772701afb11a30e2c02b0a1962cce662087cbc78112d19786893eca947,2,5711.72
96faf95db0bceeaef4fc15858b14810c599d8f00f4bdc7316c423744e22392ff,2,9363.559
96fc6a80cb9f4d69830c2681994317b4ad23329b3c4198294e822f22b9f97cb2,2,3275.2945
97049baf4f550e6f0d07ce92c5ddd1bf6e766d598d0b5cbe76719938c58fc500,0,3212.6090000000004
9705448363262cb5d7bee16ab85beb08e291a0ac39c2f6ad2ca361e569f522c5,0,2696.958
970a6b1ffde2eea8a4205618ff0a8f9dedfb1813c7b28f2753c84919ff49f424,0,2102.4115
971cb141894177302c1f7d6d2a3161f619163d02c2fee4d678f93b01ee789a33,0,2914.1499999999996
97208978c5607e741ade0934e8c23daff32881f935d7fd637973f2748564578b,2,1312.102
9725b3df09aefa611e53c8a64399e6d36508ec0559ed6b6f9f338b5d2dd53284,2,3298.2419999999997
973308e6da1a2295e803e5d9d240cfdd1b1d4a8713a46b8208894304dcd1e25d,1,6128.614
973c9b476a7e9dcb068227db4f7be628c34d1ad040ed8e584545c98aaca7cec9,2,1941.9085
973fbfd159a5a19f30bef8b4d46e62678292691776c95d99c16d829a3319c59f,2,10197.3095
97556f63c49359c4fa839ad2348d37070f79e39bc0d9c406862adf53c084692c,0,2140.3305
975a638bd54494b733fff034c3859f0a34f697cb96e641a5bbb834ebc78e7668,2,4576.887
975e3fda9fd82a075367573a51921699ebd3781317264a277b97310f36ff8011,2,2790.65
975f1dcf79dc03d9cbae74dab90deadfd50c86d90174c36d444959ff88c5d346,2,4009.6620000000003
97605c6047a16de91b421cb4fa37a68051f84cd6321edd15479873bdf05fbfce,0,6910.124500000001
976d24e5ade915e51f36b8a26a684e4eb1cd60ef92ee94485f8b878e9ace6381,0,3761.3055000000004
976da22b446bab6646fe74360c5247fdfbedef14510c46bff7b1788d1fad2beb,0,4702.173
97763bdb7e197f859bee9a251193823ebc914956984403d167389c53e7288e1c,1,7667.751
978c317e1e3054ef19e33dec59e1e5d499c95e268b6726f4b17d84ce82427540,0,2351.8150000000005
97a0692ada40b69be4fe511711527d952bdab2d0d0228d9aeae7bb7d334d4ab6,2,5884.621
97a529d926f04d52d0fbf5d2d571e6991991d64ffe8fb419553ca8f6319d5e45,2,328.23799999999994
97ad63daee811423dd24243eef66fdd5d80f496bc2f775ef8a193b50efbcff8c,0,2534.8824999999997
97b46914b2edeae25cb6972e346b6b7ad6fe2157c116f3fed898c6292a231e2c,2,6371.5895
97b9b9090e4f2cbde74d854313329042186d8e970eb6c99fcddd2b4ce358f5c2,0,3021.3685
97c560bc5da94ee9b47cce0405fb322aa641533c0956598201787d6a8d36ad46,0,1742.9755
97ca6e4cee4cbe35d7eb25fdf0e0287bc85f83bcbf417bac92fc362f87b97013,2,5957.209499999999
97cc7489a931f04d80095cc9673e84b6665d8c4cc1050f2c5ef106d3735951a4,0,2506.431
97ceba20c08cccbb11c143434093fe900e20dcdb60b4b7a7072bf6e12e85b09f,0,5158.2685
97d043f86c94913e1928a5978bc0fc164015c878c0218d9cde032a10043dacf7,2,2863.5535
97d186b3f984df9fd1687c17b494004c1b9a3471cdae451806da69ff27a9d217,2,5826.42
97d3c269bea4502dfb676f7a4a5e3249adc00d3993d6cc4111a5a52474666988,2,4780.7964999999995
97e75d57db83153a396d45fb428652e25440e753c67e5bb6cab63e146ae6231b,1,9761.798
97ef148be84ecedbc3ee6825e578579365bbb3376ad1b1f8631a2a8cd1c71ddd,0,3870.218
97f00477c6d6493d9530e63b8aabec19fd36081da02a2077094a1df9464c7829,0,1290.5135
97f3fb78c6f9d02e5a5132c7a3c567978432f336fdea268e9e0b8e163bcb5e41,2,6355.2165
97f54faa24fcb78f7b230e1f86e890df41571ffcf9e73fc51baaacc0aa0ad4b7,0,1710.93
97fcdb2d486bd6a133f13d5293d2086140dba1c16835b9316e2a51fb67245e97,0,6206.778499999999
97fdaf3dbd2d0a384abf2e24ae90080dff9bf320274587914f63cef81a15c5d0,0,3288.2344999999996
98021aa455b197a4cf4a3622f9256d1e83c14aa15ade6a339d152d3ceb62f4a3,0,3053.3215
9807c8fc5316b43ad044098c949217598e7f2d0fb93025b55f46c146d9aa91b9,2,2307.2375
980aef7fa17135b170a6a2890a1751210865dfcf66ecff7134191dccd9dff67f,0,3202.317
980d6331c162a5438197787c0f3ec4e9064f73bc665592698e811ce53df01482,0,2974.7995
981b94f829282b479e749f0adb824e734e295d4003e96a99823460adf525c701,0,3148.548
9822ace89078bc648e78a2a415cdb831f7ef3d05bfb234439016568899c908f5,0,2218.0985
98259d2463d10a2bda9b9c013cc2c01dee48508f3b7c2cf04532c833ba218738,0,2799.4170000000004
98291cf53b86a1835b1a27e11446f6910b80f42496b584d8d1cf8fb9f8c78f80,0,1874.8594999999998
98327c6f745e20ab03fdaf8afae9369dc251acee7e92cae8315f1939e214d63b,1,11582.322999999999
983ab7afd21660a9425f79421258aa1cfd9a90b29f3c49cd76db37f444114911,0,4264.529
983ff88f7108ec147630da30489eb85afcf4306f6c298c745f5519b281b67f81,0,1767.373
98423a9796320ea87f619120f96b378374893f15ba4834376183904daa8dd8cc,2,3925.0980000000004
98458deedf47bfc366c83494c4c1d5581d4f9ae414d7bcf40da8317919852053,2,3565.933
9848016880e1883ca716210439274519db204061cb65a7d5dbcb1d80eaf2383e,0,2936.7335000000003
9853191785691c6183b7d1f2cbedf1e547fd9f18f0fd316a61f0ef1fe963c817,2,3569.7750000000005
9860c220d49f76ee89d269820304c8c455c9968a43638a05ad917aa81e0d7a30,0,4747.3235
986175a00dd54c7f1385e4047f2e233023ac8d6a0f886fc3bc45d48d13b8b0ad,0,3704.9595000000004
986c0c790e940d1478acb82b596520fe57b4df9547a330a92b50061e7f3f8195,0,5731.6055
986c588d3854d7b7ef4d374ae6d435ac9df0a1af1b7661b455505de31825e4d6,2,6303.285
986df6bb25695989a01704d17d03fcd1d0d519cd7aa8d656d896aa3df65fde8f,1,5483.648999999999
98714f6af2c7fbfc18a45e0f4719598cfa362f58d45545ce101fe52f25a254df,2,4648.692999999999
987724f127482b09c2f24088bf3843515a75acd6b18e1f4ef2b3ce21609b054e,1,9147.017
988301af9514e44a4e548c73694f7a2c0220356c21f295125323ff904cfd16b3,0,3499.1795
988e81f28a13096b3bb93d9d17450a06045b4d5d054ea196b7bca2702d574dd0,0,2790.9545
988eaa2def8269df801c1ad49d41f6058cfe33795fcb6cdfdd31838b92643400,1,12762.364
9899fcbef6670130c1f0a52447549726daed9b274661cb1d8bf43da3082c3816,2,5062.370499999999
989fc2fd6d034ab9dc6d146783addd8808181dcc3cdbcf15fa681c03b2ca3660,2,6954.9884999999995
98a2a757f63a6d348f2f51a0413271364cbb18913e44f92d7450402fcec6fa62,0,4192.8885
98aec7041daefdd3bc3a41b3e7b150b13ebeef1668e4d610b68911f6705be2fc,0,5474.2919999999995
98b3e935f2772d121242d148976595d9dbd8568e1979bca5f3d41f5863493d71,2,4398.659000000001
98b55b9ed40bc043462378cc5cb2373ad50df184f769c7b21e87d4dc4415ebb3,2,2800.1335000000004
98b88b7c53a2368450b5a0c45ea03dd8e892391910768fb43766260976da28ae,1,890.492
98bd6a435e9c6e50832f8f63f0963f594cd9075d3245e9740d1b00fb98879ef4,2,651.4860000000001
98c4478cbedef395eede13c35ca79183a03d72582f50d079baa78fde79ccf8d7,0,3949.0339999999997
98c7c28520a82f86fbfcd6222fb45a586e3f5c1c6f391f8e88372c523c142356,0,3502.2405000000003
98c958f61a8f24d5dbe343440cebeaa249fa1c6c161c1ffb0a97b96ade8e3aa7,2,4403.090666666667
98c9e55aea029c9097baabff6619ddcadff7744e33e1921211439bd83ed210c4,2,3538.3365
98e69fe39aa48af302025f4651088896cc718c9aedb694fd95bc2c18268cc945,2,6374.3685
98e70f5fbe52343c7ad59cea5373d1e4864332360bcbdb1e83deefbb4a9c593a,0,3259.376
98e76790ef9f28d95a48851a68a0060f289b034e02848a1d661afcd63d16318c,2,2463.6530000000002
98ea6d6a934d363f2091a3b7732b4cccda363799cc7068602dc88e0c6bd93885,2,1507.095
98f1146e3c095a07d476bbfca169dabafe9d01934261a787c80807cd496a969e,2,8877.0775
990554f5dd64a64f3c9685468591de0b9b44fa8fde708b212a456882d51b75d7,0,1424.0795
990d5520e4639488146e532e3beec2c97a665d7d4ac0a84b16e2f45f404d387c,0,7312.579500000001
99161e57d8c028dfdadbf2d5f62fd15a2dc5b6678183b6d8a2881f89a30d761f,0,3068.3755
9931b44c20d8779f848b9a2046c0895560e671bd55ea69697d7fb63294374af7,0,3538.8215
99371bf66266224c8033ad0f13008c7388368290785592044c51e6956fe69d03,0,4511.4475
99386dfc49b4e6e499ebfac699cc9dd32777899aeb26b06e452192b7e9d18482,2,7539.813000000001
993da1d8307963e5332a8dc4fac2caac59feafc4810a127435bff22722b0c9f2,0,2814.413
994e48f862052f06fc5b168102729c1f80736c61ea9ba62f1d54a58b3e705ce1,2,7561.7465
994ea22dfae519f714c97c8c0a9ae9d857c9b2d7b6ef4b4a7ad3ae30c46800d7,0,3310.0139999999997
99520fbaa333fe412bc5f2b595c718dbe23077249a5aebbbb71006c65a6c13a8,1,9953.373
99548e374c6f5239390de5797fdaa787e61f712089aa5f6967dbfc567f6ebe65,2,5741.5115000000005
995c0a5a1158291e1e3f8980eac238a6a9e3b6a386b8a87f7f464212da3cdcaa,1,26129.431500000002
9960f5013b1cc9c9a8c885e4f93edc73ec3c35d4e57212b5cdb21af4c753181d,2,4595.673
9969a5ed606efee6a202ea3cd4641901a350e19585fcfbceb34f58731033c1b5,0,1855.7345
99753d9f7f6917ab9157c31d171f1dd3dc785550c171193804a89fdb47da674c,0,1639.0835
997d3811e01b2a8ef3c3f04d6c71d2d18922a63097d6df4a2b272ad0587f559a,0,7381.3385
998e389f2c60ef12c4a5331943ddc82ed21bca47a290febd2d5b2a118e3113ef,2,3186.9100000000003
999552d7e8f6856985b273c1f03e1e9031cc9b8e2fd682035e76c8e2c95b1d3f,2,2484.164
99a53c49cf2a06361e69603e5adaf8f8d235ed172bf98f1e97600e66c6f0d333,0,3091.08
99a9e43dbf0a5efe8fe1842787c39f726cdd2f91b52963456b2dcc2e40754409,2,2883.9210000000003
99aef2a22295d79a8696b5d237d13e1cdb81459768229fe3b1ed3ae9d164d7fb,0,5389.089
99aef57472f547b484f5c13a32202e80b2ae7cc069414cc7257db43630af67f1,0,3060.5225
99bf4857eb780322158e3de75389029fa379a2d6a2dd1d26987343ac1c0aff15,0,3603.3064999999997
99c19af7d673be3d6d9fbcb324f4444ff32d5eb852ba2dad4e2d1d0ae09bf85d,0,7486.223999999999
99c94d9404795b4af8e4eb202c00ec0bc311bd48ddf4cd5b52d4ec4ea611fd82,0,1175.232
99db18a9cf0612c2b2fae557fc7fe390999cfe8fb7a98f1f7fcdf6b0d134b4a3,2,2996.2309999999998
99eb8234abc445f8dce27bbb84bc781a12232358cc799e6dcc83e3dae9354a84,0,7307.234
99f1be3c5b575806334b2b6df09282ba98895be6d30d169cdac2906a76daa2fe,0,5137.565
99f3ae7930db30089d559b1f2e1d0bb9781322e0cb8c8ee382550c0a82ad3fdd,0,7810.072
99f9e55ee64a216e6988ec0223a3c26da0f60e3ff1808f21707be92345183e4e,2,3728.2465
9a028c9e8136ee79d90026069fc8384aba375bed35eae2e0d1307974a3f7ac26,2,121.26000000000002
9a072b519e4a0e91618f504d9b408a15cb841a020c61dbcd3770450e291a80c3,0,1093.8685
9a081cf1bef6c722ec7a666e492afb53f84a1a8fb4f292e8887e51345ceb9970,0,2019.9715
9a0b4fc14836e5a2ad41743f610fc2796bda04c5f51976f7271265ac0bff2fa3,0,3045.3785
9a0e5b69f2f818adbab24f3f96194fb532a806ad6d2257f407dd4764870c2b92,0,1298.67
9a0f7e605cc7d515f92e5344d1b22039036e3fb069fc1acd9e1a62c5b4aa9cf6,2,3210.2090000000007
9a120c35a14b5e1fcb123bf9fc9f5b8e9163939f03df93769ebe21430eda1bb6,0,2121.553
9a275da4006e93a7a09070ce6cf7cda6b454577c9fd83c54fc6f3be2ed8e5716,2,2890.577
9a2be388b88453b38185ec3498f09a7b9ef073d2aac65c17ba7fe7ec50140a81,2,9353.822
9a3bc97ac69fab5c75d5097768166616b5870926d5cd657d206a13e27e3c5d81,2,6737.838500000001
9a41d87b37b8dd877762cc1dfe1d37bc335c4c5008907c93de1d8a1a3a7148ba,0,5364.039500000001
9a4866b0b5e64599b6194ecff9e69d0bb899d39ac08b91da9badff91b0d4a45c,0,1454.3995
9a5208519c3167475e3c5b3016239839dbadf90ef43d7aa554bfaac926d3ec7a,0,5150.796
9a538fad7fcdd6081b5ff8adf64f847ec8f3f3636a807905233fd3a7d3262603,0,2286.4215
9a608bd10a8163fd4e7de6af066e35453f2b733994c757ff939ef4acd44e86c2,0,7594.914000000001
9a6746300d20580c340eb993ecece767df0e89b9275a14df70778272a186ea34,2,2957.813
9a7b789d11daf1c4ff991f9de860b435b3899f40c691de7861eea22b1ee6fbc2,0,1291.2670000000003
9a89589ff07f48f1a43a27e58708a9a70af943237850e396893dc27fc295fd27,2,891.9730000000001
9a8ab7087b70bb13f3cde220048929a5be58ff3fd7102ec9894d3f3afe9de6c2,0,1723.6250000000002
9a8ddc75e477090d9858fe9e2d7dfcacb980adb5232e62494f583dc57c125bae,2,2688.7290000000003
9a8e2fd73a148fb3395d2b023f2f321c0c9c3b9b6f568a99b4c522def2141751,0,4328.0465
9a9022ed7ec3653a2de3d7bc817a1604a6f07ef1eb7efb3cff0d698ec0dc56ce,2,4774.059
9a98cb4799133e37eff6391ea6441e80bf8fb37bcb9c7b08106004a81b09c1a0,0,1912.793
9a9b8ddafdec1a4bf9b9cca383cfd14dedc7643c6ba3a254955fe4adc02716f9,1,2788.8815000000004
9a9d7418cd58583ccd8a773347702d52796813400d264cccf0907efe210d012d,0,2408.669
9aa718aab8d6cb9f3671ad08e5c545d85525d8a77fbfa3b5ba35331dbf2d8362,2,196.55799999999996
9aaacdefe989e68b04e19b3681c33fa463cff080a6980974789e63bf29a7296b,0,4327.4285
9ab326d1afdcad7fc178c5237551fe348383fc4db87888b405e04cf7faf22eaf,2,4633.7845
9ab76cd12b786dac790c91b95ee48a9167b40214353a784b900586d4122fe3e0,2,4644.5875
9ac29b522d316768fb010aa17d197ae87226bbe500edcd37285dfd4a775ca500,0,5183.5405
9ac7ee9905b1efc28bd26187907369bb6f3fb2325043fbbbbbdb867b8002c83f,2,4844.5995
9acb7037acc5c0d8df3bd2c339955c5bfd0603483dc61ffa5aec5ad36f8e8887,2,51.561
9accdec961c975102a9526c1d1a0daf80828a8a54c44d6ab46be1aead2ee6db9,1,870.425
9acfd67e247377eff9b14d63e72aea6cddf61b21151c8a193bcb0028b8cb5973,0,7797.076500000001
9ad0c0ec777519abea1a3bd67cf5036706b705f7958ed15254b7943b3fb25255,1,1108.7945
9ad6ed706ef2329379cfc93d018532326186163381030b8bfc702caf72cae84e,0,3834.549
9ad92072776126f5c309ebeb68e183025109973d992ae32b7521997e914ecba6,2,5945.3115
9ae491b8dedf6d7ecee0743e5c0e5f342cabec902b03a7a810c7c12be05908d4,0,5140.8255
9ae6c7c9531f03bc052d6069be2d82223f9d2d9492e59bafd6ea5c81faa75251,0,5241.588
9aeed9d39237d8d141db27a646607e7e1e0c35e579fc64621b6025da05460dda,2,5838.012000000001
9aef9160c920337de420e5068d2ffc3ea8d3f69395161055ef5cafd974cdd509,0,2366.638
9afa41f6d39951479ba74cf21c0f272a3af8b53c6e78c58a62651abb67b030b8,2,4051.932
9b0600a2f801f398677d1f90e4dddd42eda8d9d5b725914f0d093baeb24b042c,2,4209.588
9b06b62cf6de0793a81e37bc720169d9ad578b2949036afe25cef259379773da,0,951.7750000000001
9b073dbbdd14c9833e3f77486d7202613f707616978da6ae3a71584c76c63a4c,0,3789.5195000000003
9b16754dba52b666ddb4333e23abe329849c16286d15dcb952a4a03db3b6ffe7,0,5439.4215
9b16ebaf689b425cac6a230f1173f0913d2d3985b775f2ab5fb3ff91abc7b436,0,3705.6815000000006
9b19a3fe4cca933b223b81f58a16592d78457c043daa7b62994d55e9bad534eb,0,6921.585000000001
9b1ec13afeec07e9618ba6074e312fe9fca5069f3dac97ed7bd8df6fd41f34f8,0,6673.077
9b263ac1da75f75f9fb46b0dda4546c5d963ec1a58627049dc6cc0cd99bea281,0,3733.905
9b297253b079f02e4cdef21191f9288c5485214d4213a239451a5a6348d46bfd,0,6374.989
9b2b21ba027b017a26e9991121049664f72f13dac10fb9dd246fd7c6f3385ef6,0,3287.0559999999996
9b38b59b553c3a693493180f5099138af1db63bc59f67ec85eab281a0d78e25f,2,1707.8335
9b3ae593ea87046431052133ed4b48f32434199cf07b414b80aeabd30f04e716,0,647.3385000000001
9b3b7220c54493c05d1ce3272fb90b75745a839dbbeb45e995ba71f5f4f4ac98,0,3538.3410000000003
9b3d155b8dc70c2bfc187f57a6f18684958ea2dd29a911f99fcb788c7cde572c,0,3944.3275000000003
9b46a8f4ba8cb0bf211729624a8d01c669c6cf76892a158b330ccce733bb171e,2,4420.955
9b51a94ca3ce76f3b4d5ae8f115091d984ad813871d260ae39f7be8d9bbffd60,0,3182.5454999999997
9b579f703e0b9542130c221ae681114897fa35653747e4220b639a260313ec29,0,2157.013
9b5b27bfc32f24f8b75e412db4350c91622c19d3446fe15d0aac785b80780366,0,5800.686
9b5e0d58a8c88a7d16d523158e1c255343bdde131b7fe969ad29711b3d48306d,2,2726.698
9b62d1d890b5bf8a7fba54faa7824413604b45b45fc81705fcef8c910bf63050,2,4304.7945
9b63add6073cbe04684b2e67ff2d0d78cf6c4872009d01ff11ddc30eb95e9877,0,2628.1735
9b6af77a16b8113145d5d56ebbca730870ffe2d7589b5795e824736ed764d7f9,0,2255.4935
9b6c0a315b9e27fe5f5468da07ad560f0820bf9134f065218e5e302f9e723d6f,2,4073.4685
9b7b55ed3a86fa6cc416c884ef4ecd7ead4475926301673d5b41be910157b929,1,7708.994500000001
9b7cca5fce02f7a5d4bb3bbf086c1c81932b1c5f8605d25f33ca1346cfb44cd7,0,4026.0865
9b7f073ff052cc98e52f6f720c22919fb86824aa48a47c01c8dec04fae59807e,0,6381.384
9b849f21663a79e17fb8948dc70f4541433bad5418accd755f7538027ac8ab78,0,4470.002
9b84ec50e286cc1ff80024a646b8d568ab34ebadaad5f12608f82dcaeca22119,2,10343.377
9b988759e90f39fb38d0280b3a472e31853839fb4ab4358a7b83931630a09bb9,0,5856.0635
9b9b1d7aed6ab0823dbc96e7067dbdde05d03e1739cd0e3447cb51272f5fa9fd,0,2781.7145
9b9ede56221033abb8a01ba2615a186578df5887879e8549e1a03c8e2c03ea24,1,9149.699
9ba1a02cac3d39114005f9abd1bbaba7720cf9a5a56aedd7d50825ae019f226e,2,2263.9275
9ba6dce4c7f337b05ef8658ba76717d6133fa3afa13798b27da9c2a08589a6b7,1,3690.324
9bac90df30afb8a07a4f48d604c70f34caa713f3ff94901e310689911d3cdbb9,0,1511.1315
9bb268967d2c33bd48447b083ab3429d14d48ff4fbca16601a75f95e2c990809,0,7235.032499999999
9bb343fc753f0d095ec95b7fdfb11ea592ed06f28078bf2bf10293d312634466,0,1973.9319999999998
9bbf33949306bcedf5cf02a3f9b5d651f75161a35e10250fe223e2b7e876e1ae,0,4222.9310000000005
9bc56f60b040670298fc980f43974630d40bb2d12b498a05e0b6586d40f25ed3,0,5001.4185
9bc5eaed709593daebf73357644f12e678e708c227da98d7937cd52445df8042,0,420.9345
9bc608faf78705c18b9c73b47df422478e5f929d20b157ebd0d1ee3d9f09df22,0,3629.576
9bd0150625a563f598c2bbb7b377c3697ccaae95e0d5417b7b57583999fe1625,0,3583.938
9bd3d862dcf0723f3260b0927408a2a8268edd35c950ea9554f08aeaed78816a,0,3158.5305
9bdacee8c59b1ddd26ada01bed70e5a68c50d6d8dd32900517bd463c3542f7ee,0,4221.3395
9bddfb7e9ebb481320016fd524a0f6865204543a3a586f7fb471b8202e4df295,0,2800.624
9bfe917f50a4a89e79bfaf08184632a4d4e6c66d463e8f6d2f28e774b03da9ef,2,8150.7195
9c0bc0c60eb6b1fa40c2a3680723be1bc6d93e34704eb85f63659474be6b4090,0,1992.1559999999997
9c1c84e5ce0fb50e66487aa3ba307138fc98e2430da10d7881270fcc06268569,0,2953.5955000000004
9c1f1a33b99ccbd3da413e59173fa21ed36904894168b6d7526d090df3b7374c,2,5778.57
9c28be17dd66c775cab3cfd67eb9af3bdd832c8d833988539784659a4866d7f2,0,1351.5500000000002
9c290d5e6f4fe04447bf458c1892e028d73e66bf457e5cc69a1bb55700f06c52,2,2479.6315
9c341888815a91a41d74fd4251d02bb133b59453d8186b9a8422c49f6f4b124c,2,1293.6765
9c38279efec48bc8302b373f3c1324ba8a715f26d6f0c0d0ad1624aae9d7a762,0,2022.406
9c43e27d4bdc3947f6c3106268d7ea26ab5587640ff4aacc459a368e5a32b2fa,0,5218.075
9c4f2f765c365e936d9cb72fe7fca7488950c2d91af9c7102defe580b50bba00,2,3.507
9c5dfa9b029be2b48c3a27bb6576aece783eb0efb19a83a99421ddc85a0b21d7,2,3747.2895
9c7f5a0f41b68313bcf820f118901ae38ab947fd93d9a759bc9012ffaec4bd99,0,3390.469
9c85cd92a72721974f2640bc50b5ad44cfd29cbe381504486c1c9355de0eba1f,2,2279.3824999999997
9c86c6fae3960d8d9b9acb7f7aa5bd3b82143b83643825b22b13a9cd418b9a7f,2,4269.8425
9ca055bf998cc2ddaeeb30430abc3989c4c0aa9e28f4314754c838b58f3fbfce,2,5029.729
9ca805af9a3bb0aa11c2607179606cad6d233f06ca0ea395c3099c03af0d22e9,0,3061.3555
9ca89ad4bbff7f83580c5c3e3490b946c3b9b9ee1546d26c5405837229f8a304,0,3428.997
9caad599a03e670c4e8d70665f8da442d79ee1f7751a4310e30418b760526fa4,0,5240.024
9cb12d7ac8de872a6e334f8adb8e27f1d663a8c2ea640d62fd4e509b46433dee,0,2213.273
9cb13d5766d296520f99afe88fc855dcca6f008a69e2c4fda29a40ce81620c26,0,3483.288
9cb5096702d12d745e9cbd3fb52440b078cd16c5188f2b5589934ed6d261c2e3,0,7819.613
9cb86077a9d9d5d0f9c477f1ea34ba71acd4d3834e8cb2edf1f6aa1f629abb0c,0,8313.0765
9cbd34970d7250839d51fdafc4fbd5586417a1ea427fb3a1c1678832fd1d47ca,2,951.521
9cc34d821929c0cf82cad53d8939b4468366b767adfa50b370644a3f2e995f31,2,2813.798
9cc34e87416ae63aec5e33167937f8fa0ee8987d16e35e63d0ed8ea5c091c02a,2,13281.899000000001
9cc36498855c6394ee4482803d5398fa396f6f449d0125e807638dde458004a4,2,3297.691
9ccf49fb21894a20467ff19bd8fc1e4a070d8c1d09e98461cd271fde806dcf0a,0,3043.106
9cd326ec4b02595ba56c63a5cb132d00e8f68214f2e56bdbc1b76a82ab041c90,0,1479.0585
9cdcefd2f868a8dca5809a8639cf3799128467c41eb7e7a06ea812fae57ee317,0,1419.9545
9cf2b8089b194a50daab6d71fa0b28b8c2c99954151b43b0304be2126ecd889a,2,5314.615000000001
9cf3f1a488154cda87d63ceb0295d1b77282e834be2555a381c800b051181963,0,5584.5105
9cf8d42e7911469bc7f636503ee9b18e80e2e036653e5f72b90c379e98ad34ae,0,2899.5625
9cfb83249cdfd21b1daca7e492263b1abd6e04bc6dfe68186aa6bd3c42341742,2,1445.2705
9cfbbc4eb60b9824f7fdeeb0c985cbc4ccfc53edfb0a33508e964acaf515490b,0,4599.7755
9cfd049b91ab1c001a81630203377afa198e945df846c9e18bc9f7f123fface9,0,5137.9455
9cfe022abe51a3da241c23aa7529680484877b8ba2dbcf766c84867a7b715aa5,0,4118.071
9d011372cdc48b30b09b77f56deb42bd91a00f17fbcbdc5cf27fdee40ee2725d,2,2064.89
9d081d518a3ee94e4fd3021587284171e73105c7c5ca1491a6fe172cbc1ddfd1,0,2366.9375
9d0aaca8adba8afadaecfe85ba600ce665ce7597abc6d6a5939a2d9f37d23018,0,6090.249
9d0de32b8037038c494b37c30a3aa42bc3145d8f8a7a9e046b6f566c1b64c288,2,5513.6115
9d1dd6582381e1b892700319fbcecde884d796a45a0b369691ea560523dbb829,2,5227.781999999999
9d24acc65319bc8a972598d734cd8d0c6508a3a0715c883bb4c487faa1b0a7fc,0,2773.781
9d2a9c58126b644d274d1b21baae99bfb25a388da83616b6de930c135ea442c5,0,2112.557
9d4079ac723e3a315db1d112f6071cc322ffc91fa9d35cd79a81adfc733ae6d8,0,3819.3954999999996
9d473b3c0a91d2644abfebb087697cbd0a0d61ce54a4598c25b2b65a9db651e3,0,16164.625499999998
9d4b39a0bf36dc48330d90a7ad11331d9127a8321db48332e92b6b7c96360c90,0,2863.7235
9d4bc1ab3b447f0418ddc126d3352cf29c7b989a0492d227ce6639b9f21f72e5,0,2605.574
9d536021b3867b528161e680fea0a158536452b89a535b3f64ad845a8ba7e935,0,11949.0875
9d57bbf309db62b3b141791409c0ae870011f42000fe00442daf199bc170ce9d,0,396.64599999999996
9d66076a2c38812d2c22b7a34576c4b0891260e6e302f9ca29ca0bcc9f332605,0,4584.951
9d6b558402ea1bc152239f169e2da34b9b26ade32b3ec7a7da98675412edca3b,2,76.411
9d732504d08352165264729fdc3270fb9aa8c3c35265b24553653b7b691521d2,0,5539.277499999999
9d7750c21b56f3450b2b9b901b16ad32f416dfa0d03034447d342aeee11ef717,0,5790.778499999999
9d7771e050c5cfd3c4d9e18ce5e560a1abda5e346be17e36d7fb7e37802444ac,0,3121.4615
9d780ce1deecc0c9d5ef5fffc368cbeb08389e967776b71c203e07263ab2b13d,2,2273.1555000000003
9d846f0f38cf48da5c935dcdd7654f3a87c42feb003344c20e60eb2f543d88ec,0,713.534
9d8504c381e29b368fe70fad51c465079492dd1511534bc2aaec4809efc4272c,0,5724.8125
9d870275c4fb5d94236b2ad495750bdf5860cd1ff90a87d94de81761a5945bac,2,2247.3345
9d888026121c374a28af49572c808d1f56daa5ab625f8e663fa659a5c102a97c,0,627.3544999999999
9d8eee2114610140d0541ecc25860cda03ce4959329c3c96e9a1fac304f7b6d0,0,5371.9695
9d8f82f21c8e09dba6531395dac2bd59c2d11b612a23e27708764830bf966c9f,2,3872.4385
9d905c073939060f5c6b94febdfe45e79691b98181cbe1b18739a3175b15d8ec,1,16560.665500000003
9da0a7f68c5581091f2704269c64665f6b3d00fbe09944fe97eb454b7444471c,1,1760.2685000000001
9da2e8bf8bcd258067a7c09be3cfc9746c157f0ee598a9ff2f3eececc1f29e25,2,8668.804499999998
9dab296c942cbe3b0c4085a82d285788562c616d8beb5427a54ed5e6eba8daa0,0,1842.6535000000001
9db04d65ec4349e84a5c2747cec6196593e121f11ec2fe300164db4b58fcfa24,0,1474.023
9db1518d6dd520fe615c8984843f027cd00a8e443fa3646f41203dddbc7e495f,2,7233.228999999999
9dba122fba7a9c30ec86d9d36b7ec13561bfb50d73b5e71a4e8e509265d6456e,2,678.9129999999999
9dc2bcc3182ecc2509fcd855f85622b00cae722fa8623dd8094331c41e81e570,0,4634.299999999999
9dc649b84577aefdd9aff71cf687dfaaf25f451bc82d1ea73ba1987c85c2027f,2,6596.46
9ddc100212d7f3e9231e18e8e4b956bfc030d9ee9f941b8f2ca2ea4f941df98e,0,4929.9205
9dfaf14a03f4c97c5aa3783f32563a429354ff7819621b33dc360f7cea369dde,0,5893.043500000001
9e053270ac68edd39666406f30ec48ce8360b3868258ea513a20d333d2e5ce34,1,5159.106
9e0709e176964aaae1e0ff6c9462dc2a70bbf82b9923208cc0ca79c8a681c69b,0,3384.9215000000004
9e155a7bd24a8adc281796b42960066fa49548bc34d8d14fd2cf5952a5f056c2,2,9257.437000000002
9e1bf25d620639e13636b68ef82bdb466e013990bf88755552b448292af8ef2f,0,5459.622
9e1d32c89f45cb83b6d93c06b12e7831df9a9f27b5a37e1a972bff43f9eed9e9,0,2168.4139999999998
9e1d8fc9c0013ca7c2f15cea912821727aa84c0eb6b83a9cf7528945a847845f,2,8832.4295
9e1eca38ef7ae709dfd8876fa61adbd43f7bc2c88938c4832de8f2b7fa142c01,0,3965.429
9e22e619c690703a7dfd1c80d6d7ae14069be031da83af134940821ae7e18404,0,2681.9125
9e23a6dd9a4620bad61635f67f38cd497f42e67d38f95f8247e97923274870be,0,6425.889999999999
9e2973fe95d2f3b81a1333ec609e9f9a447f6d98eab0e24b468190e1a4a80644,0,6206.291
9e2f6ea5179e89f0fcb559dcc6473201e5b00b79aecf6de4ff5a4283aa13d2d7,0,5312.471
9e31ccd04776e3842bd58b8110e9b3f50c86ee405a682890aeac48e72da1ca25,0,6795.0995
9e4012b5a24fd58b741d718baad2b1ad78fb46d13486c64cc0535a8f7098c699,0,1594.305
9e44f8ecf2e6001c65c1de53622f7b6a8ad3356455088801a1e145b8b64fef30,2,6754.1595
9e4dde051b46689f6c1607fd038220fcc3e1c965efb4f72397d7b33827838019,2,6065.943000000001
9e4f95e10e750cb6efd789e72b9b73ceea27c1e1ba905e07f90120286c5681fc,0,1269.6025
9e50ce705982d3608100b52a0a18f1655aa2ddf766267b5667d740977f2851ef,0,6326.4215
9e6617d289d4b566eb33ae4d0f5c03846d25db682c22f0c51178f6c74d11122c,2,2906.157
9e6adbfb72dc4c1a22965985531ba494ba5a3c65364a16d59cd36095e0c55612,1,25150.469
9e6c8980e2581a2e98e3c4945b5d8876c532797e208a646e5f90ff2603c6e91f,0,5337.2525000000005
9e6d350497c18698968604c1f53c20d68d4d3ffada6bfdcd91ac417638042b9e,1,14506.4905
9e6eb559c6af20eb07907c80638c99042f475e6c7d4b1096de429c18af230944,0,2411.4095
9e7867e50af930e13a238df84b11ec2c5548101a8fd446e3b7efd6f44f206591,2,6590.0375
9e82f080968c51d416124545babee51438a7225ada38f1686a2271dc2859ca4a,1,22173.549499999997
9e8a159b02459fdf18a70546be93256acda020b0eab06d2f7b1b218d9ea22217,0,2292.8715
9e8a18948164922ceccf7286f9ba1a4f12282ec2ddcb62b1dd908d6e41369517,0,1389.5639999999999
9e8d5e082fde256daab247dc1e44024006bec574f4286d07f5b2ebbc3479dc09,0,3653.202
9e97efc9ee2bfdd4ce15d4c87c2421be1e506be8e43a3121ad6c3a16187db286,0,3494.0944999999997
9e9983a8d7eb8da7007bba0aeda4201f42824424ed7ca6aa7d12b948be22ef34,0,2370.12
9ea133b22d80c95df4690a436fa5ee53276f0a8c26e5ba3604b286ac3fd52b09,0,1797.68
9ead659b62442e965ac321f0a561eafe2a56dd4750dee714d73c30f0f9e759ec,1,1838.1565
9eb39616954620234d089e16d9512ded4147bb9ad4496d5d8424d43dcb11af36,2,5799.125
9eb702723d5fe4eeedacd2dd3e9cb9ce569675694a05cf718bb90162340101aa,1,25094.881
9ec67dec55e57a2fbf7be64a9b5b622f605877bc0aba6ad615073dc3382860c1,2,1974.842
9ec9abe86032726cdd8f743152e8c7b224007f51562b4035ace458a25cb8a968,1,1394.3990000000001
9ed23b84f5d6d2296b71712789e8bd19929fe524d2aad774047519ee088b2973,0,4316.7705
9edc88082cc7b84b1a09e151c74559903e884374a86d51c65ad4539f12f84c91,0,2392.0879999999997
9ee07e58d112675500d6b3f37c675136b48082798e6208a9bb5ff6fe246233b8,0,3379.89925
9ee0cec5e2c0fdc3e1bbefb473642cf07905bc8c1fcfc5e41a75ce516ef0b280,0,5741.9995
9ee99eb32630ad47b47b788a8d2dbe826dad56de8812054c0129e6f3d70ea916,2,2184.9425
9eeb353fd37084e3ac637900f3c89f9ad1c52856a0839e34307c099b06b2a504,0,4086.2774999999997
9eed817036da4335b88435bc66de555eeccd7626da5d43fb31993ce21c724325,0,4172.116
9ef4df96aacac70ee4b2ff393409eedede35751aaee5e7acd8f4e0465f24ac6f,0,1958.1275
9ef942638ad9ba14fbb6be46b4616535d0373f07ec7da4ecb270a72544c83f67,0,986.165
9efd027dc47e8b1eb6fc3ec6c703e171aed2d9c6632264ff9a7a7ad5ffc94d2f,2,570.248
9f016c35dbadbb4a6a69220d448383e000c2d89a4728305dab16f14de7c9dbc7,1,30945.8395
9f0531677562038999c30157f26d10739b4f3d5143e07460d503bbd7dc1cc7bb,0,1965.0040000000001
9f0ba583e97a9756104feb1e592d527069c1c24be9f2819f937aa7b763d10778,0,1294.7775000000001
9f0eda8ad1378d992b293704da6012d307e1c8a9dcb536dbdc4247b5be7fb683,2,2830.3285
9f1a9d39c3807607b3280aa0a5db9614248b5ad6cb2a643f6a1433cbd00beb3d,0,3430.9105000000004
9f1ef8010ab246f9c0c83c8a614a3b4143358628090703ad2bc728c43627f875,0,6770.8665
9f2b3bc6c7de47571b0e35c508ac3785b42e4b2fbd77d3567e1bdd9cad5435b8,2,5895.501
9f31a5fc58753eda521cf8b092f54877dc273332a6864391b4a20693ce4ca426,0,1394.094
9f3324a333d7dd52fe94d388b52485ea21da75529133ceb48258acf47c20f567,0,5035.9645
9f343702dec18e30b0bbca03b0b6176834635a910edc576af6557fe07945586b,0,975.2460000000001
9f3507b650ca955cd8e86e36631748cde389208930d2b38d794503213b6cb8ce,2,4673.5165
9f3f74ad7dbe6768044bd35c0fc2bfdf4806ed0dc828f7e30a2a5b6464f8281a,2,4088.7715
9f4626331cd33b7237f70e327373e7a99485a7cc430bc9a6163295a0689587f4,0,3572.9995
9f480654c4076be082235a8a927d8855dc266404972c6b536ff43876961b7f85,0,2653.255
9f4838c68a9bf12700be980fdb7b4dcac4c3463e8f2821c67a8b89cb4555eee5,0,4694.93
9f4a46b45ecb0e3d4a1468c701b5a2739dc822af282c0de0b796220698f2e6dd,2,11030.344
9f4eeaf0fd4207b0c59cab11b905616a8a5b5f1b03a117f97e89c373a5fb3373,0,2019.1799999999998
9f60fa38b21816f8e3c3c469316ada6ca9557b8ae8be561e06545ea943ca9601,2,2065.4764999999998
9f73f98c1ef56c86470626d53cb0028d8834ea4f9a741eda3d2235267167b2f9,0,5646.083500000001
9f778a85710e6258f742f366c6c9e391e176d13b2c91db0cb4b1d14c2a9c2970,0,5122.118
9f793a7a78c98a26a285067e7ed87b647ae8aef498bd7c353f28b9b5e5bb753d,2,2479.6255
9f7a98e9e4669e8cb29c8578f0516bf29742081bb90dc66c327f69ec3d1011e6,0,3359.5815000000002
9f84c27dbc6faf3fb7f7856434b583b6eeb5dc0cddd52d97fed6e8901ae73c3b,0,3118.098
9f873dabb35a20c20b8f28874ee144801e55c28e76af449b0909898e9a8ae697,0,7995.5199999999995
9f96a33e25848e5c871ae17580d0e093ba9ef185316316cfd3a18fc75f357a0f,0,126.27700000000002
9f996da34d557fa606796c4a9e1bfef4ff17da553016e536bc44a64161d6cc57,1,0.061
9f9a09a0b80a6d88cb818ed4fb5048539417b2ea6647d56194f1c08e662f5480,2,4531.004
9f9da6ff0db6b77670744d61d9d043b44b7527bed65b0e2f1b154ef2f87b1e31,0,3723.4210000000003
9f9e2ff4cece31e38f2fb944f74d751b8e1556381a88d56faade40d7f4d54816,2,4800.1595
9f9f8ccdbadf4c625bc20b44374414e4f52eccc5536d87d42b722f4dfc897812,1,5245.7395
9fa5dd8e057ec3d5fd7a20ed303e1384bb1f1d7347662636ebb16c64a6d1bc8a,2,12883.5435
9fae1936660753183a0804887f09f9bfd944d18429e466700acc6239f828193f,2,2323.413
9faf0c3dd341ec00386c898f887ea4b9e49efd94195b30148ff61b3c7e99da24,1,17591.402000000002
9faf91991826a9b540e6358510e4ccdfb4826bf983662e717175b8cfb14d6d7d,0,2773.8864999999996
9fb050a37cf002f4bdec5b0ec83f34aa94c689b6bdd8e7f3f10f0ff3a60a5da9,0,9015.263
9fbfab16b1be712e2167cfc9cc61f842aad4e2c7421bf6cacdcec8b90e4353c0,2,6638.951000000001
9fc15b159e0788bcf4afe3d6b7c2990fd0393cacc73e76794649db7883c9cc12,0,1993.2625
9fc31b8eebd5bccbfc06d3662365ab0893e916db2d71cc8f9cbcd35c9fc544f9,0,2818.7079999999996
9fc7a2ae346bf351070ae461f7f9c34ea6b982e5e288c27bf352d1fdab78cc87,2,4544.8985
9fcfaa773be16b080fbc1ed8973e694c2037e434d6dd21a4d740a05ebf26f3e6,2,1062.3225
9fd1fde63a60d47ccbf6e6b4823320a755f41810726d73c07d6574fc32a2d89f,0,1884.7635
9fdeece518e5ddf67f01070ff23eef666b29086ceda00078b877dbc2d882ed2b,0,2540.2315
9fe133d2d84d10115306f3597753a7e37e567fc0e4cf7ba188ee73866c7acd4a,0,2515.491
9ff3ab7f12efc5c887f7234a74e45e4ec1c22c771682bb727ebb8422ef5c9c42,0,1884.116
a00c1cf0973d18d402ed379d36b1b1c2b605eb2d55aef89629c41a564af5f483,0,7270.192999999999
a0212e4e7451934086effa307f608e7ac5289c9eeb3e60afa2ea39572c913dd1,0,10288.1575
a022660b6edb9d9b304f4b49a738e0b704bb2aeb0f76e6ccc703084710d9a34e,0,4271.3365
a02be7af3c2785dc6064288f50f4a1a0d1eca47f10dbdd07475e954d8a09fc03,2,7793.526499999999
a031c1098ee686810b2bddd1d0709e6994e2db18f48895aaa1acba4fc5baef90,2,1228.385
a032c0e04180755d77b3c9046b45a7700ef39c5721eab9c36f53cceb877143ec,0,4550.222
a0346dd780144032a3d56b5d5cd84369fa063609caa5852fc9609f4a3df0bdd5,2,31251.242000000002
a03d0af1276e446c9ac8050a6f6ca5adff1c83f43875232e13542a6cecde7527,1,5226.376
a03e925cd4a4ad10b4fe83cacdb769fe2254a0fcf7158ec6a45bac697453a1d5,0,3484.6275
a041de6de5bb9ec004a6c3373f3e862cdbb070e6d364f9b3855fc36726cc5285,0,2082.2395
a043bbb1ea2d902426567511b07382281beedb44e1282bc1bdc883834398d5cd,0,3515.652
a0473f2d2d7ff98d63bf53fc386f7b571cc4a36715435dfc34a32115a874a977,2,2322.541
a048fb5f559470223883471365d888be491e68e9c472d6d1fed07627d194bdb5,1,165.214
a04f88520298390eef4a58abd6dc8def698a48782e046e258f53730e16d2cdd7,2,1269.4955
a058fa98facc444f6ac83275b5a6ed83c93d94d961fddcd0d187eb9d558a5460,2,4114.479
a0600d17ef6533e6719c85ea8d1920c9a2c6966070f73e0b913fe05079767390,2,2931.3354999999997
a06655e13d35914dfb86d5618d480aedefc77b3db72a1b6c5945f933de855447,0,1535.0125000000003
a068b54cfa1f7f48dd8d797f89cb13182e15e826f0d9f354ff26ce0259a5902a,2,4908.6835
a072d7bb0a9d44fd104b996c6e773163bbea19181fef87416539685fd75b14b9,0,9165.023333333334
a07a2ee568b0a578cdb158fcd2d0c428022bf497741b640ffce0588557f5a818,0,4824.0215
a07a6702e9ca2844137d503dc9c5f46ab0f306577f29dca1144255dff86e9295,1,8087.1805
a0843c9bef05098dd67ee5ee76184f66f928b5ac4e62c772db36bcfd2769d2f1,2,521.0775000000001
a085faa32e62c644fa16d541b05bd637ce8e81525c39a04a3eb5c4f6a1f10da6,0,3906.1865000000003
a08cd8e75f18773debae7803a3c4645fd294633ffe284ac861fa930166198b66,2,1298.373
a09220accfcc670c1b86128b8413344dff826b8950080a2f4fedb0b006c788c2,0,4223.8305
a0952ab55ef0555f2c4639f6deba08e077773635bfe0671a85f06d968f7d5652,2,1893.3174999999999
a099799f3c9b2c830149c4d73a605892fe9769bbde5e66560822ec9e9adcf312,0,2336.5905000000002
a099d7f979cda943b440d0b16d7ad517cb3e23e196bfe27547bdf1cbbc14b7b1,0,4265.264499999999
a0a97d638446d7ee3a36b7a84bad76e453f03dd32bf6e05dba0198575d8c3afe,0,2319.0804999999996
a0b1157a9794da3b73b2365f5307767eac70b9c15363ae5944a598d9f3831fda,2,71.49700000000001
a0b639a66dd19cb430f414ed603aef29a750d7cf961a5c2879ef7f09624d4b9c,0,3943.9460000000004
a0bd64ba530690bad7d98e013236946b58e9e262793c459d473541347f0fe73a,0,1085.4530000000002
a0bddab2bb8e6ea27581293a8bbc4aa4ff81134b4970b1402c00328d80a0c5be,2,994.1115
a0c25e141e104b8afed24e73af4e06e85192cdd5276408aa281d62b9c5770f2c,1,18908.586499999998
a0d15cac8f136569c40cc0473e48ada0a283226e5f45425077c49df8a6a9551c,0,2177.6815
a0d342a4077c93c2ce3d7db246ed49e808bf0d661c2733760a12acd555d8ee0b,0,4427.017000000001
a0dba0c5ff8cb64808c5c6cdb3dc35ca1fcacd275647f3644974594e7d4359cb,0,4294.341
a0e06d06b9f74f1711b014f30146fb82b59f3bd073284a3a66e7d36b77c22f05,0,2266.547
a0e13111a177b802bf2108b9bff2e17e38d3e9dd7a1cfaca383fd6065cde6b55,2,3292.962
a0e1e117eefa50134a07808163a2eddef195888064713430ffb2fca04bad0d3b,0,1100.51
a0e69d5ae948ec0a96c6dc75537ac48c92a70fecb1c5f5acb109d61a1ba5b676,0,4753.251
a0f27362d57257370c85f41cf79b976af38d0bcf1b1369ae3b2b12a7ad7f8a6a,0,1265.364
a0f8aa16c2711b1c4a366f59a2d6e432142a38e19518dddd45e408041dcf88eb,0,2371.672
a106c152d8b30d10146ca31860061b8fc984efa4763b218cbd80aab051e1634f,0,6306.8324999999995
a10ae5c6fff1fb56c660d5dff6d6b977c63864b21240d25953e858c461d96dec,0,4327.5105
a10b3ef5aaace632584d85d3944f269860843b60077813e34c5c44c1208338c8,0,3536.207
a1199b2d713124c8d3f15e6f151e66b58e8916d25ee35e6f7976a92bfab8af6b,0,5702.0095
a1210fc6dc5794eb190dcf0e07749d5817232ad21324bcd0304587ac4de59aa7,2,6854.308000000001
a1213f4a76a4c97c4c3b4683f61a6a351d3551feee1c3ca4f19d92273b5bde05,2,4406.857
a1221155de0bef44fa3028e5e3ceea3f650415408dd4685b1591d6e8cca1b27e,2,6159.066000000001
a127ac657eae51cf5effef9273d4b7fe52d406a83b0f5b4105cab8114dcdc4e3,0,1240.891
a13664e414c89be6522d25379804828737583529a9fdbe4feda87e7a8ce2d457,0,2409.476
a1381bf4875d3091086a734fc942373acee00886e892958202646783cebb862b,0,9705.307499999999
a1425ed8acc16eaa59a775132f5563e93c95c14239f63842ad18fa010d0fe498,0,5030.4025
a1438d428259533f58d38c68ed184c7c17e43666ab43117163fb5eeb9557b4c8,2,3505.9145
a1442389232737bb7e8e62e26638936e750f7a047454cbfa6571f4d637ca29f9,2,2472.071
a14568604794dad805968442b87d0f439a55a820d36375f4a49374be31a387b7,0,4908.7755
a14ce9e5dfd36b4d652c44124d9874d36482d62a655099d1dc2008841e9c60fc,0,3636.0825
a15acfa40764eaea104ce807dbd8b527d9a9459b7871f23eebe18c8477168295,0,1937.4505000000001
a170d13cf6457fd506f8bba452f705daa67d9845c9240e08d3aecb6bd0f66fdb,0,1741.6935000000003
a170ff9d17c3a2e46c8184e2acd91d7b635322e6930ea5fd50b9ed7ba2db0396,0,7237.9795
a1737fa7108e22100d02ea51ef704d747d1729e8cbe3581487babbd9dd9a328e,2,1173.431
a174590ed958346a69537b2b692996dcb30c97b33a7982f39c931ae53d3a92b3,2,415.7250000000001
a175c1481f02f4bed222b4fe7dd9ff639efc113392c0b176333dc35cd3494582,0,2417.341
a17627cfdb42d7921e68a7db67c93445f25f28de329cec81ae065e041b101e99,2,5190.546
a17a8b80309f2cefe7cd875e56bc47cb18c9a558220eba02b0b44fa81536059b,0,3217.3455000000004
a1851a96593bd15615ef9b43403f37ebc2e0d3a7421f0bc933cd15ff0c687ddb,0,3901.8625
a18fe842b27b0b3e40f54d6543a6c5425669f5d4af2dd9002558fd0a06764f96,0,5207.098499999999
a19056bbcdfb9a636a05ab57f48a3315e8368106c67d86a0f9a1e691e82e9bb9,0,831.219
a193ecd14b0ca6c6924c4429dd1ce9749bba75dab42374f901bbb942ed358ea1,2,5210.3369999999995
a19b02b54f409163b6402a3d023ca6e5181ff19d10d45983ad4ec43b4624113f,0,14609.196500000002
a19eaf49aea0004dbaf4aaa60d2f70de4e13f6176f7760898366fc4c16d68c2e,0,7112.798000000001
a1b323b0c0dde133769a904b0c97898ab21c268be1e08fb7ad87af1a56f7bfb5,2,3270.0015000000003
a1bc536c83e38cc40202a4e13ba00376db616e85701bf6ce06de40a56a733287,0,4418.5464999999995
a1bcb5f3437c10d889d228430b7651d8a4b0d667d4d59dbb0cd8e333b686e05c,2,5481.758
a1c1477f795eb3078cc05688d16fd3bf73ab267b3e5c9fdb9aceef60a51bc6bd,2,7227.2605
a1c3cbb163f564d30663e8e5570d3088d93a17ea5ef67ce663b4051954610602,0,248.353
a1c8d005edd1c50f5e7c8915a8a4d6b483f5fb1d184af7ee07467ed78464797d,1,12207.502499999999
a1ca3632b2607c7d22a36cc26be83b8a8c99d7adafe0f006ebd1a4b39f4ad8cd,0,389.977
a1cded295a3dc66dc69bcef5de71cb5911f690cdb845e007a76b65a0b07674f2,0,3601.0879999999997
a1d86a622042fd31c11ec4f52695dcbc9bf2dc01a18e3c4a431e435093987104,2,4835.8035
a1dcfa5a78566fe85872fd493f64ece9a8821c17e17c668dea15a87f33dedaba,0,4694.339
a1dea4fa0ea1aed8bfa303c88ec16170b03d8c28f0535ff7627b2b24f36582e4,2,5206.2095
a1df1f0b364095454ff78d3a58cf096fd9a711564cff8628016b88de18694653,0,4072.8404999999993
a1e38a202bb0f05e819f3709ab35dafa9fd57e8c68a5a66e5dd41611d065f268,0,3984.8719999999994
a1f10cc962a4248fbb2f9c3b5644a285763cf56896cdc13f334aedfd4a3cc5d8,0,2111.2735000000002
a1f650e2bdb65357e8566acda28c82477f5b3cae8d95ab3c99c40d5eab72c7d2,0,7341.946
a2067e5f05f4b5846aa3ab4af5a40fe24d6ca89b6f840fa735fca873b3090d7d,2,10717.7405
a20d6b598925b9e89f1be7bb1ad09eb84cc54659393415cf536b256e2ee98a5e,2,6088.3725
a20e2bced145b84c4f325d9baaa903f9235f3048a839e1420b743ed6b5efcfe7,0,5448.129999999999
a2192b3f083b1dcbf3dade2436211d44b72f948ebcdc52908f40edcb482e4120,0,2820.2605000000003
a21b9c422d50e84c99309b16bf92899a49f879b0b26981d55b922cb7b5684e79,0,3211.371
a21eb2356d910c15b41b5d060d482f7484afba3853cad740ba1745f595899857,0,4424.717000000001
a221943d653bf353ce9bd3fc597f127e16c96ac1dbc3ca1227f541388b9d02cc,2,2729.9585
a232dff47eecaaa75e049e6f53bbe493f884498b6faeb3258f23fdf925e77d65,0,1182.3040000000003
a2375d50d2b9e5cb5f24ac5cf8fa96fa5cacf798c7420a90519e7da5efc8697f,0,3939.6205
a23aaf5880646ad846d145c63d3b856e6e0c94d6ba5b4e09983411d2efe0f5d9,0,2851.7935
a23dbad2800d4b887265089653126439e6da73e17facd38d8fc6d3e307f3873e,0,4973.65
a24e0e3ef968e551b9c66cc409814ef2e002dd4da0a90e8ca28ae94f29a3d782,2,1313.873
a2550e1a75cb589c0bf03bb8f3c9f372d5b7bb5c58c9e55697c0d3db69404752,0,21868.049
a255efd6327c9a1771474a03187cd748de26a658dddd086c80a4d6050f528cf1,0,2578.2285
a25c0b383a2dc10acd3327b8d8b1daef5b177bc486f15f8f29d335ced702de5a,0,2286.0029999999997
a260dfbc4497781f2520fb18db31a270f411133f6c5e6e9156987b20a0793dc1,0,1604.549
a26f57352e4a1fdbd101ee77e1f2c1e87f71e960cbb1b69d7e5507f88cd90275,2,4772.299499999999
a2778a44bcf8e56851df74f3fd734f3a99d05cfff5418350ca8a4d7add3068cd,2,2789.887
a278c62227602dbc14be38e7cb233db5c94b3bcea6cd9eb8579309b130080a56,0,5747.5205000000005
a27f635d25fe6058f255dbcb42a6ddb85d0f1f6043a693afebc42f1f5bbc322c,0,6084.4035
a2984cd2dbc6bf3e8c50fd43635bf64907ffcedf7bed66327675cb06db5da150,1,3848.1189999999997
a299f200b1c225ee1f020e4efde51f4116ca835ed8ff798c156d2265d4cae677,0,3539.3300000000004
a29eb6ad4e4b91f3e7d89ca267d87f2af4954a6711e2ee603d3bac4e0648c15a,1,23736.476000000002
a29f9fb498616c5cd2d70fa9c854ae7f3d169bfb11e8da4c5251d7d39febfd2f,0,5113.0895
a2a019d5b94723dcdbdc2a7c2ee8b5d698b21a763d8de761068aa4fc0f6f88a7,0,5390.540499999999
a2a226eab58c9dde8d070e6486c46b85631e7a35528520b50f3becfdf1603592,0,4531.092000000001
a2a71fbfd70cffe991b57a296b1fcbffa42ea3ac929e18bcc3d523ccaec93465,1,10662.4225
a2ada1b5df8539f6479d5f0f6c5bf96ff4318fa4762dcabe0057e729c75b8d92,0,2771.861
a2bf9b2cf5ccdbfc66066354e91cc7bbaa55fb49a9f0fa741744ea5d832ec328,2,16811.1995
a2c1f9343054aaaf48983c8551ed7057dbf787002d6aa26a60e4c9680dc4a5f1,0,1696.029
a2da9b36672b4dc328a1af8f511bc3ab625397c0f2fb450bc7b6f9f9ea6f95da,0,6753.961
a2db2bbb4900cfac6ec1a00bcf0549b34fdce025aa3067380f8e9f35d4da9fc7,0,11177.125
a2ddfd90f10a1d9ea5a42e8b637c4076efd62c6bfb5694ccb42cc4ac2515688e,0,2376.0215000000003
a2de4f755dcb9a5eb449049e3df49b31703f4f1ba5ae396822e997b8762ed116,1,8194.482
a2e106b566316c2addcc65c698fed5dfa09b5f5177f5df790bdf28c7a2b9a08b,0,502.529
a2e7a8c1ffd3c690b290422aff478cac4ee97d654861b9f205661c6223256b2f,0,6180.400500000001
a2ed718a243acd8c7e337cb9796ee31fa57d68c779d5163ed33858566878b825,2,2184.2595
a2f0118e62a09f3f0e251cb7001d0c3caf941ab70b851f597ef6d7fdab403417,2,10281.777166666667
a2f148c987a550798345afa80181a7687a32d12f4c64062d0c9ee8dcd382967b,0,4033.2425000000003
a2f4319c339676d13a0dbcabb5894205a32737366fad3335a9ae1d1517684c89,0,5063.856
a2f58a5b78a729acaafd4b27de822e457b5523ee3a3494d7a635cb706c1efa6b,0,3145.0440000000003
a3032b3b75a5b0dc3a87714fac7a05437703790193fc0116b90d44017a5085fe,0,3368.0469999999996
a30d381b6f9d5e48818f3eac2efa1141a86d51fadb41139f77567e07d647ec15,2,7930.834500000001
a30f9044e71b1823ad1aca611f2b2561c9ff9c3f353963bcbdd78daec83ce4a6,0,2508.469
a31460ce20fe75279300e4733c2066f9e933fe747b11c1458b867593d7d1f47f,0,11174.126
a320f29687f4728ed80240db0a6ab9bbdc061e95dcc34e03b4aca286daec81e1,2,4375.9355
a321bd3f2c12c6c34992f7ab2ccc56b03076feb741268af0413d57d0b8a1702a,0,3816.5765
a326cddd8c01e5da2dc32fb5a0e1138923083ba1e4ccdd47db2986446cec531e,0,3788.9190000000003
a32e9a8deff8c61fe1ed62175b5447bc3d930fb60a45082fbb984951715bb866,0,6774.128500000001
a339a372aac8a844be8eba6223a6dd233d0fe246872e75f5803e2053c5e3d5ff,0,3637.1365
a34349466fba75606b40c79adee5de7abe5ada4e445b6aa5070f8f6fb317c72d,0,1843.2389999999998
a343b7b36a8e06e305b46952c23b262c974d8fd848ff653d1b7b3d97ad6ba0b1,0,5772.643999999999
a34f1a49f31f04c5f1d140a5364346847c47570b88d66b6979217bdcb084d2cf,0,5298.577499999999
a354fea789284fb6b4a83dc7dde1a004f1fd47f2f899c85b1f6a3d1f6bbb6f7b,0,2496.257
a35572d0aab98ef0a503b7f770dc6b39b5cc820ccbb17e2d97e7dbe49c03739f,0,2537.087
a35fd80d98a74d12fe47d3ff9f59335cdcb28bc235d0d4323e4557b9c5860ce8,2,4055.9049999999997
a36a3204369e94b60a1ac07ec54cc643dd9fbf7e80f534884306a0d69bc3d52b,2,3845.4825000000005
a36dc4c5b7c8131e7ff7b5a130db188bc79343d2b10340af551591a8191d3527,0,2948.1585
a370a40f71e6922615afcb1af85dacdd01031bfa62cd8112ae09a50f20fe65f4,2,2189.626
a3721da3fa52bf994129ddfca9a3bc6cdffeb7e9f96f6a469c4d72631f29635f,2,1593.9025000000001
a38046cca96bbf0c7c0a05ec0d75365f9cc34407e88706013222f0760e9d637c,0,1085.247
a38519b67a9d8b4c2501d2da784aa67a4b0192e9f5b9a298087421627447c640,0,4622.845
a385fb4b978cc9662a70f43c38922645e11db823cf938860c76c514b044c4ebd,2,4323.3705
a3869f2552f5dd9f5195ca302678e7914cb96ae5d3f4fd5cab9a9376c6d44fdf,0,3310.5125
a389106caabda58502368552e7990e29375b2e8e1fdf67d3aaf442e047fc3f30,0,1766.8825
a38ffd5723d30cf0f9a4f8f7bcf428e4c157724c668ec4102622bc00e89aad50,0,6265.678
a397f69579595c4ba26c7fe179810c0108c21b74f2ae7e939867308e60a2e1b7,0,4419.678
a39cb3eb8d93b5ba50425e3e455368aefe897843ce2f4ab8591f706f28169d9e,0,5805.5779999999995
a39d231d9721f172b906f13928d78835d2a3fc36be5b4ee26d40f9cdf2a99034,1,17771.591500000002
a3a742db7b3ea0671333f0b68459b7125a943b9b32a48c52be0f57b427870cbd,2,2249.6395
a3ab5133c4abf6533f09b9cb63d491cdd839c1b2e66686c00e8787a65884dc07,2,509.0400000000001
a3b0ee84d6d88c9b51df7ec93ce0b47d5273635ed854c7d8553f6ebfaca4878e,2,6278.4455
a3bee975812243979c2b3ccfeec6a235ee58ae455c4f325101f1f1b436ac9da8,2,1694.2999285714286
a3c04ea19007f186f56acd97a5b33b139877c0fe6eac1ec13818dbd477f1249b,0,2685.5209999999997
a3cfc0bdd02502de09469bd1fddaa1dab6c58f52a1cec7827daedf0820aa218c,2,2507.8345
a3e66acefadefc35d6d551ad53102c2af2954270e1c319dd6fc290ca73466978,0,1426.974
a3ee22fb64e1bb4e47092bcddf02508094a6430aff494f1fbe57c0b1fd91575e,2,2523.3975
a3f013e58defbc30388f6df8627457988536edb2c584f3b4eb077aaeb831bbb0,0,471.0885
a3f483a02e43fc2d1fc507cf541b0941ce43d7390cbb9c636605885d2d2153f9,0,2980.0420000000004
a3f74e37af9e8c2764d76a80b92840634d2e61edd985334107f738e335343d86,0,8711.0505
a3fa34ed83923b7011633eb560d0eede75edfcc21bdd440b096d8dbb38a1d20a,2,3089.5795
a40660bea4e99935228a95e24a0bc442449089f14e0b660bd7061c3039a50664,2,6905.314
a40ce060f873f3c4ed23f6ddd3b5f72059eaccf9d8dfbe947b6886eac6f1d246,2,4119.690500000001
a41316278a80ab4e409df11272905e3395937ff11b892c0d27cac0102fccea6a,0,3573.5085000000004
a415cf6e172808e23d9a33d8cc986c1c2162725b54f226f619d01ee716f840ab,0,5693.8855
a41a365fe6f470048a7bac89adae46b8e04a70c807119eaee25c7f41f3dccdcc,2,2530.7005000000004
a41ad0fa135bd6745ac915f9bc56da0c67f509149183b19e99f92597ac9c72d6,0,8812.246500000001
a4214684189e8440a637141de1fe0065a3aefc9276b7f0eeda44277432fb2952,2,9395.4325
a42399aab03eef4282c1217a7011175ccc3cac84e291380dd25ded5f3ffa85f9,2,12854.799
a42bfa8731d2bd6ddc6092e054766125adbe893dfc678d5f67eb336e28b9992d,0,2767.795
a42f08ac1721fe1115bb1c8da92a4171d7a36569169d29c83c06a7bed270072f,0,5989.3994999999995
a4316d18f321d905896b86f6527754c11f2e0a678160178bafa80d116d274027,0,5603.49
a434ae763c449ffca90a62af9c1a1b5b40bb663e9fd25bb69037db1cac9948c6,0,5538.9085000000005
a4367fe4f73188da544df03ac14139ac1b4e1590e56f1ee0bd6ea19c463a75e8,0,7161.8295
a439d28c8a097d9cb4969903f05a96744c1d413bf94f9dd9d4616785933f4f9f,2,2077.2729999999997
a4418b60870f93736ba3d797bb21d1a9bbaa07b475b08670d8b139ee879163a2,0,7878.159000000001
a4434c4b699d6112abd8dbc9d295ef42869f11812517fb94a65e6cd181842f8f,2,1723.906
a4512fe7a740f862825db96e101eaaf32ab99fe65bb449ac79cba8ab2c98aaa1,0,4597.8150000000005
a45173a0e21bc1456f3ef28e2bf233f925ceba8a9b86dcddfc6a7c4a8c11bec8,2,948.579
a453e1317d6439d28fd1580e6d48b78028431775d7bdf54f07669027ae9dfd17,1,580.9725000000001
a45b98f11d5c0104d3deb67c0583f37ae84133bc3c01f934bda4baceac401082,2,1650.3139999999999
a45e88105f3880c118967e7ca3255608eb4f00ea5d2d54683c714ce8831e35dc,0,3491.6040000000003
a46f3601e1f02e26627169cc6c32ac8902500810ceb904f1992ac43064d010b5,2,464.2970000000001
a473b119c703deb9f2357a2fc52c859386ba37703009a525496302f21f250b29,0,3739.3630000000003
a476318b2d996f6358a35e2b2f5a4cd469f931aa06c4de36858c3cb173252430,2,6831.559
a477d018cbbf4c63f2d5a810e76fa588078f4736466b027f5f32ba9692b4a648,2,2611.0215
a47b81420c6ea39c568870b47a2a5f2828b946d87cc47bfbf908917823939242,2,4272.1205
a47e6497a647000d7b6fb49ccf3e40a96a38d08243da3968e98a142aed858455,0,11081.441000000003
a484ac3e88fc1ae4a2fed07df397b2d430cb916dc59de94a6674db995495f726,2,3179.286
a484dcc919b028a3b3a1223525b12a597841ce0410cff951e84027311a9abbda,1,3011.0135
a491fd8aa6b0d3b0d25d6e32952ead43068b6433e3bbc1c966285020f2373cba,0,1216.5905000000002
a496cf718d2a31773267351812e147837217220ad4b0529f2d6a6006d5145a95,0,5617.295
a4a0624cd31622088dc32d85453fda6fbfa17da6d58f8bf8a680ee1a8ff7911d,2,2708.1755000000003
a4b76d660da60d523c02fb3b1675668119acadb627a1cad552bbd7b5a2b3d5af,0,5704.280500000001
a4b97926cf34874367fcd0382bebbfdaf92d5de30252ed001f6de419c05cb6ad,2,5946.228500000001
a4cf7c33562b64bd2cdd85856c08a9c094589176463c60e18666f987dd483e58,0,4510.353499999999
a4d9c7f14b7fff52cc4a001f392e83d5384b236ae71f8bed58af51d154ba1dec,0,3674.0924999999997
a4dcb7b5056af9006f61bf1eb7a0b6ebdc3fda9c89f62d126832fac07d428b1f,2,1550.6145
a4e0aae39cf6863c47679a59917a09716a2b65ec6a6dd825d646fef5c06cba87,0,1177.8919999999998
a4e3f5159ae506c82e25db06f5bdf3a9a61da57975bf573c8bd2ed135ad76b00,2,1308.3114999999998
a4e69943719f0d610b24abdfc29e8218f7a133d0eac05ccbd53d29a6b2311755,2,4159.1855
a4e7350e06f9f4c0afda5a9fe6705aa660456c979335841b573ba414e86e14c9,2,3434.8525
a4e81c128b3987e8dc0aed83d2b9dfd2a2fb8b790e430eff99c7fc33ca298a0d,0,5718.281
a4ef41f1d29d435d3ba72c6df5a170cdb066ed769889532dc66f4bdc19328b89,1,7113.653
a50b230d298f7aa01e190a88014d310943b8d56ed9c9d843d00e1f6a0ec37305,0,3791.1324999999997
a50fe3de2cea8c5b8580803e8a7677e4f45a56020acbf8f2f3eff70cac5be4af,2,2369.0505
a51c6645f94b7612b182e5463c3b3ed74b2be1c4d200b3a55ad60acc0a069f83,0,1753.9195000000002
a524e54309b8de76e29ab31509607b1bacdf4d26f9c18b9e110782e9471470a2,0,2899.016
a525223b3dfe94f1d0a360ee2156d474eee3730d03988e6f885939c78232fff2,0,3537.2835000000005
a525b9909f460dac23254adeced177355d6f7175218fdde17f46a881779f2835,2,2676.31
a5270cb2d6808519f082f586c11ec6c70dc5f8e8fb8ea596c002095151621ced,0,3041.039
a52ca3b6edf1924dbc739b9abaf9b040d190df81a0801fb1b87a16446b11fb57,0,5864.7405
a533b8e8c2cd56c10f94070cc3b6187d93340f1c5bf1b9f5f2503bba3ab37929,0,838.0635
a535f6e02ab6dc2b50eee60593e3797f5b2bf331aed9303e9e9a55dbf804252b,2,3417.846
a53d18e93164dddcf534a70c5e0e9d6e27fdb43e8cca1f204394b299b52238ae,0,3563.8975
a54862b7bc51a72d203e534177016eb3a78970a756d211f157f5ca70cbf1b43d,0,2714.732
a54dd4bda79a0d78bd508c2baea4873da2ece38d07ebbbaf7b62141d818c6854,0,1412.897
a551ad483dd31aafa23f10df5c11dcccdd1869be2e55a98089603de4a57d5dcb,0,5100.906499999999
a55274f07bdcd27fc66860ea2cc7f597ae6155f54600a3f65d854e861c2b3242,2,427.514
a5533b11cd7b46e03517eb5f1b455875feea0791d4c727169e0f119105e8fa3c,0,3194.3385000000003
a557504771e61238d88a624b6e9decc256f89b141cd7124aa302780430e933e7,0,624.7630000000001
a55bdd4a1a8570837c1c93f25b531bbff5db8be3632a67d86c7c40eec8fcb57a,0,6724.7345000000005
a55d6ea0a5103d87d8f4d01d11b7424fd3366058ec9563cf6eae124f31ce47db,0,3905.2740000000003
a564eaf67cd8fb34ca070fa52c3613174a398453cf789e6b3c5ad716897902c2,2,4343.072
a5681d9db5d7865e9f7c64dfde98068a69a347751eff0babcb8d2128d1aa0a66,2,1274.1370000000002
a56c87fff540de7de2f172205929df3874728a762fd3af1ad44eb7af8c6b0d9e,0,2237.285
a56f064fdbe9be37d9cfd085b2248fc522225093459036799504db20977148e1,0,5636.4355
a570565f2341aaf05b81402634a76d874f2af8b5b56b1fcc706f51584601c76a,0,1432.165
a584b77c1ca844617e4afde0d932742a0840bc02252347971394f2d6ad83dc99,2,13009.470000000001
a5911485e04566f2f840fe664356a010606d24f6cb90f0ae252f513f987127e0,0,8474.089
a5a20c439a1c8f37868c955ca43bea1d4335c63e4e2dc1666d6f3ef97048e94c,0,1923.9715
a5baf4eaaae01276c311fa503f3e6b0dd186e247f325998a8104f1081f671a51,0,3106.9950000000003
a5bfee860a22f79abfb68edce62ba7a5e9c136894c07604c19590b91cf711f9f,0,4148.418
a5ca3c6f167c3a21dbe67c0373a82566258cae4ff150773077836307f121c980,0,73.479
a5cadfc3c18571c46fbbcb9e040652e7b97a2481005348afefb9dfe21a76a456,2,3565.7595
a5cd2f957199b8c55070141a5d811f1f19c7a83248f2fa5f0cabec09598139e5,2,749.9785
a5d130d08b0f810695e42f1d2ff35836281d1234ea75c68b2da391392c781bd8,0,7585.5075
a5d92fe3a0fa1b45917c864288a9415b664db8ffaa4f8b34e9478c456c8ad330,0,3930.81
a5dbecbfceb139cf34e943cd92c2ba12945ecb0f5776886a56f288fdebaeb02f,2,6387.6995
a5dc88fd69ceef32b006c4e6ed0e8ff116032760ddc067ab8da4f90088662e42,1,6234.6235
a5e6a2d66b5df397a8ee248ed7754dd6dfaf5bf013fe3a2450baac609acc8513,1,20.479
a5e95610cefcdd4ee56a39585747e60e769916d3acc3e840b2212bb7896a7807,1,21971.0
a5ebc07a9fbce6f105f954f3cddb26cfbbac717f16480c33a7f71fe1cbbc1ca1,2,3322.871166666667
a5ed9d64c8dd24de8285b024e4fe2eb6024ce684057aa068ef01e1bd8d222c89,2,3548.79
a5f03b916e1e704586a3644f88fbdc764f2d1d6380cf08e546e0fb7c999bd6bc,0,2121.0145
a5f97c901289905c0a5bb9b4392c580ffa5f0d0d94b81f3a956aaa4f1b622bfc,2,6003.777500000001
a603d8286342d735463576f5a0d73b222b6d261a14b3810b255c0f35e7a6d36d,2,14420.573
a61d38bfaba778a53430d476746d25dbd3c8825b9d4abc5a64d10cc389e216a7,2,3858.0355
a6224842df6c64a9b0141d0627b7c2e74860f6ae321eba140418791414d1b20e,0,4845.3845
a6255e0d49da7e54e5689840e6fd1379229648163ee6c7a6a56007cbfd94aa64,0,4277.7429999999995
a629344efa5db847d8a0e475eeae3d87fb632decef77bb5869e1049e71180d31,0,4813.5805
a629e0a27a53007ad970451a590b9222fb4bc6fae2c890b45ae098692803a021,2,7681.387999999999
a63be830b2426bf18a786561d903a597709eacf340ec7c89d7bc357efa9097a9,2,5799.8555
a63d1c1fe99551391f77ebab4af43c84095e83f7667342acba370bf2c97c742b,2,6113.255500000001
a6418ee7a41c565f32cda56f3984c6194738c63e48312a64af5e3cb19da8e578,0,4957.9145
a644da860679bd996627646b4fc35853f794c015a52359fff20c2d5a8e4e3671,2,9547.764500000001
a644db5de9b86a983e7cb3516f0fdf7c9297f62b6306fd85db96963cf923638f,0,2720.754
a654d4a4ded4d37b88a5910098771d2b22cbcf38ca2730b143245909219cbc75,2,3714.165
a661d41047d0a6d86678f14ad7b2a3848e93fae77a9622bd3c12d7d47fbcc694,0,5993.593000000001
a6703a56486cf055fb3585fae56149b4d6b688ae8fed0b2681947ee974839ab8,0,1540.5555
a6775dabfd2bbedd9c05283fb8d5c7a9e407fe86bfb07b42cc5d3d1661d21cda,2,6299.606
a677aef37e4f5cc012d73377559bcf323f323e4865cd1ce0546dde27afe64fe2,2,3548.6375
a6844fa46ffed295ab00a8eb527835366aff9ce4fa8007d49fb283049ca822bb,0,1676.8734999999997
a68a76849d01f976d533f56c0d4adda734595f8ae642c7a79f9a9eca2d6ba8aa,0,9356.7675
a692c00338e96faf1cb4dd95ba862a7d9d5b17456f42d24142c33ccd8085d1e4,0,1587.3215
a6974622920a9b87a252ae3b1e12cc3b0ebb920f700a55acdaaf28bbba595466,1,3944.824
a6b62985c572bbf6464c053b6b7a99f52e18ee7b87a5a58ac7d6ca135432e053,0,761.104
a6bc08b5b03b5e157374b7e47a2a4d4a4ff210da15e99dd4b1ccb361f6a0dea5,0,6747.7585
a6bdfbc8f7a47eee8ac37af0065bb0d8fd993d72fceff7a38c5d1d62e9c99d9f,2,2174.7844999999998
a6c05dd504983f8155b4a6684f48636d5ebc181410c3a704222a8b5bf8167f1a,0,3456.694
a6c1e7df3f7cde57e1b2e42ddc32a9aaf3f8825c0da54011b0423ec18dc08ae7,2,8.029
a6c4e6cd6ca2def0da95001ce27bf933430d4ed02190a41792a6759bd8ce1e78,0,2866.5395
a6c6e2fc18abaeb997e1caef11cbeb1de29271cdfb5c447277532082b68f88f0,0,1264.005
a6cff56ebe90064eb719c67d1e991feda25f896d7552b337ff73c7525df03351,0,3814.112
a6d136c99632754c011b33b10269e1983a264b1d44a5d1c992700cc20b583523,2,13286.721000000001
a6de3638898e6c19b8905e37c8d978158337389a17d28f23eb3ff48ad1a451a8,2,2384.1130000000003
a6de8c1a3aa83cfd04a9f2ec163ceb605ef14b6acc6a3a04af0215b42fadc39b,0,4421.6404999999995
a6e87e9bbbb4c88b064a808625f13e6531f39238700673f88c7bd410fa8b5e8a,0,6191.273000000001
a6e8998a44477a081130db9019a5a5be2814031183a48b067ce75e27e27b5f1f,0,3180.509
a6ed0bfe4b55bdec743fbe8b9419f393a222577e0780f04cfaa8319db826c6ed,2,2943.331
a6f103e8427b5e52976dab6fcab2741d9283941b6e2736f6b9bde2d98c7e994f,0,2410.876
a6f23eba069f30c30c5b9319f5f4a8ffed30ec356687d9058f7a0b505ae0fc51,2,861.2570000000001
a6ff772fbf9d9f78e441825fb655fa34460aa2fee2d3c61bc40e8254f05a8a99,0,6638.648999999999
a6ffcef47b13a29c82b5dd646408cd99578cb1e53d4e659ae45eada87028beed,0,10811.216
a7054f954ce7996f77d8566b06250791d6828d4275e4fb819b8f4f3d89f4de10,0,11171.375999999998
a70985cbc9ebe6e33474e95db8eb9df90e756bf1ec8b184d139ffea4ee1bd9f4,2,3733.4759999999997
a70daf8ad51ef246f4193510fc54d760bedef5c2851a44c72293a55d16a378b9,2,128.96850000000003
a71691cc1343e4c72507ef4f63579869e9aa9e00b1cce4afe4258f65219a0315,0,2800.5370000000003
a71ce0337df65533975e6ac08c867a09fca5b2c8423fa83723cd3af3e7d84c95,2,7597.669
a727354bbc7517b816e0144fecbc6fdca87f40a8a086d3358eb0d76ed98ccfe5,2,2360.6014999999998
a72e830a56205c4ea3d4b5d6b84ab43f16591780c2304bad6f07d2fa862164d7,2,2117.2275
a73e60077189e354b62ab4abb28a9a295e6b25fa9a6f15747eb44ca288a57ada,0,2786.4445
a746dbb16b950223eea1cc7b891ec561c0834373d7889b70a962e1a3c6476e95,0,2787.6935000000003
a74741ff61f8981b9f26bbfc4e34363833391ca09fce7cb495c7bb44e7f39530,0,4937.6825
a74765498f5da63e484e7ef607c095b73259abb803223a69a7e5b96570f27597,2,258.03
a74c53ef511b9e05746a91862e9cbed398e205e6b7ffaef6b72b19de36a4a176,0,2778.286
a763b59ce9f60eebe8a225e68350ad9372f33b37ce786a2a9c0f12a0943a848f,0,4369.312888888889
a771a12c19c42b5f67ffed82ac6749ec9e7a7993e6c0804d52d4c40ab50dcef0,2,7116.472000000002
a775e49342639dfb061775ba6094321e8d74baded23b1fc004b23c1eef818ce3,1,405.7575
a776b29e5cd328456354b56740875370cc5561185c63efad047ca0ff7cd1b950,0,5004.521000000001
a77e2e6d0f43735bd63a654c18ebb4b2a2b67c3126de7316a2c6c5e53f6b7489,2,3599.781
a77f7625d06756f763a5fd361d3ec9a7304620ba820417e4eb16c37fad768b55,2,3149.399
a784b6bec98315fe11f472c368cd54904d48ff7a9c5e9d30c60227e6f5ac47d5,0,3132.4625
a7880b3cbd99d2f24ec82a732139cebb45c41351e817227d57f34bd6a9325302,2,777.6245
a78d93e16f3d7fc3777aa475e48e0f43bd5dfb6668c63472d3883c97b3133de3,2,6693.4835
a793e8551bb53661f45f132eccfa779935fe038b13365222f331bbb94d58dd00,1,6039.589
a7970b97748c495d08afabb58e7d4a1036cf83c5d9c763b173966f2464d2336c,0,6652.737499999999
a7a1d5969130e8cfd3892fe2db3375fa72488eb47eae5251c8f907fa5156e4ec,2,3229.9405000000006
a7acea710099a15f5c180315d16450da7b056f571b23969d4d7f3f2fee296153,2,10299.9745
a7ad8dc8ac52b4c4279f7ec9c5a0ea721d36da5fff80066aea8b368fcbb9a46a,0,2609.0805
a7b00ea957a340da7dad308742eb837ac710aef282beb3079510e3cff73721f8,0,6410.324500000001
a7b3bb10f08ff78d29b204efde974d06760a1f85da2a754659d7988e82bdb01c,0,6981.6095000000005
a7c6437101094d74889830462264efe927e71a01ace22c2406a46cbe69a02659,0,598.0675000000001
a7c78c46963587f77196e73e1e214cd198b42335b3c99b6d997240ceafec8c76,2,3723.418
a7ce9384878b8e54b9b928af3ea26cfce1acb804434c1fc52edc89a3005d26d2,0,354.191
a7cfbf021f4bf4ffef14a90b9284e23e89c3d3ef7418e0918c74e0ecb41ecb59,0,6264.9275
a7d198a20a4f18daf2cc6bc158fd12f2f240c72d0a5247c3fecffcdc5913805d,0,3255.8025
a7d1e333211222ed1d5a9d6940c46b46927485d6f34a32d4999acf0b61ead9d7,2,2932.384
a7d6a5246ee5164f436839cde27d07399f8f75749596a6b96f33bf2e5b325a64,0,4042.9025
a7deed443c42d60e2a1192d63327efa02d00918db14f69084ebcf410698ce4e5,0,4156.636
a7e3cf081851bf20a51463e8f74c2a7998bdc93fd2e5c16c1157b2771ccba1b5,0,4035.2924999999996
a7e48b72c4ef81fa56cde52dca7220b349d90cf17a2d8cbae86a5843685fec00,0,4685.984
a7e7c0ae0289d5a4cf7e76c6838a5ff46bb52b52741312476eef8d72dfedb24c,0,6422.110500000001
a7ec47d1001c88dd8f9b63ff8540373cf144802ff2ca086cc392bc10ba1820ed,2,6165.842500000001
a7f369a9ee23c2f5511a69e72d8b4d49ea30780873415b44933746f342f32e0b,2,3299.2219999999998
a7f762c5b5b3d2f23fbf249c7f7a7cabdfbdb5b9e53ef3141ba8277ce1ad9ac1,0,3529.7000000000003
a7fd06cad769e2d808d93a12316e1022a1c0d88429638d7be9c7b06a0ef60885,0,3594.4905000000003
a80cd3e257cb52fa2533c06b7988c401f7069f0a46c598d12a5f75c60f172c44,2,6367.111500000001
a80e2cfb1df900aaf19bfe195f45df5b440e770ef6b11f976b4d057a5ca5bc28,0,3041.8315000000002
a813ebcf750238731dac13e70c6b48209fb1f5ca291200b0225578384f27b262,0,5482.853
a81b80dc238fa7fb2955af3260249484db6e11546a409f04bf5bd6f9edd5c97f,0,4021.1285
a81f81620c48e911e2e5dfb516403e7ad09239f30e58c09a6a40a9addffdcffa,0,4906.814
a824921de2dd6afed0593b371e6ed575181a78e7146df48919835d955216fd1a,2,3340.9985
a82cfc2a91673737449e53b7b67f1f1fb62ac5ecaaca242cd5969b2216891d44,0,1891.4769999999999
a831eaa59bc000403a3eed0ecaecad5aa5620b8bd0859dcf01a5260a3b3e0e16,2,3826.6845000000003
a853b0b54c377f99bc1d29b03e190ecf64fc2dc1c0a25dac130e75971e40b321,2,7100.407499999999
a855109fd2ac405c6a6a9b27e4816acf1b260091a204a07503fdc3cd8735ca28,0,5616.438
a85d5e5e56951069a8b564314534a56355ceb4f1abb87b206dfaf9df6a584a6c,2,4000.8315000000002
a864430f7a72a353c63b36bb6d05e03a357cb38f9f938878d384b43fa1b0bfc7,0,4324.4605
a864deb7aae464d26420d024affa2509d7500fefe94c7128580afa712c7e834c,0,2480.2535000000003
a866312bee32e711e666d8c6e02af9916be2f2e05b901e948d6e237c4356c188,2,3168.921
a86cc86dd69b8c5d4cd79d0394819b2ad38211938bafad5ce522f3ea2b216dc4,1,6272.748500000001
a86ef8dd6d1d4b7e1df1fd536e8671233b2201c743412d13fa9bf066df36cc6b,2,2073.064
a872766356d27fc0c7b1c6c694ed5f4741f94c6bd9a525fdd35c5073b9c24d3e,1,9554.5715
a8742543a271f7e4e98445efb4cfc2f58be855e9e39f3ba4cbc33f39ba9dd1e1,0,3236.349
a885c9a6018a129e1abf0c6fa60752556fbd458dcf8cc2a695402c54de9c6c08,0,3662.0645
a8893591db68d40abb2611c81eab657c1f97874f9c779aeb63729570c3b5d20c,0,2594.1575000000003
a895134f5ab8a23ab6996b9957da645d7e107c4d5e697464303057033ae4e9be,0,2785.1659999999997
a8983e4a19b5672ea67d7177415cdbef45c23b7ed5db2ae8b4a9c4d9da359559,0,3727.7745
a8baed38bde090b06fe85574d312b9b8e2eb7625ba6e3c6c794edd85ca5fb725,0,2232.3655
a8bfe91e38052c6a1539358bb22a0e3c34858b90038eebfd42a050ac9f4858cb,2,5110.844
a8c13330730b6a81d40cb41783bec04a926e68c3bfac9bab3fbcc0e82a74dc84,0,1556.855
a8c737dff870099467436c5a674f4e66a7b3749ea714dbd20cf6513f44b31b82,0,4670.504999999999
a8c9153f4626f4c91071df1709ad1c4ecdc11553f56c72bec169dd01edd79ddd,2,4745.099
a8cc6855c48400699d6b8fecacbdd7a5319dd9ea34b6d3581c8122900e2f49f5,2,3111.088
a8d42dd3bc32853f7b15f9546b97e913cdaabe26994fd7046d3b86cc991cec42,0,4354.06
a8dc32c8690fac46dc2a517c1e63aeeb5d224f0b141637a85bdcd309d282874c,0,4508.288500000001
a8debb01700bf8191816c6258b1f732e173b380cf6875f4002d62e9f43dbcc85,2,9393.261499999999
a8e25adcdbe79d9af3ebb28b522030b2aa1f4d360e86d5d6c685591f74fa3a32,0,4147.4665
a8eaaa7a7b8b56df605e1eb82e37ef9f684f84101721e04614719cdcea2ff8e4,2,2734.4475
a8f5054fa32369eee729e940dbdd03f984af84f03bc0f83e72df9b9411fa814f,2,7808.226000000001
a8f8390a79b86379ce13efc8638775fa3798fe61e171baa771bfef51ea96cf80,2,2023.507
a8fd895cb937ac84c8119012da6140c7c2f18844c29cbd2295e11f03d004b3ec,2,4806.2195
a903c4ceb7e25c391b331d9cfe0efcfea8facd75301df2f0afc94338d60c72ca,2,5415.7715
a917656f536c58dd8b44d5219cb3454f66d7a41680d10f798749f7b3a59c1ed4,2,5228.21
a91f1c7debeb2ad18c35f3e4270c1293c88e7ae2993413983f3cddcc765df5da,0,4282.221
a92031feb535afbd53fc5d9a353e418f589d657f9544066cd56a3d6c3cdbf123,0,3548.508
a9342ee9bee6ee87c5e875f31a94f8dbaba521014fa246587d2dd61b36982ef5,2,1368.774
a93ffe3b0f6531ac8d2778805a9c8b8dcfcc9a73bf0b83957f7e7ebe902459f3,2,3217.6524999999997
a945290246c79570cc371c2a092a331b54d8afdbb3f1c7fa75a70c7c8b1b4b77,2,3595.8125
a94d0538b072950fd2127e1903f3649aa5681472f7f2a2ad9c1df3104d8feb26,2,2721.348
a94e31e6245a77f588edb6c0061d43653e28c3f09d5367a6fbea942344ac1204,1,3830.4884999999995
a94e580e0328516cd36473c4dcaa760c8cdb67e33b6f1ba5abc3b622293441ce,2,1042.481
a955b8836c62c6d7589a94bd35314e32144a43fb68d50c27bec4108ff1ef8a0e,2,6630.5125
a95c3944dcc6b3911d74440ca6525a8f3c284e20797a37b436da753aefa64eea,2,3758.9055000000003
a96125a0503fc05767ae8908ea8a06a5278f429e637700af8f946b5246fb002a,2,2320.0380000000005
a966b361ec07452f5b1d8bc00a27b936565646e8452e7abcc219dc6df94c558b,1,2039.313
a97a5f4c88b329247e11b8cf3371b2f0cda0af2e9f9e96cf67d5dee3b560996d,0,5102.8745
a98455565c1b88ddae91e3e19081f275c1e88a0c585b5a35f0a97c3d94ca7b9a,0,7349.106000000001
a98ba64927cbccb1384ed569636de665bda454fc27dfb922df6fc00b4681ec6a,0,1525.7595
a98c8e269cc5bd2927840e53136ba27fd53753b95242695f0b5166f7ecdab52c,2,536.5725
a990c14f5f1c4710e49006e4a096009c7348404fac0550f6f1ef252a04aff3f8,0,2022.7369999999999
a99b05897d0300d6c80e66df85a618783e347cf054da4a09887540ce4d250716,0,5732.914500000001
a99d58362c1202591e4c0486156562da0c6cedf5c6cda6c0ead27d0765bdeb2d,0,3711.5159999999996
a9a57495aba46edf2a13e8fe664279f60f71ed3a484f58f44a5d2b6d15581d95,0,5127.043
a9a6f1e6abd2406bac1a7ca9d1a79b5062831e48aacf482cd640372d29ad2d2f,0,689.1370000000001
a9a74c3e6a5d31fe4c703d9a79cca29e52e0823feda4d490161310dfa85fcd92,1,53.8355
a9a9f99b934893c1030bcf04c35c7759f44f155c643cc418c975063301f5a665,2,5556.382
a9ad31ee00b50e7f704ae8aeb92f3611c7a085ca7553b86529f8074f1d9fb9c7,2,3142.6490000000003
a9ad72fd379ef4b07552db20db33acd4f533ada6f514c966e360d17a34c231a9,0,6757.261
a9b62f2bdc780082aa11d0613a49cf750409c6160b6d46dc1396f53be5876464,0,1822.955
a9b719d295745feb59689b78a5c94412ad6576479f6f14a1408ec82eaec67aba,0,4717.5445
a9b78adccd39f577918e115628bd048de8b4f125b601ff9e667dea9763d2cb07,0,4175.358
a9b8a438ee6bce8f112d051da8f97360fdfb690f8455d56307e74f4a2c23006e,0,1734.496
a9c90e8460f283627252b29fafb587be9db182485d7ad87385f578f98ecf0685,0,2542.1365
a9d63775abdc38acdf5817140ffba440ea3bb65d444950f0c55c43b18b880601,2,1649.4895000000001
a9e06c6587551c53e89effae65ea545e0876fbf08e4d56406248777b8411d0c7,2,4070.155
a9e3faaa228a24915685e15f2f01597953dfbba010251c601030a60e1cee0cea,0,668.1355000000001
a9e709cb8b1732930f91eb5500aba71bf3aedce8bf9aa1601fac37bef0fc42ea,0,7818.458
a9f50e46e3a901990f2fa3c07cd856b574631a7578089164aa78765fb1bd4de3,0,4700.4130000000005
a9fccc0fd02c40d59fff95c9577c5a278543aed65ea5e8a025f8778ce4c38488,0,1295.26
a9fe82f1a3858da08c677380c7c28fc4e79869d4f41cc00d62870b84a58f943f,0,613.4960000000001
aa0066764a235666e4b838c8c63ca9730959ce0406af43ca3ba3e7cebc2b11bd,2,3313.5764999999997
aa01f4b38ce2dac462bc3cb8155042971715f29304c03af1a9f42cc7aaff1955,1,6978.4935000000005
aa02e7ff59370168da8030e14c5f9d42a6306e63b6a17e7803f7542cba1f56d4,2,1455.8635
aa1efa610d4eed3c4185e277c0dea0375d23336aad9891bf4bdef4a3aaba46c0,2,28370.6665
aa226d8329262a97a4975eb52549cb4bdcd4cd8a31c0f637970fb25048835461,0,799.297
aa26b9a14fcb667791d23e52c77c507190bc683688ecc11848e40cf033782c02,2,2264.5495
aa2bfbb08554b6721ba8cbb7faa56d838180fc11a49a31be848d24c2d5127824,2,12548.536
aa324896c655c906629ee6ca1cc73e9f402cf631b03554fd41e95030825a4a38,1,15425.944
aa36b287271562ef72ff8d27373c75830d18a68d694d914a991dda80fddcad53,0,2751.2455
aa3e0840cf01035379a1f42aa4e13caff8884940d43f908cad929ae6a38ce88e,2,5362.9485
aa407b6f1c3150a12cc8128b9baa08ba0c359d1808d3330e90e1f1ca93438021,0,1842.4685
aa40b9d9de69eb045ae18ebeb7129467082875fa5f25f343b24109505c34851c,0,6972.423999999999
aa4caa2ea46f14bffa1cd025405270b11c602d301937a96f7945e152c1741f43,2,3036.075
aa5103602524891568b270ede9ff302c77619893d21ae4fde20a0363c3123e8e,0,4570.561
aa56f5f9311e828a7626ec663fe44b8e3955583cf336212f3ee6473964548ae9,2,4051.1655
aa5824b2eb434ada0c10cb97e229fd6a3d5ec854f6705fc16951d60ff4628ad6,0,2057.794
aa5f7246d1d58e440c1d8a0064d85f2849b38b66e0820081e53b7758364fdae4,0,4955.079000000001
aa7150d2cd9d4a64c1b40eef514fc6f489beb2e3ce7fe9864271b8e5fbec3965,2,1608.535
aa720adca8d0582ef700cec437b4566c01b7ce257197a297b4b7621b967a0a21,2,5002.548
aa75377b706ae6cc13ecf711e5aee6f84453f4a5989187d59f18db2446918f81,2,3345.054
aa91e444981620a39964d575c71b3bbeda49e51356e44f1fde68db730924890d,0,3656.4015
aa91f8965f8e41fad2f54806ae748fb9e69f4d79aa4d6097ff3bf2765ffeb8f9,1,201.98100000000002
aa9fb4d220f9ab3c79b9e8a77bdf88273434e32fb4bc6b4879bfaaa9a08f16d7,0,5665.901
aaa6fb626b730abcaf898659ab565123bdb8cef51f9b7eb3e5637dd54d209aaa,1,2005.8075
aaac0c6ab1f67186aca4b54498da59ad24a3588aefdf5969afa56f9dcf8d23b7,0,6179.968
aaae3f5306a0522c91984d3573d1743d39eb3c6104d767d6fb8f0256a845fb06,0,14225.706999999999
aab40057337eb87ba7699ff198aa4c6e876208a04d46ed38fb96bc155d7151d6,2,6337.642
aab4511d30efd2f3df76a29afac7e43d2439e008c3fc75efc7cdb06e8efa4282,0,2017.4825
aab9420d43e59263512512f349899070bd084395519a16277fe2492b4f264530,2,5251.4935000000005
aac22d8c67e4fcc7f823b1cb5d77e2e0e1df57faa2335c88975ec280a5e6a849,2,6356.886999999999
aac99529275e25a2de77ef2da26c2a6781f1814a0bb5bf3f8e9e81000d9aabda,0,3067.4339999999997
aac9c678c0b0b3e777187104665fcbc929541d0831348cc1a4298a9b7a11486d,0,3284.9355
aacfd36f8920a39bf86bacdca48abc3f7429bea26c4ace94072e69173c1a2fcb,2,9244.519499999999
aae10471c90e3ced79869c5325f7de1276c8b926ac8f437167fcde5c7f36bcf2,2,3203.838
aae67d71efefc897a5236ef6682af1cf47cc76ebee3f306bcf50fede8a32570d,2,893.2965000000002
aae8f76e0a687a4b500abb633ca73047542c053b942a475300a56e059334d07e,2,2165.8885
aae9a7b01dbf737648925c96d89977c24b1fe22d46d1592fc0c791a5d60e1ceb,0,3518.7405
aaeb733fd93c7fb44b8b3e17d40cdf5922ee6fa29b48a3f782b461683950a96b,0,3483.328
aaf77ae1d5f3112d7f87ef671935a34f4ee435dd595cc2629fd3b80a3325da3f,1,819.8355000000001
aafcca41ef7b290943bf7f9d44ef7fdd68f47642804db481edd0e3ba3dc58b33,2,5261.028
aafdfac90f149a574a2251d87db449f67d1aa9a352af68af4e7e6b90c8a8e067,0,6506.730333333334
aafff7ca34d4641300187008e623c10eb3ffff8b8fccec4d1ae7d52cff0479d7,2,5710.669
ab04b7ca1326f893663f922d1efeb1b212f137aa6054b0e7163e495283cbedb7,0,2100.9365
ab275505618c66e7bd3cb9326cf0ad57580101aa4aba7359a2e943da093b16fc,0,2720.356
ab2aa2e63e13698185fa1b194100e670e9145d02a612a873463adfdc5d256e6d,0,3210.4764999999998
ab2e06abec5d4f4019cbe10563611006c824b851468c3555f7504ead51c0a465,2,1870.516
ab3fa5660206a2e150c914481fd768234eaf50e955aa62d89776b63d08cb00b3,0,2815.6985
ab4346fc8b1a01e8b1be7a0846913bcd64ed5a2703964a1b2abf13d343fd2a97,0,8933.5475
ab4c8546f3fffb570eaa8f8b350194ca9eb2716ffd16165cda8f245c06002985,2,6369.9574999999995
ab50707588f6e2e52a1d93572872e4c3d87a2bcf59d5c282891cb2325f1b8e14,2,4036.1549999999997
ab699692946acef650d3018869de38e68e47efb830e5eccd048ccd72335c1ed1,2,3444.4260000000004
ab70898c1cc8651e7d6d76fbd6ad967de4003846e19e6fe9b219c91267fa6fa2,2,1472.8125
ab73ec2a00ca8f89863d2d35cab690e7bd72e998fe694f5d47c00915651298f4,0,4213.401500000001
ab771475085979ed19c2d2f7fe441667162c8f348247ca7ac660e1574f4292b1,0,365.3765
ab7c90b8e6662852005ec966cce001650fd641c58ac4978ef7e44019fbe7a6c8,0,744.5875000000001
ab81e928863a814bf4aa06f06a2b4c3e964a3c6b02da4b4a9f8a0a6b7ade59ca,2,6129.4085
ab87107975a4fbfbbe9c0a319016fc07b929b5b6ec518a15ec353a73597c388b,0,3264.8855
ab886035cb21fb205d85b3a59e156f18de1855971816f0559194125579bb1e82,2,2617.0924999999997
ab8f052b561c3a91283d394bc5611323f45101191ae949d981bb70d4586156c0,0,7949.5275
ab91233f44d321189a42c717fa24684fc1a237f043656fce4bea04747dc65a8c,2,4752.1425
ab9f55e87dddfb859afea869698eb640655953115e9556073c0f485fe5e80941,2,3323.9985
aba64d5792984ffe61fe163bab4d89daf3642923be8755bd14d315b425660476,2,3205.5344999999998
aba8ddb224604103648f7e9b1962341515eafea020aec87bb07d293cf148dd61,0,3651.087
abac05b3af2c754fb3a48af27760d28bf6791ef337461588b343deb5cfbc5f34,0,4780.405000000001
abb24c07fce5606c51d6c5e5669dbfb21a3fe2714ae4b73d404e63ebe20f7f09,0,4129.9675
abbd5e5aae600f115e35631fcfdbfc6eddf9cec218a981f954d0163bdbc49f31,0,1013.937
abd225a3023ad030d5057fac7dd005635d994dfee570e7ef7eb89ecc0f5d6e5f,2,9929.794
abd5099809eb37aecedc2b2c59790649af223ffcdab75a35df7c186d409f84ee,0,3343.0665
abd8de8452eebf076655c750b1798d63a1900ab57d0a182afb088af3789ec238,1,636.8290000000001
abde739d92bc09f35a03f6dae82fdbe0b6c18b0d9547e2d573a047a46622cc83,0,1062.984
abe2e56b76b78685eb96faa5a0b0c45c22a350a4b285ffc47451ec8f7dd6c20d,0,11215.4285
abe2f78c2326fa57df892243e43fbb8eab66ab80105fae122b4e726c8d12c3a4,2,5343.146
abeed9adefbc4cb646e1dcffa505647d820dd398da7023e313e343726aec512d,0,2922.7435000000005
abf6bdd450b4db8bda762a364bca607f7365ed1188204674691000a6703d667b,2,3168.6684999999998
abfc2b41ae8e458e3dad001d31b3de4bf96d081fbd5a42f0c3ce04d122590ea1,0,3650.9205
ac12005ba0f9a0bcd02f50df0e17fe9aeda9173b753d61eddfb590ebebeead4d,2,4756.122
ac126c2f5b7fedc097e89a2799999de77da3284f22c991b836497c2898de052d,1,16624.027
ac24f205ee084bffbb10621acb9d403257c2900e74821b9b15f23cd755a1512f,0,5116.018
ac2b310fa9fd404322f6f7dc7bd6581e35574a5d3960c7e410e0995b675afc84,0,1458.5425
ac2c960224cb6885e5efbcaee337e98d33d5d0fd089e166b939f4328f2ac00ef,0,1188.4665
ac35070fa4115f76bfce06a07ae29d38032a124f0f4465e18c674e333a603f91,0,2006.111
ac3e6a48f23da2ebe266b288cb78da2f0d158969fb487781c5e8bd8ef7e69852,2,7422.870500000001
ac42e650f5ad972c42394a3fd0d0dcc20e3e4576af14fa540ffbf949be720f0d,0,1544.5515
ac4fdd4c0087bbdbcc43fe8d0daeaf5f0a74ffbef6abc803d230e4f7bc22c636,2,3713.351
ac56c586ee070e1ad2e2b92e85cbcae9df34c38bf849dc36e2457cc8a5015bb2,0,3893.5209999999997
ac6f02a64676f0b96b5f2dd515f5f69084ae44e90144271ac80de25bc23f6d5b,0,5038.2225
ac7c8fcbe1471686f335da56d9b9b34ee0cde5142392d931c3f1ce347c2f645a,0,2867.3685
ac7d7784bb01e15dbc8e3e61bfc851a4ea5f5944a3933c49840cd230c4c7311c,0,5569.155
ac81b9f4518ec6b141496b1a0e0c6746a2e1ed38248faced266d786b43a43522,0,1085.8600000000001
ac8445cc14dbf7a5144aafe7d6c89558a78f294a1e1603b1f981981cd88fdd2c,0,6501.789000000001
ac85b90055e485532a6eb61f301bf0dab8d6ba4d3fa268ad30df45440e98f714,2,3244.967
ac884989c47b5b32a6fee86cfa0e9ed5e6c5152b74e758f9074e02aff2eefbe8,2,16339.451500000001
ac89864c2abc1e395a19bd780b158f6ea63be307a80918a6c071640b4cac2e96,0,6086.3125
ac931ddaf03347e7fc571a82faf88c931cc7b8de005362ebb5022ce3a77d8ab7,2,3496.9249999999997
ac9a6a87925813d9d082107b39235e9873df86ff3149272eaa4f149b5ebf1916,0,4997.346
ac9b0ec992bff149d00746b0c023368658725396fa5dc5d3c5e68347c106e60d,2,946.0899999999998
ac9b5f66e841a61315276cb2d93b7531df63b66db6e836fdc57c78a0501a01bd,0,3357.3295
aca00be9112e2ab5938731fa49daaf3d59a49dce25d8bf47e2329862610ba0f0,2,5643.0665
aca79cb9c5be0881ff0a2480ef15faed60f92e7fdb3eeb14914594fb659fba88,0,6483.1425
aca838fb9ad06f7619a82a82609b0971b09ca865d51b57eeec79844a9934b32c,0,246.31450000000004
aca8bbc38aa5e4ccfd26528003a9c91e94bbf88fe7c77600a1143ebc5b1678b1,0,3798.7690000000002
acac491a6c3a865f01d60350926542e020c5169bda412c9867b1218f5ca9e5ba,0,2553.2575
acad2fa2ecd16bf69533ff89c984cd0e7783af4175d998ff832a622f7bc4bf88,2,9717.68
acbe56cdd538ec9881aef4b5e6a195c52edbe0539f5c85b043782cf3d7515032,0,4102.503000000001
acc432f3f0958a1008c518cde489855fe401f15a2fa3b869dec5532184c0d752,2,10191.414
acc6c7121c712f481b3c3815d9dbad897e4ed491810a5b638d7ee0c3413c8ffb,0,4646.423333333333
acc7c9e71144c3ae855c6252b55ed50d365f2f3ee9544b197390b34965c81b27,2,10346.479
accc66acb40f64e6043619de53f065da360b6cf6f8a1b449dbcd18391e75cca3,2,3673.7695000000003
acd0ce795654f992b04ed776b47e9140002531fb0143e24509aacd8d934857e5,0,2322.5425
acd1d478ac0e68db4b61d0cc4f2a9e91eb42b8481dd886540952a3096d24aacf,0,3598.859676470588
acdd6e8b915ca016433dda5a053b8383818f96db05f9274718e95c8b2b666d28,0,3130.458
ace5c251e9b706f6978352694a178bff751751209dfb8e97c4d5c7ffbfd1a75e,0,1153.8735
ace8640223dd07e3bc1ca4d262ef7e88115c63be8154ddfcd653d661bde5932a,0,2998.731
acefac0dced7c57872c6acc619324dced98db7a97550d6840ce28f2a4128cf00,2,3102.0475
acf1c5e30e212a8b1460d1fe0bb574ae079b609fc6aa39dacee17ea94aabb9ff,0,1401.0765000000001
ad0024494dd51c4dc9cd9e9d3a12a61c048eabbd9eb4daf37533434f3d57fd7d,2,10975.038
ad0647a5695cea5430ae9fd397ae200c5ac3cad706689b662216849d0f4ee89b,2,10189.85132034632
ad0f8fa14d0c698ce4a6ab79df2cdedd339dbdebf54da96777d08d4b26d3ee65,0,2078.627
ad138a3f9cd094c455f1ad501390c7e224efe0250703fc7ca8ed2938b29b68e0,1,1678.6940000000002
ad1623e330a4db63d6ea8810e6686892ea7d0b97a0c88dfffaeea4436c7511b9,0,6527.2725
ad1fd22867f7f8e3b4667561f21542156aea32a7488a8e250ccae94f07c60c7b,2,5643.066000000001
ad37db4f1156f2f08dda69dab46206935cd535d3b742ddf7052d304a560e64c0,2,3185.6935
ad394b44d82f81eec4b69b0bf28645e91f0f26b138a74862c5bf39a1ae353d9c,2,1012.9920000000001
ad431994cbdae8d97b39e8ec5f6df306419832d5846aa9a26a119c8b17b7e677,1,11507.043
ad490b05264448d9e68e7e72bc7a291e634568d0240c266ad8ee035006fbf8f9,0,1897.5430000000001
ad54e26beac6ef8e86f623e0bd7a6616c3391812aa6e516d11122dd114c4a596,2,20964.164
ad569c88cea7859fe60eb293dee2f963981b982525e77e48149564a3194400e5,2,3457.6995
ad56f0047d7fe7b1082ffeaeec62c9197f50c67cc52df988e9a44905769e29cb,2,2579.7794999999996
ad58ab04bbfb1681e55d4076d45e0b327c76d2524f20b058ec05fb941b0a49c2,2,2610.3720000000003
ad60730cdd6e5cb55902b83649a879d84d0444fafa7b13b9b2dffc8985ff338e,2,5313.107
ad63b1d9b82c783e526bb6dfc14753901b9d8acfe8d114b1985e1d1219035a39,2,4936.821
ad64da9b0d3bef6ada1fedad383d79678cf4ed8dfa1a75342c3fb46ba61dc6b7,0,4512.8185
ad66a03bef50dbfbbeea823d5cdda3533f6826c62832bcef703e0f3fec9dc7b9,0,2007.5915
ad6e6276d185684b22fc238cc1d5cac325c28bb28366729f1b03d8b4525a700d,0,1986.9695000000002
ad75f8845dca99f30b9912d9cbe5908419bc2043f57e4f0f01fa17872dd01d54,0,5251.344
ad77fe4446fb8e1f33f689ff3a2f560cd0965a16cd39cd656f9ad1b5e059fe49,0,119.9085
ad79ff2009859b0fee9a9c1864983c20ca9c7205e4e7b649306212f0a06220c0,0,2797.662
ad7ad4eecd531be092653ee58510f07c0875960aa4bc19d7751d9c686caf417a,0,2218.504
ad7c325e8a17cc153c22151126bc3c989dd0b4cb2e9fbd3209a612f994ea79d6,0,1161.913
ad85aa9eb125846d16d6e572b6f124cd9220249974fa908a34cea02849bd841c,0,2515.7034999999996
ad874db4ba0c15bc223f818e61190c95c0ad79272865ec54c6e50e300d018a60,0,3640.0255
ad984f8df0abd54d7d9a1fe9077c7deab36647569e9141d278eb6a646e68b823,2,8638.3135
ad990348eff55479306dca0353b86f6db534b16df57955c42901f31092cb1bc0,0,1226.35
ad9b27d05b962960ffabbc4d397cdd5668d05c3990fd72f60f16abdc71dd3bd5,2,6331.393
ada146c3e32e368f94657e4dba4d94e7a028dc356de6a40b87a3f20923d3807d,0,2222.4505
ada646e95dbb7d2e62a122523997a72e84020dd1c69715c0d11cc6319e418187,0,7707.7294999999995
adaa5f802f4efa9f530f9e5a7a04874c8b1b665750cba18ab9e2e7a3052d8f91,0,5166.572
adb8cfbae8186c81e798b7d3040fad75d23b13a07701e414b38c8fd06b4e556b,0,1399.5405
add35fbce373acd921862461172b1646aa1d65c6873b16c4fb968cc6008bd063,2,6803.111999999999
add648206e56ff79a5fb0f40156e861c745d37d5656f632185910f294d7ada49,2,993.499
addea8b5308dc6dd2d5aab220c50be3ca3432d89e6d645a00f03e401ca0fbe59,0,8735.383866666667
addf0c3bb56e3a2b7ee26714e5f489ec38f92ca2934c2c4acf1d0d7f6f152d30,0,2278.437
ade5a9c439ed3a31ece21a82203b28929696509e329572f411c1dd6dc433d242,2,2428.4414999999995
adea7db249892a9ada2cb77ec9481866e1ef4e435e6d0d81c1d772b7abb302eb,0,1305.9805000000001
adf32d54c9c46b6240677d53b79067448fabc3a98f359cba5fd730191210bf6f,0,3903.6874999999995
adf790c39ebbe9ef1d4ce97be14968dcb32036b3c7ed664a48ac8e63df527a56,2,2152.3500000000004
adf7f3cc3feacf276a861b9d607053040163343fccd25ed9ad323bbd9064a05a,0,1744.2015000000001
adfa8f11379a704b86685b5593b11d938f0024e8bca070073b4624e2758ec98e,2,7281.646500000001
adff78107f16293878be8fd5ec0864c6bdf194fba59407c7d61ed5adc591eb59,0,1383.911
ae02f67a4361a283548fe9d52c980fe86de2e08476d7dfe8fa07ac3158bef192,0,4016.493
ae03042a3c2fb4eb9c9f44d221eb07dad88cef7a65cb6bb6b55dbc40b1728053,2,1580.4935
ae077bae8fbfbbb6d2055f415b1390e53a2eda50c94e7ce0abe19a3fc75a3768,0,2900.0924999999997
ae1083a189178cbe156c3d987e6f1110b9923a95cd80028fae5f7b178a14adf8,2,3722.5805
ae1b3656c2383ececd28d80a576665719aa24dd7d7c984134bd97ea1bf13a155,0,9916.401
ae1c0b9d60f34ca47c2718656ca38a5fe30c6be7bffe499da32a0dd8bce9ef8a,2,4266.2365
ae1f9e1d893ae2692adc16efb7dfe1fe89df3e8758367433436939ad674c7416,1,4540.8295
ae226a38df6e71cb7126e9c7f2ac826f04d3bdf27550c5a27e204353f16365e0,2,9872.1255
ae234a59cb5af60fa6db204dd0aef3d1f454a92dcaf396751a3ec071806b34cf,2,16169.045999999998
ae25e58764ed2e8512b51f9f607df343caa74140e4ac22a7b69bdc8e1650eacf,2,2874.4285
ae29e384207650c54d833d38a883167ee9ecdd69b57a4b33c75394c07f870ea4,0,3828.978
ae2a7ac6f493abbefe8e384dd522cc2f3050982ab210cc486c6302100d73a865,2,3693.6674999999996
ae32d813dc03bbc9fd2fc3b527e63f3cff2e5aa4a5d0bec77fdc3abbcae281dd,0,2625.2705
ae36b8ebb7031b6d4a2d18d30e760e107bf0df7b1763a8f3e2880d5849573e3b,2,793.101
ae378ebc843d26d1c44e5e114f4a6c2f968ad6936f8f34ccccf6bf94b670f278,2,1239.1805
ae3a0a7c52bb2fde9f02d8a1f1507a77786d9d66a461923f261d766a1038021c,2,14262.090499999998
ae40c49326a78539755e264bf6722d2d11b54df86953df6e052c8c45e6c5116b,0,6569.9400000000005
ae40f7e777e1608631802d30f0d5dbdc1305b007f11ba177eb4226a267051107,2,1494.163
ae43ea966d8d5c6a2b29cc80eb92c3cb1d46e16f9fdd59147a544245b1ee563f,0,3529.1089999999995
ae5ee5d3787b715b8dc068e66b2b124fe777f1cb4c3ac9aa7ca2e2ce46481164,0,6587.994000000001
ae5f5dd7edf3f4baa47505e6f877796560611c930435af80244eba1d6d42bf26,0,3095.5424999999996
ae64d6afa1851dd490c0e52d11514353003098c240bd3e81c4f3b17d342f7f78,0,4875.039500000001
ae6675a8cf9a350987d78ee170fa159d93b1631647c35cb1244b3765b5ea852f,0,3436.8514999999998
ae670d3877417a8999297c08f12f2d9fe0c79b7eeb5337c4ba6fe0bcf3ed003a,0,6355.272
ae6c5f2ce4282ef06faf15cf8539823f148d086a52258b54baf658dfba79edd9,2,4615.272500000001
ae927fa9f97b8abd5577e88ece8c8c308e497a7b1f19e6daba3a6239255e1f00,0,1566.9295000000002
ae9ddf40d9794756f13739dc5d8bf3cfccda6b5480576a5f9b5ce29dc2244225,0,3669.5065
aeaeff36832059c0bce45d11dd32645f78ddbf948f207d7894be60b0fc8012ce,0,1631.963
aeb1fd947174cee654a3a7f029561a2476111f414e2685ed920f0633bcb2c504,2,2009.7135
aeb403f08cd8a3a1991a7e92ea1d981f8f608e044919624786e4bcd4af49140b,2,9992.989
aeb4078784bcafbbbfa69c4f779d0f3ac7896f66639bfbeb15dc5841685bc27c,0,1404.7034999999998
aeb6deca06862ecd95634ea86caa5512dd277fb7f588d398433262d6f72cd946,1,7889.076000000001
aec0dc61fe52629506859fe89f483e3f7daded6cc4e2e2031ada81ea83d55e0f,2,814.0050000000001
aec93fa1110d30a9482a7668566f10d5bb8304240da5108ffbeb74b62bfd5c8f,2,4571.443
aed01f1f7758600bc14b7536aaa18821bfa123f79deb2af547132197edc6a5a2,0,4126.557
aed1d3a1b5e02e6b7dc02ee2e4466f37d678cf0c891e35c4c1fbb50643924ee1,0,4097.642000000001
aed329bcb177d4216bcd97869d6523a1b8682251d6a2c57acf4a1e95a76ff669,2,1362.0404999999998
aee59a8fcefcb26789ba7b1b50ae4a3430653daa6d7f736c239221547d23c183,0,581.0055
aeee08bc6845abd93a0884e578e2661b9e16f566376ac6129a3b7965651c8a2f,2,6544.604
aef9e9a954f5ef21f91ebe1aad85af0bb8031487e07ad1071e1eb32654a36ad5,2,9698.8105
aefad5796817ccfa09f2bc562d7d2c83884bec55436642995884b7d069662e46,2,673.904
af07b8d7e9a718426692b6fdffac5f49cdf46cb05df2e03aa234812e5e9ebd1c,0,4121.5554999999995
af09564ecf16af244770207f1b144e076c166039e445e4e5a46862244758c614,0,5449.8445
af0cb6de280915ca245a297c84f112cbfd6a55fcfaccb6d716f8e16eb51aa9bc,1,8709.78
af12b8e12d079150cf26fbe8c875ea08f855b4f5937d867b8673c6f83684270a,0,2699.5975
af24f1ffba77dc3883ab8bce8fd455a7fc86bd253bfe53e4848df3cdd2090eb6,0,477.3135000000001
af27cae52df7aa741d37eed8d9a9de0f9fa8f32e17009bde540ef5535b0c3544,0,3039.5675
af2ed68b2b339d175bb1667b50a9930beaa0cbefbdb4b47af874510579fad1c7,2,4878.735000000001
af3526724becdce0d02f4c2f3425b8e2c128067e9b8b107160e7ae66670dd2a7,2,431.08299999999997
af3884873ff3cde8b45f5b13f8b8eadc1cc41867ba301b087c125b362bc62979,2,10820.1895
af3e8b2bc30ab0a84f4dbe0640c27f82ff090e56f85d3ff68c6d11a574938a8b,2,1643.677
af41a845e0d23520c0860f7fb333df7642c82881572f47e49444af7137ba2e9f,0,277.3810000000001
af435e6c12467ff209971a3ea93f87599a87fbedba3b8400e9eb77696f8ab296,0,12857.2765
af45670bad246724308d302a69d91d220c0cb0a0bdee8e36c173f619e28b724d,1,14033.935999999998
af53ccb48f620b11dfe1640840fe7098d305bcacfb3b0984adf642f08dc21f3a,0,1917.1085000000003
af5cd429c0b6f7569c286193e20b4801996db1b0069a4cf2b1e44c583b501d13,2,244.58950000000002
af6c653f6bbee5f73cea9d1886c8e41b98534a1da4ef3f399f22a50f2962cbbf,0,1671.2024999999999
af70cf7df01dfff0a7e4829dc5ca408327bc8ed57a5116a08aeaee674cc4cf0f,0,2172.6525
af7781fa6ca69e33c5c58bdd8e1b15c4ae2ced0a7886fb2a5cc6a2e7a91722ba,2,6190.7065
af7aa765eafaaa41c6ccedb22db75744e5dcad4c94f0e2292f2e3cdcfd8fce77,0,2310.1310000000003
af7b2a22f2d900165b3b26ab36c07dbdede20b6479ede65b56bb442314824322,0,2948.4965
af7e148c25bd5f5bedf4b5a4df7407204242f4fd15ea26fa64f3490fb1caad35,2,7968.993499999999
af7e3c026cece2a83bc8b2f39082b61bcfc929e1ee78d504ffac92f537bba980,0,13196.7215
af7eb3337cc1fa585f40334a69ac0f81c0dc4ad4786637ec6c7dd0808f67d9af,0,2567.3235
af841f556c291a0e5c535b2656450fe022c64e3cbf6210412e1f3a32b75ec250,0,1558.1219999999998
af8bec4f00122f097735f3770769c2d7252b07d38676cb63726a97ae60d5302d,0,4488.3835
af8e25bd6325d1ce7263c9234cfb9b7c30b7d98cff8b3d2e39b57490f40ecf17,0,5190.025
af96f77afe704cb01ddb59651eed692984288e41394b4dde08e5a1f249dbed7e,2,2.76
af9af73e30e832d629ea9b8d0495e33f67b97a3d60cfef3a726d12c5ec05e93f,0,5794.1179999999995
af9cf182eae48918e757e4fb33eafb9e80e30015ccc1206dcde4744d439c9b77,2,2699.1495000000004
afac8d26ec194bd862c250605688663388b4ff8df2e12f334c243d8f334212e5,0,4729.7025
aface5f04aed496dfaabdbf7646c83e48b49caf5d9b69c42fd57e775d64eb61c,2,93.21200000000002
afb12134ad74ecc83feda88f0dced34155da18d909fbf11a553586dad5af0d2d,0,2718.0005
afb4d2377c692e4654d017647cd6a2f7c6afe7782d26098e7050f5136cc65601,2,6520.4205
afc29b727a0bdf7ffa2fee5d97495cbaaf0fb58c8bc858614a71b8cfacfa52a2,2,0.49
afd195525cc0d611532c672fbf7508517bdd705976c7c9039d556cbe94f19c88,0,4998.549000000001
afd3d535388ec16c2b1e3f3b0954c5e790b64b00cd0eed947798f4a4e5b9be17,0,5986.242000000001
afe163a397edccc240c5bb75ecabd8a3907d8f34193ba2c22833c9b212199864,0,1664.1775
afe29af51c25aa5ef961a041bc454e6e40875d552ed480bf28128e5a4ebfb9fc,0,3615.8035000000004
afe95a1fba8304eb99e785a825838853cf6ffea36fe1c2d338a593cad48b04ac,0,8093.002
aff43017b90179eb23abbed435ebf68d9930c4751f1ddf104c64d46581a8f6d7,2,3223.9635000000003
affa7bd3ea9ca153c57a886fc9e2859643c3e64fbfa76b9e1d1ad81c2c77d067,0,2193.6785
b00ef9bf08f380e954d8cbec0aecccf6ab125bc1e0f5d5477ec1768860603443,2,540.7895
b01a508bd772a41eff2061b4aae48ec7ac4c4fd9f4808f97e79e60b33c59dd89,0,3859.3985
b024d934f44ea9acf0aeeba54a7106206ac2d10ab11c2cf98da7c520ab2d1c68,0,1786.817
b02f442f45e98a9facffa7c665ea243f3ab4812d0eead2c65386afc7a3f79e64,0,1803.973
b033fcf7b345f0203760c05f142fcad7f4a8a6c8ce0478cf2969babecf609a04,0,3897.3605000000007
b03f4f60d9b84f27d1eea39e5a3504c13e29e4c6c3f1e9a99db7c7f647e9a067,0,3284.6240000000003
b047503c6a27ce49d7f5fc335a0aa1c05905cf3a7e834c73073745bfe41ee689,0,1012.364
b047d0d6fbd9a71c194747299e2dab4a5e0ca6f2996cb0f6dc4d20e9bb909cc3,0,3360.209
b05593865be67bcca463f340c8a99dea1f77a73036f1c6d84c42aae7bf1ea720,1,6802.7115
b060b8149bc5feb1e8bb73967bade8650835fc18b824a2dbdde0ea8bff10111c,2,6421.299500000001
b062ac141bb89f7f67a0ed071a0cd4d571891cd842c1af66c7804bbb426e3166,0,2840.0335000000005
b0794f944700923f390ec7c5010f626c3e9e6a4274de64fd528b1cede434a0e9,2,3956.612
b07aced7b7ce981d9016608e32646c6d1a0f915f96fb55b1fc03ae75aafaa848,0,396.41050000000007
b0857a6b9158b6a336db28c5111b3f9f498865a77356c4a6fbb2e4da0d9a2402,0,3269.2085000000006
b086eca87bc1f5970b6b1acd3ba02ed881d237c6814d463e9ac61d554f0dfb5c,2,6070.323
b090459c077c1ed7e92c6c8bfd4278ae66c91bbcc0f8c8398d939735414d69fc,0,1215.079
b0a608fbfdc51cae86f49ee8550fe4c7bd7e8b155d65cf77181b33721c770f47,0,5244.841
b0b1fdf5287f5878eb63b87c709afb8228fce7c1721479301963d2cd3fc84377,0,4527.6134999999995
b0b4ea20e488a8f9176be9a6c01483f0466ae96ff2b7abbbccb7108401fc25bd,2,351.329
b0b655df10550b78cf1be7192f4e4a881d6105b029c915d2aabfa7e8ae0d8a92,2,1931.6165
b0b8f6cec6c07b86083cb4b361fd69dd02ad4ffd74441701e9836259b9376662,0,4833.785
b0c40fce66b6e946a3fba96dd3846658d0064e475b1254de552ffef2460633ef,2,5902.747000000001
b0ce43a5202c2d412038ee76d486e559e3a7047995ef2c2c918082110808f25b,0,3206.92
b0db3d6ad559b75f50c325fa7119c9b4f67f5f841b73441bd7a15882d9cbc2a4,0,3496.0740000000005
b0e1a347149fbc225c139d9e7e44b08baf1d75f1d8a019089c252bfb6f833ecc,2,436.79499999999996
b0e3a075f8196715c2fdfcbfa906262dbb3f6ecea6f373d2a2f48a42e3ec2b84,0,5396.4425
b0e8a12a5ff76aae257b3472bcf5277d17b70905367172490590cc0a2ff4bac1,0,3844.8195
b0ee8421e40dd5dc6a1fd6be8e02189c21ac64a210d62d71a875407df2123862,1,5166.5470000000005
b0f52b6f7ccaca8fcda0254a62a5436d76ca2e51c02352eb56d0110dff05b686,2,7871.0160000000005
b0f6a4b303741d91f9ed6338e6257a5a54f207281b43bec3ce0366f091d28395,2,3320.314
b0fd689744beed4231d35f51cf7195c8d2bb37000a2662516e8701457858d28a,0,4854.105500000001
b101f74976c2e2b4dc13e917ce84b52d4c79dc9b12d8c84a8b33081e84ea9f8e,0,3066.9790000000003
b107e757090404915b6206ae96a7f316002a15e27d3aad10ad124d66f9deb53b,0,6230.5755
b110a731b5a4df716c44ecd756fd3e6fe14021fe76dacfe62f8044d68e555fef,0,22195.095999999998
b111ce1228e4e95f6fa479cf134b3c5487e4fb24a6058f9601e939ecfa4903a3,0,6790.785000000001
b113b70a16c1ce55347bca61a9dc35e26e78495591a68eaa17bba1a9d9faad99,0,1601.1705
b11aefcbc30798d7fbb822000383869f043d84f693f6ba8796de8cdc523bc304,2,5950.146
b11e863751afa8633fc1082db93cc449363aebcc845564e416bf539095792646,1,17940.4985
b11ed6a0df0ecfef9c82ca613f8523070c1910edfed88dac8558f31f80810ce2,0,924.972
b128cc870434d98dfe8e33e1beeb5b7f52833eeeda3ad8a0bd2daf2c6ab4fc5c,0,904.3310000000001
b129c4b09ca146e9cfa27d617224442f4a9fce57ec77a42298bba95b73d76785,2,7079.446000000001
b1312e330c7ec4700581d2a3ab99e0b3dd14de938b0cf914c55f3f03dacb25e9,0,3852.2190000000005
b13245118b62d468a927302eaacad7951607e34f2777f9c2f7bb264a8703e49f,0,1529.2345
b133758c092f72e3a1a08d2fb8dddbab72d52b67fbf5a036825de3dff87fb387,2,3366.8065000000006
b136b266b321587bd152cb6611d883d24855fd348c891787fd27c4ae6215e2bc,2,5515.7145
b13db44263ac97b5e2b0b9c87f9024d2f96364c3f8a07a947ece3fca84b77578,2,4701.879416666667
b1420357dafdaba584129cd274bcfff207647319d9a8b2b5299b7bd6f16514ec,0,2104.5074999999997
b1476ead0a4c699e9e0354152eec4324afa85aa254d0dbc7c37ae6f2fcb96e0c,0,2504.4935
b14ba6080f7dc119420773515d2e5593ec6339d2485076188567b0c4da2626f8,0,660.0745
b14c94d1431a8ffd2d53320ddb05a482b5556697825526937fd431e7d5959cf4,0,2941.4985
b150f31d9295abac2bcbb2498273b0c54f283171c1cbd03807521b13cce2b858,2,4485.148499999999
b165284b7e4f78dba4b08bfa2e9c3968d49adb8acd22297fae0f443399917df1,0,6488.030000000001
b165df355e78711368a76cbcb479dcf4e8b4950984788b9d21a076346ab4c53e,0,1897.6420000000003
b16b1b7870485aff46b074653ab8b65070186a92b1a4dc47c0b9db81da6a8823,0,4872.620500000001
b17341ab4ab3b6570a0e8813c3b7089e25d377d5894d6f4564221a2f5535329f,0,4839.9345
b186f57ce5444ece38294610f61f39a1143e0c4051ffd39ed8f7c4917883547f,0,4731.87
b19a2393a2947e8c3e411153f5960f966bc5dd3c0bb878d626e195c2464f730a,0,2764.043
b1a85b1f4c943d64d9a5ee14e6de735a14a42cc746db00656ea360e93df0f565,0,3015.542
b1b92781a046a1042d933e4a5b4a561c9610ca6aa26ac64cc5b2a6d82d51ae7e,2,7778.052000000001
b1bf088aaebe267e2c731323f899af72624b042e9b05ff7fb19275b56b548e59,0,4702.0465
b1c38392af180babcfeaa214ad4f62e7633df5dbff6ae30f3b688e0a92d6e6c9,0,2861.7185
b1ceb715a2bfa99fd9e90041c4ab7d826c2936006bbaa956348870a438c6b09a,0,3357.3455
b1cf95f1541dceac5b66bc2b3354c44c7826b3865c507ca37405b2103079386b,0,15657.8815
b1cfc250d98304f5a3fa8dd5f9007b1a44d05afcbbada179fcef808e3b38fa99,0,977.968
b1d84bf88b74f0f520ebf2378d0f7381dbaa19c83020b3e60bfa37dcbf3f2f4a,0,5639.7025
b1d8c962fb7f328e4e00066703c3b13a4717d5dd49979d1711b7c7ebfc6c5983,1,8305.115000000002
b1d932f9d44ad166767f05b75e926701be9009118a1cf325ab83b1e5f5edb6c9,2,6190.2725
b1e0f1f696e3f0b99b5a2937423fcb24f779289cab9b9798ddb4aaff065f00ec,1,1697.617
b1e19efbe224975d8846c2b8f5396976011f260f804d1669ed39217e2916934b,0,1707.9075
b1e2d7acde5ed84b527f5a2a43b1401d4c64e18e77974f02e6e3ed1221f8d3e5,0,2578.4275
b1e9be8499d5077ea1adf88c9c4c7bd47c4327f78266552ce3656a0e87d456fa,0,2410.3635
b1f7215cac0fc0684ceb1b6caa6be9d6340303e561feac6b94646dd5f7c1b105,0,1968.7445
b1fc0b42821fbb096e0168e85adc259956a73ecf9a1a2d25579c980bbf37bc8d,0,3598.987
b1fd37fbe6638836d0e3401f0c5a4d0cdf90b02c948f4c583c2e665ce9253d62,0,5961.138000000001
b202983a627dfae923f5560cf427c5be8cf20c1098114dde24aceb00ab7cfd09,2,6639.8395
b21cf83f06efcbdf524158bd978f1d970a54474e500cc280f972cd9d0f7f1689,0,4592.755
b21dd43e38cb3a25bcda994b08abe5510a1f008cec18c42b8f26d2d726bb2aae,0,4258.1595
b2290ac6dd7b56a1e42a2047be0a77f1a386cd4fb08b60263ac6156f32287950,0,5886.218000000001
b22c060fffe4794543a42edc3c6343d17af19724b0c606e9531b9b04f8dd2fbb,2,6881.7685
b22dcd79afd20d8eee27b11fe11dc2cf51e495677577d5b204b1ace61853f102,2,0.278
b22e49e4d1c29ee2051c639dee040804a62c77c7597a274a9412e0948c206db6,0,7290.974
b22f96c9f6594ba0db465dcb523da9322d40c1e8ced2f77741e970f9d76f272f,2,1454.3745000000001
b232cc0a4b575c946601fd6fe36ae98dd2ba2faeb8a1f5d0c766b10fb175c3ff,0,457.12100000000004
b23ef97d2de0ace6a738824715ef22b721297bbe64cd2281741d360a57550ec8,2,4037.3725
b252faeb8c5f258c7854da968003068d6e1a224c458caa36b82f9e27f9f45156,2,7209.228500000001
b2543ff0828cc4dc64bdfdfd9625fe96839fa8d364e217a6878363f8f2b8ba1f,0,7233.5555
b25a880e189e4296ad9c6fd13e308de48f0241679888bbde529b80507abba0c7,0,7022.3935
b26e6292321086835d3f85906602b96fdea5031996800fada278d6c0e780e243,2,5873.9220000000005
b27a52a0c6078e49012a38bfa55d2ca51ceedf2822095eca7a2e7b9d62f7f9a1,2,8927.751
b27ccd951e33b05b5953c511ce7b11a656d6c067222851eb4303af636ab87937,2,2170.176
b28722f39a1ae8f83e6523be0629c2a217d10abdebf9123ed57b148c21ff06f3,2,3811.3460000000005
b28a7186964df1d8cbd2326040ee83f37c793375e5e889c7c52656878c7dd493,2,1195.089
b28bd5c7a485bcc9b97b21be7c514b963363c0b57c49129e2a706144462943ef,0,1597.5120000000002
b2909aac73d641d9aed1b01cfb911dee9486ed94d796ee79b5ec845955fe9f0c,0,3981.0485
b291adf5a816525f60dc7d286e3a17282da828dcac5f92d3e2179dd3dda27e7c,1,24141.1025
b292d4060e881ef7fabf0888073b42a9936774565845fb11b687b25077040c70,2,1360.165
b29d9b88cf6f6c651426885067e5ab7e0a6d037e010dea9475ff6ec85be47406,2,4448.1935
b2a55fe4dea1bc92fa76d3414f3aa6eeb78df78621f7cfeb0524838dd300b8eb,2,6019.692
b2aa27655a4f349290b2ed5d68781a3a7d67305332f76502c9667c9280a654b8,1,3484.192
b2b612462c7331b7ac6a67ceaabe5c67b5c2e976e9fb5f0bfe4c94bdddad5094,0,1337.3675
b2b8961f163e48dbd85e1087becc03eb3d585a6a6f2299b0d508e45946623ccc,0,6953.089
b2b9fed95975b7368124053d76ef7c2be92a0c92bee3bf7dc1975269d014db10,0,973.7429999999999
b2beee6d67e7d529dda85f01ee16e16f6e15caff88b79034ef4c31fb8d6cf74e,1,2160.1850000000004
b2c09fd6e0f268bd92e8a60a99d7bacf53bc3d63fa970b93b18b26e1efdcbfdf,1,12236.4585
b2c3cc53cb62eb576b0e3c251c1f988560d91e496e549b7af962677d7a0e82bc,2,1732.597
b2e65c479d41f865f08b8b84ec01544fae8fcc565b812b7da6dca6c2d020ff9d,2,6980.400500000001
b2e97b56bb0ba239ee3baaeb669f22348dcd90ed95f4de1344e59687363f1fc6,0,3627.379
b2eb5a42ab1fc01bf5eec182f3ede4f15d6efb42a0f89c7d52bfc8392b99b7e8,1,6368.622
b2ffd75c7426d7d6a022ac4ef777e736883f2c7c22ab6d927bb262cab535a1af,0,4635.0135
b30db7f058e2239425eac298bc20bff6f4979d0219686c759699fd8bbff5db9d,2,4166.9325
b3115f460196c150b206b095e6c7c6bd8d7eb6926f25499ce677de8445a0084f,1,6402.411
b319bd499d03059093342a7cd94e38888aa952196870267863a95ebf62607aa5,1,5426.4115
b3212c3dacc560637f80276c3ff409a0caeba4ae3660d2fa68a30e68c727793a,0,2995.8305
b32b345bbf0aa177269bf7fd50489eedb00f1f71d7cf5df1e5c1b13a189d3d96,0,2369.7425000000003
b32c1a114fa57153d1e84151d082f6da859d5cc0c4f6238ac8e9c0b1c3c2e83d,0,5471.8355
b335b4d0f26e774b50a01ded5513d279b9ec8dc204b8b8905189c7b97cfa8741,0,1860.067
b339f271f5b3ac2710fc0497d084a12ba376f360ea63b99666f886dfc642cce3,0,4235.0205000000005
b33c2963c36b999526e64ce2f805d15c48947f22ae8691bebaf1f56b633ddac8,0,2100.102
b341e9bda36ba2c9ac47ee784e092f2a3eefa9dd9300d036e35f0f59d3109c4d,1,12014.838
b34495eacee884a7e47c5fb0763b68784b8279a84d7ecb76024f33604a6429cf,1,1989.0895
b35039fba61338e448d555dc340d2fd45e97a0df875a02eb046a6cd91d1b80c8,0,2536.633
b36b57e433a4db1f01c0883351d76fbccd7cca12f01429c17b46098d853f80d0,0,5423.021
b36de1c0cb90ecaefde894ce8b9e6862fb9318c89539e7b3d033c42233d173e9,2,10356.3785
b36fe8d3ae1d6484f64dfcd2e23f231803458829eee7bed11d4cf9d9928577a5,0,2869.6365
b373bedb6e1b556ded22842da87a1e2c41757a0c4a960ff1f7de7a2b46d63d95,0,6293.171
b3759e0761647685b9cab66c46b6d4bc402b807e0bca762bed10a0ede5bf4ae1,0,1897.875
b37d7da41bfcee23bddfc2532f06b130fda786fd1b545f39a9189100875620cc,0,1343.4595
b37dc626c71e4de2a5b8c6ea4b426a95e15c5faf059cc2839055641e1ebfd6f3,0,10297.426
b387a3fd01750a4f5e9de7541e22aa7a522fb5356d576f73cf94702c180e56cb,2,7117.296
b3913e0ab5471276a2f30e66032e304ccdf14eef2200eec0c5ff881a7856938c,0,5203.327
b39852069a59864acc015257511f5e509bcb90931c22c05c60654dc14b339df8,0,1487.4130000000002
b39b86f63d278c6e90dbdb441e27684649a1c7119b136254c1c7218631191433,0,6068.432999999999
b39d425d8e170fa42fd8568044a9413c32fc9f7e15de1c1378505cd042b83f1b,2,2878.7885
b39dbb99d81f21263f645a5ccc4a9e0f3eb1e529251fbf053790931f46dc17d9,0,2912.6764999999996
b39e474405e510d9cfd3c0d0941d2c94b9791346dcdb2c7196d8ba8125c44702,0,3050.705
b3aa7b2313bba5e9436ed49f05f53f2a14df9972dde0ca056a5b40d3815bc3b0,1,4180.4214999999995
b3b2c30fddadc716e0fdd34ecfc86357138cc9ee224738a4e2de7367c2a58578,2,3223.669
b3b3fcecb0fdb789806689a123ec1e8783aa1e4210043c6672f9cb71278ebb2c,0,1853.518
b3b572bb9b054b428fb638cb59a6df48dcc23d4fde9111a59db6704bd3897311,0,3691.636
b3c49953e3c2a09a4590a3597367c3ab7f4128d0a869faf7c7a36ed97ad03e24,0,3607.7740000000003
b3c5995933d35ba21980ef17f0e2ff42de92afe616d6c330ed21cff30671c0a9,2,1845.9675000000002
b3c6baf787ca278701b187d349d4d27ec0b6e31bb8a503afba9c5488b5aa9e60,0,2782.6330000000003
b3d17bb514a6da37f79338efe5775f58095ec5cc127e3a386b37ec66ef660e7b,0,2776.3010000000004
b3de1eb59095c958ef4383a8b85d08a4422447712c92f651e2f6c37a2068afb1,0,1866.296
b3e949fc39955bcc8eeab691b0b9ca3f832b48c142f2c3c450e6175b5a2613e7,0,2358.8865
b3ef7ab6864eb9ea6972d9171c45b52a32d57856ad5d8c60a5a9bc6a1a43781a,2,23503.2585
b3f99d61b2e879cd214bda6f896b4c1872163e4d0329d319041c959ca2720b14,0,5615.81
b411272f9a82a064d63c3cef5ec77033853acff5cbbafc1e3767a51c8a6f1da3,2,6685.516
b4248a92151bc55112928519d71d3d5ba9f25120d49d2c73c40f4f07948206d4,0,740.2485
b42f7eafafd9e2f261caf8a1abec252661f8b114a127c3e60aad2c68fa55ecea,0,1581.893
b42fd2f28d2369a35d8be7dfb7777e0c349e516a9e85201862713bc92c436515,1,12603.0985
b4338833da82672e36faa90cc3459bcc033527f3ea9c78537b1381e342a21299,1,33144.88
b43b5065c6c3c43cf3e5b4b881178e1b4f6337c0a5653321a7c66b9a4971c63a,2,2256.313
b43d5c34d5923f62ca62a4c3a0d73fae3f0e31fae4553443afe7742bc7696425,0,1635.8345
b444e733435bfc9ecdcd0d5dd73f495ece5cafc7da3bdc5d66ebde0ff1c9f571,2,5490.7345000000005
b45236eacac87645ee6035b3fc0034d0dd1a98da2d723db6b3d9e2ee3a0cc2e6,2,1738.47
b45be1c1de5ce479ff5ffd70f01b1ef2a94a47f8aeb76097cb3a443235a471a5,2,2149.8215
b45c1deb908e30889d1b0e5252a365e9407169d9f9e3eb8ae8811de9a9116c32,0,6022.286
b45c8d7b944c7c8af09586a3c48cd722352882a9754788375b3c52410e0f567a,0,5032.883
b45f48842143b58e6efa6018a32efb4a3b9547b31e3d1d25d4f2bd2927ff2414,0,2332.4890000000005
b4673216dc26323d8c94e853d49a5c27878a85cc659744d5287d059a18510a93,0,1216.9665
b469cd245957a4712cd98cef9688e78e2640f4fabd37f5ebc66a5603f3292858,0,4899.8060000000005
b46ac509eb3e2e02ea2ae4f7293092f62f8378cb0a6e6b768c01385d6dcc6d32,0,437.6065
b4703c0596cb5d3a2b0c55a28fe159d44a8f601eca481d898d55dce4a8eed001,2,3559.942
b479c12e9e0446ccc2f40c24eba0bf7be72a4b07882e939815ef9bf93dff53cc,0,6126.661
b481648b43dd84f5fd59807bce14b5eaaf16d18950cafabcd64e2ca121eedaec,2,4427.744
b4819e4948c7a7be0777f695029a18fa9cf548bac2092dfd90c1245fa6c7f8b3,0,2882.7574999999997
b482d0b0b61fd7fea9b8a8237ef8ec02797e2f87507db55d2d38556ec67194ee,0,10840.315
b4915b5cc89fb7b2def03fb31b6e6b1ad4c0abe023a7c393b4e7a092473b084d,0,1657.031
b49d00ff4099e3b220616a0a93b517b9b8ed5d09548c9b2f0c3a3ca01cd196db,2,2433.6135
b4a25c07af0bc73383a7ce704fb5c9801a66ceccb42e8618f4fcfdaf50d78551,2,3430.7844999999998
b4a26ba41917a8a19b4a3d044ef9f5ebd39d209a7556a37ba10a043105cd9c32,0,1493.9630000000002
b4a7267c194450084414fa1db200a381eca473878194bc3e0d3a6b559cd11446,2,4378.949
b4ac85bf0af7b47fafb8b1ca90655932a8749be5ac12409cecc25664334b5e68,1,8162.928
b4b2315191069193248fd08b2239dd9ae55b033c5bb5ab6e13582da0e59251bf,2,2528.594
b4b7a4d8ffe4cc533a09dd2cb02337ec61b7cd0af063c441f3ab4e75ab87168c,0,3292.458
b4c455cb38b4453bb0bb696c1361b8e9dacbcd8996c94c026ce7b70198f6ef4a,1,2492.423
b4c65b63353cf41269189b767068d99195bed9f2dce548aa72a0da428414385d,0,3931.6474999999996
b4c683844e177fc6abf1e7afbf5050a7ad7c9c73d457a1bba3a524bda7648701,0,1699.7984999999999
b4ce16d6fb68b1a439f18bea6d9e9dde669caa1926a3e57d475b7c8f77b63c47,0,2487.3995
b4ce2867366e6bf6ce07ed877a8294e05dd40b868135387ca649fc02daa96d74,0,3233.98
b4d46f7c09144c37f7be8de48475f1393af900f35cd94c5fcee5bbcdf3b79153,0,2619.1555
b4d6601c787bf9642a95081a898ae92916c92540891d1951702c52b4a7a654ca,0,2133.1535
b4da8074bcea883555006c88c8bec8800e92b5d3c8e815ce998b5d72045257a4,2,5090.256
b4e5d4311c4e5a2fb731e370ccb8daf93d95fc1834f7f08e7fc0755092ffe090,0,3119.2315
b4ea0b61c2715b04406620d19ec2dbb0a59ffe0e02541b36ec380e74a6e6f0c9,0,4065.073
b4f9ded8bd478b70e075c363fdfeb49af4712d8fa46cedd98941b4cca1886ada,2,6065.624
b501dc115802cb5360ca1ff5e3ad2c7185a84111f719d793e4aa72462c260d01,2,2711.3810000000003
b5058ce7a27b6b67aedb2ff9d65fb940930a2e934a6b945194edbd7feef1f8f9,0,2312.1155
b50a9016806de19dc5d06c70d180687bd393b18e23f782416576fbd7cd42fa75,2,903.164
b50aa352542e636f554c1a3004080fec1f48da2d577448e3e3b8b12c851767e4,2,4601.483
b50b8185fd0721763b24ab91173a3b519ad850fce9ccb17b2b10552ce58f0612,0,4217.212
b51bf2e6f8395517337132e8771aefe33d4be40d2890a9ead1834bb1002ddf84,2,2489.918
b5221a51b4c4108ceea96a3bf2711d2675bceeb4d2dd13bd601e5de372b7433f,0,1705.4184999999998
b52864ab38db6e25b3adb455110c6150d258040f2d1792fa93bbd7fbc321693d,0,5811.5625
b52905e3715db2c57921cfb4573cd473575601aa7719d3d2a427e37329b4327c,2,6843.2255000000005
b52b34b311ca198f27e61dee446e99e16433b24414f1cacf26699e1ec449333f,2,3356.299
b52e5b0b21b3c90ef7ae438602cf721354575e00320357367d0a082d3ffa5862,2,3606.0465000000004
b53037f1d4a090f20ea13ebbfe10436aff5b6456873be4bc58acef8ef1fdcab5,0,57.906
b53a109a40d89abffa73632ec41a194957204037b5a85b1a787c768e7821e8ea,2,8079.762000000001
b53ca135fde4771cc48eabd2778c2ccde2edfda45cd083ba29fde21d8ac6cde4,0,5267.206
b541a8eee552e8aa89e77ec376e43017f4d2f3fdbe9d1ddbcecc5f3f3363b482,0,1737.9405
b549a7d1a81ad7924db8c89cb19cf035e602d9dbf5df61b9d79016ebeaa822cf,0,3408.833
b54a7064e69168de93d022d01a1dc56e999c02e4cca0551a42b643bf32fae9b2,2,5831.7845
b550aaa7c2364c646cb85f8b094004c6dcfd365d526a1dc0b937d7410e8c593d,2,987.551
b553dea33848a69470880cb32eed1736bac1f12ed1783b36eb850de16cc8efe9,2,1731.7445
b56643aec9b2054febe41b8e5b4eb42ae897b7eda33debb41960ec42ab48092c,0,8763.691499999999
b5713e1ba6b270f6a6e86a7c692a64818d11303ddd91e28e44711512baafcd81,2,623.8765000000001
b574b8ec95f4204510623672b6762e65d6e0b6d24e23733cf6fc0a2da111640c,2,2245.1925
b57b1387fa05c8fe89fbe9b88ee11ca6f698d7045100451e7c5ca2906da9e781,2,2.7560000000000002
b57df17c392a0938d6c9afa624a242de88643f72ed4e0642fd90399dc77dfe9d,0,4062.9060000000004
b582009fa3cf51c21516d486f0f1d91ccd39fc8ec980a18d3ed1d4d907724fb0,0,5637.4735
b5840172aebb55960ba3b0c7af854e06bf57654079b69b7c7266f620e980f59c,2,534.8845
b5847229b5496d38ebbb1bcffd532cbb241300e07ad26686989c105312caa353,0,3836.1749999999997
b58c3dc41911b7a7568f6b63aa373e6868817a7fed2910d767d987f316806dab,2,11120.539499999999
b58cd2d8356e769ccedbbd29ef08a706e1275dc0bb58024c6261f2f3986a24cb,0,8499.353500000001
b58f8027d05396a9f6b2f46eee6385ab1436c3538ca9846b9956772e83787559,0,5371.8544999999995
b5936861d3649eafc3b623b1a860488d202c2621f4de33889575b75d94e3ccab,0,4584.2564999999995
b5975126a63d3389bec0311c6671f2a113ac9308f75611081afb6656b6b7d2a8,2,3296.0395
b59ca05edb40b2550693126ec79a05ddc7299e254e71436db0ce020092bbe91e,2,3848.1849999999995
b5a2fcf6aa34bb09453e6b604f4e8035a5f2771fb84ba37f07e75905860e654a,0,3818.5785
b5b053a201e3b6b39a4710e89b61ddd334ab04423e9ce48578249016b748572c,2,851.8065
b5b3a4dbb284ff0eba5c7d18da413f11258302b4e0ddfe5dbb691b2f68a62b39,0,1900.7069999999999
b5bce40eef908209e59b6368a1e5810a4f0effd5a3540acaac0147adb936c9ba,2,2699.606
b5c8085b5b9f3a25a8ee4ef445f261740f59ba38add8a53c984e880cd667c12c,2,4001.883
b5dc83aa7f6db0ccf6f88ea25b8ca3530d850ec27ca8f0dcac0ca36b62437d7f,2,4860.039
b5e0b9c536492194972a46459d6aeaaf7130461075ffa455eaa5fad95bd5714c,0,1233.136
b5e386f582190c301c1dc7f44939c802360b6aae01a5889290151c5ffcbea8b9,0,1321.0994999999998
b5e60dc8f7168f8d7adf037bffa40ff1d73efcc2746a36b3e699698a563e1c40,0,6877.749
b5e678893ef45f429f3da5925388dccc5f1dae28ff03e2cbf50579c5ccb05053,0,4033.5135
b5eddb77fde99f2c50c01432261d00f522fb6fa7493fbb81a6aca6e804c3e56a,2,5596.8475
b5fba12d1301ff79b9cfafcd977f0e0a121a351f59ec09c04017c68cb0b4abe0,1,9721.371
b5fe01accfce31d1ba5aed98c4350903ddb57fcceb55e125c51fe5e3a134d7aa,0,3635.2415
b60418d36a6ef843faf53fcaef1a2ee4d26242662ef39ef868143a8e6eed2a10,0,5370.8835
b605bff6edf25f68765f1d8359c4ef4f929059f7206bd0cace00a3c05057432e,2,3225.7435000000005
b60bf7d7bce7a1ed5b15a936a82434f03d55b801f43ccd99647d6ef19d63ec70,0,6555.818500000001
b60d03d8cd3ea1e0f3c75b9495680abac56f406c763684f2d15c71769ac3a4ef,2,3522.517
b612b13a9c4993bc18d1856824e4a0706e8ede038cc5cd6785a613e0939e6b80,2,4442.023
b61847373bfc7981d847048f34d649c3ae6336131ac95850c2db41d1fef78155,2,2147.224
b630ea90a4029b977cea035f3c41c5e1d410509a24c235ae7117a4a2d50e52b8,2,2947.9269999999997
b634ce647237ec8b1e6395a1412cd35a7ba2eeac904ce843aabca8acba66bfb4,2,6555.6665
b63af14d3e655c5a37bb578138c1287d9b4a37ac02b97bfe3af94698244cda5d,0,1783.627
b6472523209c89b0b50983da2dc3d624bdca23a384c36f75c5d7e8c2ddb83b9d,2,719.899
b64b57d2b68f7fbd7c14d224ea6449658369b6a55fb666a393bbb37ae107abc9,0,7147.285
b656c12645959fa38f8f71e5a7338ebbb74670274321864d08adaeb7c8ee6a27,0,4882.611000000001
b65d0f8c01d28f594f0603872c1640e709f6a4dc1af0dab6cd54bfaebb9ce457,2,5523.5
b6617701c057ab7c4d48a5a2123bfe9b51b1e02088a4a5499a91f1d0746aea13,2,6528.027
b6689a8783a02d15e7c9a10c44595d1ed25ad9cdb33365a927f693d9a9b1c74a,2,6544.577
b67469566a817020eaadb0ab4f25c59cde82a7a3e3e8d4d2e7224dc025c3b2a8,0,1655.5375000000001
b676107dcd9113c47cf3548f2122203ab628873992178e03208e3b07c6d8fe09,1,9915.0445
b68338c3cb0cae2b3dfd2a5b2aa6cd4f491aedb112540312bfcc7c714473bf89,0,4542.729
b68983a936debe0a6f7d9e1d9bf2aadce9fd9149d93317ee931ca740060d83c9,2,16515.942000000003
b68e4101412bd3a2fa42cf8a5dacc252a2acceda5af75a1cf24a24ad66c1b925,2,3766.694
b696159be32c279956916893b9050421e937c9af332847cbcddef0031daf1470,0,2619.138
b696e30de5cc7372fba79efa4e43102595ace804db0dfe1f5a1639b72e069e65,0,4627.6665
b69a00941af543372eaaa6d0703d3132394cf4378cdaac0d1fe13c954dcf2e32,0,1579.4250000000002
b69d97606f29e7eaeb2f9bca5b82abc82726d625e0687b77fb7037bdbfad7e7a,2,3156.585
b69f0905e27814271e1678d6fba59a269398bfecdabaa604bb524ffb75771a1c,2,4316.3915
b6a55c766d1f50dd5dc05d54fd4e7abc7e7cc1775ecaefa24479c86c1b58a4f1,0,2156.3795
b6a7245346ead7faf4b510da7ae3e1ccd08ad7f99fc8d17585a3846b55e8720b,2,4290.8544999999995
b6aa20d3089ca905ecb4a063418913960721cc54aa89dbb1eea01011186060cd,2,4615.292
b6aa354d4f9eb724e44cdcf241952cf07b2ce0f293b07a72f322189dcdf24543,2,738.0785000000002
b6afa71e3c58861c741c41f1c78cbaa2ca4ae484a4c2feaf5224c1866601df26,0,4513.494500000001
b6b0765af08dc720cfb44774d6ebe798f1d716d03ec7b2c03c5feb9a06d4f7e6,0,5105.2585
b6b271f3daaa367f91d979456474d3086dfb78418795013319475bb88038757d,0,1349.7709166666668
b6b521f3ed0700c877fa70c9d9663f8b6ab44d15a54871ff9cc9481bb2a70513,2,19664.581
b6b94e89b33f7c42266d72025f18fc39c3f8506ffb05286578c986e25eef736e,0,4958.9965
b6c24c2af949169b7394c8594869b6f34cc460092ee4ead3576b055b31c62651,2,11618.7925
b6cab567a4c041b7d95b9716d132360feb17727af16bc9a57fd11b431d3cf150,2,57.809
b6cef9d8f34bd6c23c336333c5faa1ee192ab4f849edba6eec5fc1f6cd0b54a6,0,3468.1834999999996
b6e361e6d0b3e907343aded5cd2aa5b2396f61addb2c0ea79fd7af1b985fbb50,2,3897.6285000000003
b6e3cbcceb2765717363aea5c74e51d61155bd1d2e8b43505b4b9431eb91115b,0,4624.4815
b6e73aee373b1209d08f775a9348dd2fd037a61a50b208d0cbbb20a7e1f863bd,0,1656.8339999999998
b6e74743e1dd80cf2ef9c9782581143b9cbbebf6e490aace62b862bce6cd1a28,1,13228.995
b6eb7992deb5aa806d27de68113afc4a4949dbf15779ba284adc01655abd9e91,0,3681.043
b6ee2e9b2d7baf98b8d52b5f89fed8071ce6d4e6a96292655ebef4e844b7120a,0,1283.2435
b6f399b80871ab3938f80b420a03fd17cc1b0cffbb4b1fbba48e9faa93a5513e,2,2807.8945000000003
b6f56c84c5a7d3737959918890cdeeba11590263c779f9b4aeb48171a7cb2105,1,1658.9365000000003
b6f5754e39c54845af2992a20ffbaab38670284c52fea434aa782aa350297ddb,2,1675.3295
b6f880c6ea944b120334bd92e73ad9c695cd14716b9a2cf81e23b061f6911371,2,4361.783
b706da155b3aedc45f2427dc2f6961d8215152346c7bf2c779b03a2471337a61,2,4726.516
b7084c51071ae19809000107b4aaf949b79b629ffbd29ef5cd0a5dc863e40b7a,0,541.1505
b713538f5b6a77a2e5404c11d7e19de31429beb85c0288924a78a09815c473cb,0,4230.156
b71a0765386f11b86a70ccd13ad1b00d7b9454cd3c2fc99b4c877f053c5c6d68,2,12104.213
b71d30d248eb4fa716e57c7a5fc48c37ba5e7ee77149c48aadc7f2f9b084f54c,1,1086.148
b71f6ff890fc1c2b9b792148c78f9c79bc314c7b72f8d7c02dc64f86f0d06095,0,1130.595
b72365e106b1c0f2ccb9b2aa4c7959648e219a0180b5a28af3816aeed19002fa,2,4284.054
b728174331085fe30368ae31b45cf437de5bb36d110191f3130d4c0810ddb3ca,0,1804.4275
b7297a5c467fc2c45882ee899369e4a8f922d90d115e480858734f6d0d64a7ec,0,11.913000000000002
b729decb35879741171c5f10e6e4642183c1a8499e86487559a34afe59d33b8a,2,4223.5305
b72a1af5a2b9c8bc6a0d5092f5bfc8282a5e907b4f87d3aedae44c336f24a867,0,7020.264000000001
b72cbd6df5bba148cacfe4eb7c091fc76c8f8b35abdbe68b26b2726d9aaa45fc,0,4633.6485
b72fa3344d9150b3c8c1572aec52ccdc195318fe71a513a0bc6737da88a986d3,0,2727.4710000000005
b732a412da885157764222abc2bb0a0ef336a6984a5d0b1f2798d05c86763ce0,2,2071.219
b7375430921d75085649c83ed2133d93bf4a1f6f4754aa4f98921d886b785395,0,2199.844
b7379e00be7ca4a60aca10f1e7138a35c93ced8d5bc7afc73007b241e1a3814a,0,3605.49
b737d82cc0a138e0fc9185f7e931f38f08582379d1950674c44970aba7d43ede,0,2479.285
b73b597d9ca949d694b2134964c406bd63ce7552c2131c177eb14d579c2f183c,0,7053.1595
b73cccd805e8424ae82e0d1a758032f5e0b2ac4fad97bfc50efcbef9411e3eb5,0,2432.4725
b73f17b537cf0175a1057719dd9019089648e1348f569a5a1f872cc12d577b30,2,2290.2065
b743f41e928b5bd21aab7683543825d98ae6edb9a60aa27d40acd6c5622f73d2,2,3547.3759999999993
b74887cf886fe13ab8f3aa730164a8cfd90c4e76970e4d7c4cd523a066fd44c6,0,5497.525
b750d2fd081e74598a323c9dcf49121a557c41b20df15d424cbfbf6ff9ae1547,2,4251.0735
b75a92f2dd898938ca535570c27066dac6916bef1cbd645c72e7ecc879d69301,2,3943.5695
b75aa8e07981cba6431ee04f09c94cced49dfe01094bb61d37e476e23973d613,1,8556.35
b76596e3a55b1c31b0557a5169fd52a8573a46533cea52bcf13d7ba483f5c438,0,5282.212
b77c2aeea42c25f68f5af2402fa73501021e5334c6d8964c71d663c5440a8e4b,2,649.8254999999999
b77ebe520cdaafb1e08de0f65836d3fa3910f18f3c577e54c325d99aa5f6cc49,0,6002.2390000000005
b77f97b6188f4f282f146065b79f8a8b4024fb8062ebd6f5920ba1a03d66e990,2,1845.7945
b78f94f129ff0335d017dc77572c0d5bd02230cf98f784c5be0d9c7dbdf67d00,2,7830.8055
b79119fdf922b9665480b7853bc8a028308c7d179742761d4d957cd0abbbd564,2,2149.78
b792420867d8bc96877b34886ca9510238bf47f4e70133eaf544610078afe28a,0,5099.03
b7968f01966874201f9330526319365cf4c05ddddd31690dc225558bbbe96af0,0,4446.9155
b79c68f2c68fd5f4c57550ff738b42feb41dbf308fc16384f7731cfcf006dd9e,0,332.0895
b7b2372395b935ff992f512b6c03bee893ece55d9753b7110f28a369a4afd3ab,2,14262.1015
b7b60a8bea836884e4d22ecddc223e2c0b091590537b95c00f0296dee6e862b1,0,3504.566
b7ca7b6b741a770dd8dc190280e1414ff0ce0ba75f50a3213dbeb38584bbc33c,0,5705.642
b7da21acb37709b57d61edad05a6b3d7369733c49ec0b64bf171bf2731802f9a,1,449.27200000000005
b7dfa704b7794ffdcdcee40e55ca7954f8d0f5e8e8b918242c9f1386b96d7b2a,2,5575.091
b7f2486fef7d2a4622a73ca96354695ca3eaafd065ffae7381a412b8398a551a,0,3572.401
b7f6798f906c37454c406280e71eae40495c6b9e431f0ec5bf968a971538bed5,0,6960.2519999999995
b802d983463edeacaf8a01179d1061c00ef8e4165f8fae8dff0cd0cb3989c013,1,7089.07
b8084dd486301531367a7d0e993d6fe566af24ab0a9c9715af738844cb33b6d3,0,3608.7245000000003
b80b5b36671d82115b1e8315431bf4be201625723ddd57cc10300f4439a3d11d,2,2016.9405000000002
b80b71e5166f73196633e48764d097df06011c86e8e4c597c7a54b51e689bcea,2,3258.846
b80fcde7c8962d4c78c96f1dc388bddfc7b399f1d3c623c1cc1d917882855f05,1,10744.7075
b811695c42b4a2b62680c75ee24054fa74d1145f2aaa44cadd1f8ddc8b0be1da,0,4248.8815
b818b8060dbb3bf1fbf9dd58971517b83b1d12eb24f2be674b57834b861b93e5,2,4051.728
b821574f90aaf5a9900744164eb6c7557d50d74d370b8bbb6762d4ca32f24224,0,3074.1549999999997
b828cc8970995b2edafdd952b3351ca9281ad053fd392487e7fcdc032a87deb9,2,2420.9755
b82b70b50f14e301e911004efd542d1edfc30e6bc345aa2652561222998aa4f2,2,8.8945
b82ca02026f7ea0238c0da81aabc2a7a42859d77ac3a2c2a703f986c30a6cc62,2,14230.029000000002
b82f85aaa8fdf1f82d20df6394352230ff67e89a895b297289bc5aa9fffc986f,1,577.7030000000001
b833e789d5d9f1346f995562b5772c6e92028eee78336b251daa8db5e931c521,2,5029.1215
b834473c282b5de0a2db27de5de8cc93c449d38ab0dc1cb200f1030ccc1baaf5,0,1066.3015
b837d0643c4d6f59041412f932646a6c36ad55b2dae709fd9059a5ead3e00d9f,0,8795.6005
b839267d586079ebac354cef8fc57982dfd7deb48cf4466f0ac04851b48699d5,0,3060.6515
b846c384d1ef7d0fda33bd8c09b4c6a064cf9934d599218cf368af5ac4b55d8d,2,362.6755000000001
b856bb20149a8073c3460c361137fd5c5d45845656dff01e29d58b99d26db359,2,5067.6775
b85a258d8b34f66a7149c003b567bc341dff3bddc9afc602c0665674a6041673,2,6912.718000000001
b85a82753eab8881207a965b8a50a83222f5ba008d1902b333f744f4c0009f70,1,14245.83
b86dfef50b3eed375f190e885777ca5243d86d43a99b173bb385165d94ecb3b5,0,5759.774
b86e5e5a9719e35ce858835eb44bfb05e1e0f7c4f067afc51755dfc851b22071,2,2662.494
b87ef3b4f492eb52690e984f24631f5df8400a83749dc819fba1cf818d36b494,0,2420.8230000000003
b87efc30aad975be3a441f9be425605f3af84883d85378b3bbe3afb57c535622,0,7710.107
b896709323b7ac9b55308ddafa52851d1f810963a53e6e7b90ff2f99ec5357fb,0,3244.83225
b8a6dae2af5db4e075b07987d4a5bc35db19b7e028e11c9252659d65bfb41b41,0,3500.2709999999997
b8a76d0c548bba0515a8de784e1b80b275c1aa28191d9e6ba4c551eb88df7e83,2,3615.7740000000003
b8aaef62cc2e786c99664d404ee2f80111c6aa2969466d3e9df64e54db094344,2,2999.25
b8ad501da7c9f39c186a3197dd59230da484fcbf1e73315e79bbcd69d658dee5,0,1008.0515
b8b5cc8aae67a87b3bcd9c2392889eba82a0bcb5d0d77288b458bb91a28f72f4,1,2086.261
b8c0453ccd24e82ed7b08a055566efb6c94134b86e9e32df5fec321459e56c2d,0,5323.6404999999995
b8c68ce1f3c504e135607f66f4956762a735563ed78dac1819b61f1cecadcdc9,0,4487.8555
b8cde4f48b151c6bc24fe763596ced88f6cff2c6695b72dcfa4a7f8ad316822d,2,5001.3875
b8d62ba477e1f884beb94e6f5022ff9317e620431ee4e2cd18768d06c0a4a1fc,0,3122.8830000000003
b8e6529e704b1301fa79330b60bbd7d647b062155aba9a9c9ec7702b508b3b24,0,7023.202
b8e95697a46d6dab02f4684dff255f9486a3dffb80a08c952e742058b65fa905,2,1684.806
b8f87c80dae1e5989e85db2143a95610a092dbd093d294609f853dee8cca95dc,1,11589.8695
b8fd728d003e1de12a5a9938982b8dc13a99b317076871985c0829599776ca81,2,1591.0375
b905dd912ccc714cc65c23ae080e965ae5ca2911addfba4606467471a56f409c,0,4353.211499999999
b912358ecfc0a5232c74ae55dcc05a8353d089a01395f46189c7a2dc85628170,2,333.04350000000005
b92d364a13127fc8866cbc093ac54cd45d197e9e916f099a7788f6664eb72bdc,2,1554.4479999999999
b93f1dc1c61569d08645b49799e49b0a582de3fc6a1268f4d2b723fa500bf0e8,0,1036.8285
b945b2923728997558d4cab2a82ae244aefed01e958ed93ba24901d4e0b6db6c,2,3565.0824999999995
b94e8522f2eda2f1ab10bec37729862440328c56f1499eb567689c5dc4891e19,0,2169.632
b94eddec391e2c980cb3b4cc31a8944bed7151ac25b8a82d60f741297d9e4f26,0,1825.0465000000002
b9564a73c1eb3eb0990215147a84dc5c9f7ebbe57b380e63d658e42767bb9d32,1,5618.370000000001
b957de73f82bae3be19661899eaad7a82ae4e6ee01b34dfd3aef6fc2b3810f8e,2,2532.877
b95b1f49f854ca3bb75fa620ea7d21b1ae4989c9407a862ebdd922a122286a89,0,3865.1885
b95d550ab7cefd0de4a70d9c851f76fd428d088972b1bd06dd67dffd5e8b88fb,2,1490.832
b9600b852433568b5a89fcc5c45afa1d8a34d1c233ae467ffb85c4c1383c3d05,0,4225.748
b9656c73107d5292faa893cac1292d6dd79bfe535546b3330d44e166e1bbf45e,2,4433.473
b96c0d72d4dd87458f4bcd7f37516158bad75c0b17372ad06f82bc16790ff952,0,5403.256
b96da753e16267a6b2ed09526b08c7aa7a06d13a6456e9f0742c9e4016444d67,0,3535.8845
b97494b177c144721946371dda2db37cd1aef6b9b1935cad46287d91bb8adb48,0,3509.911
b9755290d2dd9e9c4b2e98c9120f0ef2fa9675730efe08d5f9af61dd051a6888,0,9016.7415
b97dc34168569f899544ba8eee2e42f759f7ecf4d849836a497f6389814f76b1,2,121.39899999999999
b9872840ceb3ff8775e848d1dec8cede25a61b5ec8314cd83d0eabb07e388aac,2,1353.174
b98d8857f4f13fd1afbdbdcb68f5f3bee11555c9800c7a3049c480f210da9378,1,5735.055
b9947cc404d298afb0a4d8b55ab29a0d34824e069ba41185710ee8ecd07d0687,2,4159.5225
b9a03da7ed3ba135822b91a419851ef87d36ae5e2b99254364bfc0be12da068c,2,3230.7614999999996
b9a286df6f187abec13a60d27c98d98562d115ecc6803e79d93ad9c73056540d,0,3141.505
b9a30aae66fa2b5de7819e4123e6f395d826fb99649c222f039a7ce0a5e7c9d8,1,6523.4275
b9a5455235a5ad0cf6066af4be514e36d72ea4024699407dfe471df575f57fb3,0,5726.3365
b9a8b85522b4877c46e5d8a2118405d056c267fdaf7a7eedd84d524ea942ced2,2,1631.5575000000001
b9ade97b778483a416bbe71ab5bba2a0b72b5ca0ee986571e63ad9d2ec31e66c,0,18.59
b9aefddc14bbdb02d59337863ab8164229bd38e347b8f74d07ae9c592ce757f7,0,4225.8915
b9bd9f42855c4b6b8847f59595e3e13633e4bd607b65b98328cee530f8fbb6d3,0,3704.6335
b9be9627ce9d85e2f1b45250ed841e2e3f4f6a8035f45e2604253520fbf2c4dc,0,2453.672
b9c2fea70c5e3963bd673a02c675b411256fd4805e987915fea9b23ceae8dc99,0,5744.710499999999
b9c4af7d1d5cd7dcb5f399284898b5d4ace739f59c2312c0a35fa69a1d5d701f,0,1942.3229999999999
b9ccf0e6c9c2bce97357494bece2ca0a32a7004e42f3f0917635e583705457bd,2,2898.897
b9ceb38e244655aa4948468b1eabd2a19bf0d38a3ccd2919ed1504aa7ff28df7,2,4524.008
b9d1b3093287189366f3c275f281ace2e0499e681dc280ea960a240978b644ba,1,161.18100000000004
b9d619ac71101e4046f812d84c60a7adbd4c46df5ab2b2f67acc78a66214dcdb,0,865.128
b9dd9cf2a0e2dbef487dba4c52ddbe65b547a742e85ac8047dbdee839753b4e0,2,2125.093
b9e925e079823576c125ec255e069077676cdf52b9e7b4ee40349dbab13679c1,2,1974.9474999999998
b9fb7d4b19abb2badb7d517eda15e5cb52ed676a105d3629c21a35fbe7d1d0c2,0,9133.332
ba0d4bbf24240abbae37844f0104552bfeae1b52d5c26ea05175185b69da749c,2,6905.0495
ba1250cc6ef0885b2f859c89570df1188bda7d199583d69c2f49d390d6f636bf,1,21.393
ba1581863b4b7547fd1ebf8cfe941f4b801704979a3422f66bbb6a39603c3f9e,2,1177.8999999999999
ba16e3457fa058466e6e7d03a434963f24a3dfd081aed4c3e351de65d78bacec,1,27689.612500000003
ba17b29409a3fdd55563939bab288d4d0ef121886fedc5eafb3eaedb2f1cc765,2,1799.4035
ba17f66f0434c001d47a6bfda77151b3c629ab1881fe820648d5311324f5c126,2,4282.095
ba28f9e761017aa5999192423645b69ea54e8f7c18780b2ef14a3f79e9807cec,2,2520.62
ba29a728e04405dd8a9917a5c9687758ec17f1687ac4c8c553892543143236ca,0,2340.849
ba29dcd1245acf02701609162dfa447579d7f72071727b2b339040b333c26a4a,2,6094.7964999999995
ba2bd541a97b7f056d2e6cabeb9efba30de27325a14e3a16a81738fdaee346e6,2,58.054
ba3210b6e579b1e3f7143f4e6b4272296066287b18469bf65ab95be0f757c03a,0,3748.213
ba35577038264877c2df3027cb50da8a0045a91352978bac74c9cd9769c1ac14,2,4020.7490000000003
ba3730e6c4defc9fdd11208a528457fd90a330d49001251cf1a939dc7e847063,1,124587.5
ba3d8e19ff35fc1a3928fa1a1f89b3e137f55876a1d961cf757a61a163f2bc4d,2,3794.9224999999997
ba41aef5b6d59f292f794101e881258aaf54f91c54f81b5bf3546941d541d0f6,0,2525.8625
ba591c0245e71a67818cc0cf93b30399596b8141cc84db5e1a5083d358149cef,0,6331.458
ba5e331a61d6bf6b8a8315bca8d483c4ec23f4aeee9c475eb43a68ffc598abcd,2,1259.139
ba5e85474ac4ec6a4d58600ac175185d0be53715d13310784841567cb0fb75c9,2,882.726
ba6540395163c52b3e822e6a1dd4e6b857ce3379f84ebf81a57f38acf59fbe0d,1,742.0260000000001
ba682eff9b8f0392857841785fc881e8a56056bb24eccb90b05b8a453acd04d1,0,7102.288
ba6dd60f4300b0d038bf7fb1f2af67a2cddd86edb3f62c9194b8d5dd0a52d669,0,1298.3200000000002
ba7307861af3e3fd83c9b6b985a7d9d7e263c9314ed7a42ece63abd5da598125,0,5121.9095
ba843f8acf8d8bb073df5523fed4470c5575bec4601b2c0328926c85d32f3187,0,3908.7969999999996
ba8467d03ba0365718fc88cf14faff84b379e4335aaaa7346bc5a68ae6182ab8,2,2177.986
ba92979141aca40dcebcad3bbf278dc27e0e705ec686b525d3fafd37ac85d0f0,0,4502.585
ba9dbebf058cd661dac16a31caa2e2e10cadd464134c1c54673f75d956cd7e07,0,1482.7655
baa315e8250edc10c215bd9c437b6e3b4b2a38bbd505f581cb36045e6b88cbe0,2,2271.1054999999997
baa4e43c8c348ec56231c10d611541556956ab37d30190e35426e8c581fd1228,0,1282.382
baa7021cb7edc7dc89c7771dd078e7d5015d31fa3b4703abca0c5aed254b0e95,2,1282.488
bacaa38dd282e535206d60d7cd363cbb79e7bbcddcb6e23b753cb103fc0b2924,2,3496.9029999999993
bacdca989723e8086c52335aa3e499435da4c09aee9b9923bfdf4568558f8783,0,5679.254666666667
bad68ffee3ac0606004ee8958f9ca3b5756219f85f3dac3a26cb11603afa96c8,0,2592.3365000000003
bad943272640ff3946c699aaf6653e1150ba5faa39b46a2bcc0264242d847619,0,1567.3565
bad9b7367e021592aa717f1b9b4cb77cfd9bfc0e1732486dd0f01901ac41b490,0,2023.8954999999999
badb93e7c73ccc9231ae7d60a4b9efdec8feb8839d98152a19904e1d86d5b8c1,2,1357.8615
bade8b53f5f226a5c9b1ff0f2ddab704f4d673df2a109e8b9d6b8b8e086b70f8,0,2316.4365
bae56b92cdbfe902877e67a2dc97da9a853f254b820f4dc5b65a8dce335694e1,0,3900.9435
baed3f4e8c709f3cdeae1742e8d3dde4de03829c12cfa7716e6e7ab18f35afc1,0,1987.6765
baf3d11ba1d38e3050ec68c26f32e9a2cbe272cf40aa285c34cbafa0df173600,0,4961.230500000001
baf9a918a35014f4899ba2d35cca1b546d6c8a8bed18396c21ee4724fb4355bc,2,9910.8635
bb01cbc6dd3361df1512f697e06963243080ec33c1021e01ca116d7796d94a6f,0,1846.9590000000003
bb02ca2e58175eeb19cb9636487e9ae035f6046f4aa186df120e1d4dac3c4ecd,2,859.11
bb0ef347953a41970e9c48e8282de5c1a5591685bf4d7bfc1d7930acffc9888f,0,5970.6050000000005
bb1351c5ca85d2290a4d7cadc2465e04cd039d81cd82a81b26d2ead7c91d19ff,0,2120.884
bb1c14404fc03f21d6daa73acf0b34b95885359ca9582ad7c58b375db6e3592f,0,123.894
bb1deff8f028c1545676d49740b0cd6dfb70527996dcbe316786e73555913589,0,605.2125000000001
bb21674eb857b1ce2af35625cf8708afd63bd0fdfc43df4bedbf3625aaa64ae5,2,6317.8665
bb2313dc06a2450f7fa4f5bb364f98af2c216ed53e9a669cfa62645b6677f130,2,1757.663
bb294e36b23a2bac7148757e34f7ac5cee1377f26cc24c84c96306d8dddd6795,2,2503.4480000000003
bb2d31626a51027a79f0b150ee5232436065caad1e5409bb1b143003e5ceb3e7,2,855.285
bb2d8a794c74e7097dc89aca1a6d5d5cb96801f6bb1d77fc132562cb46bed740,0,2032.1885000000002
bb2f44c1a8c0a68e8ecbec2ce413246c5ec333dacd17b985ceda88dd411bd928,2,1852.5570000000002
bb32b587ef7d30fad1a241b34214764f486305935239df01873f6321a91c189a,2,14928.754
bb453aaa49dbbc023b4bcebf78a30b9c2f818dbaf3ce72030a3d178e1dfff951,2,7102.5785000000005
bb470edb798735536e26778e8d7094f2b7f401b338ab8b5f153afdb90ecce35a,2,5442.6475
bb492987105a1039dd4fa02be3c8abd762f29f2eb9e1d8bc0b595a290da56b23,2,2559.364
bb4e581d241a2cd18a119611d972bbd066c05230f7e01d0c1051ab6e627cc794,0,1564.0120000000002
bb52bf259518a00a396b3ade2f40e49011d1041020963aab64d869d81e5b4f6a,0,2536.2665
bb530a7f5fd799f72c27c3cac0015a1392a969ea237d7fecc5ed27ec2d50d3f0,1,16291.464499999998
bb63560c11e88f7552839a3e447747f9265448d69c4356738caf86d351073bee,2,621.4585
bb69a06c0ea978686f3984d4bf4cb45c56d61f5dd085f7faf8149dd7ffd2a79c,0,1415.209
bb6b6aa0b2b55a5458e55dd25583aaa8014ad02e1b09be6eb45a6b61bde1085c,0,2874.7095
bb6d00557e27ed4fa182a8cafe28fbc0bccfea05eb94fa1ab5e61c254c123c23,2,2437.9399999999996
bb6e1364e865d0c8809320a4bff85061f388fe46c9fbe5d4cd12a7a1e6c67732,0,6746.104
bb6f0dd0f24029082ceb03e1bfeedda52b2099cf29e12412e925a5b71bd3508d,0,4752.3125
bb8051879b1e9c7aa93a558e3a9b37207953fe425e0cc9ef0c7bd5ac31af9039,0,1042.361
bb925b10a95c16840d0b8f7823e8128c7a761f130c0bddcdbdc3de1b1a419706,0,1651.022
bb94ebe85b15f05b94be9dc915733101b1c977bc58a43ed0b041168c00c3a261,0,982.665
bb9670796d58b544866b6b5363a2483b3e690a7bc4a5c9e695c95b0b69beee11,0,4111.15
bba159fc11249164f44f0832d3ca75c93d701656dbb1522e11e0e2b67310e3e0,1,9875.8735
bbaa224ae13fa5e3d10c96d1f8e341c8b4068db77230e06b8b76c0768a5de84a,2,4377.736999999999
bbaef541cf4c69c549ae02e5180474e2073664a6c2ba7417ef8378ccd27cff92,0,4259.705000000001
bbb004f0b1ffef01b0af0edf132a765e727299cc7ff6fa80ea67b627b5efb7ec,2,6001.976499999999
bbb10d6fc018e652ab4f6ef63d6cb4a79f03430ac16db4f9367039669bde2c3b,1,8150.476
bbb71056a3c7c652a1ac8397174fcb99a313fae6d111255f8db80e96d15d2618,0,5772.5345
bbbc2083c46af346a3301aa5b12a2d2de396b89f8eb663c8ece400b64632f51c,0,2777.8775
bbc377e9ba6ebe6e59eea476422d106eba2c2dbca2d0796b04a45e51579d79d6,2,2565.9215
bbcf9d35cbf6eba6d31dfc28fabb33ef22a97ecee0889750e695b48d4ccc9058,0,2818.6980000000003
bbd66c5a8a113f4ff6051e3b0f8aea24d6fbdf6e710081d9246301b113010971,0,10908.092
bbec68a80328b3b354fec4eed40ca0ab75920b5b4bd13334cefaa0c4e5743f75,0,3877.57
bbf3c72205c96af5277c61107ec28d1c3dc4d64aa7c3ee85aced99468a0163df,1,4802.549
bbf729e61d08a9f8d7162b3bb83fb421d2d21ca4e45a70cdbcaf0c9f4d5f7665,0,3083.545
bbf9cd1202df2757e994a455955ddf1e58356503573c59f20f209e64ff2e023b,2,4859.8505000000005
bbfc8498cf16945eded1b7b6401b04e93c95555c774b16922bc9fb0ee3d32bfe,2,3238.0215
bbfe4e4b6557e5f76197e3ff1b3ca3c781935db5ec7fbab9c6a93843ef04d443,2,4481.9035
bc04ac5732d925847a0da8f35dd9f6a08b0f66df69b9142b79e465b31a20c64f,0,5194.1615
bc05cfe5811065d70d558e3dcdfee53bf60d6eebfc7966455bd3edb1eba9dd17,0,3857.9280000000003
bc05ed450dc41dc2894a4440c2aedf12136e67602f3417cd38a93615eb17a569,0,1299.7585
bc09667d5f56cf2dd7c3e7c6dd38a641cd21fd65ebfb1be6bd52a6a8e072b128,2,5236.9884999999995
bc104774e326640b14387aa767bad4b55478b68ef0a17b3b5a1085de103ea2e2,2,3902.8435
bc10bb3fcaf52a7ee36d2d791f0d6de69bc9c6a167fbdde57c4ddd81f100e9bf,1,23009.806500000002
bc13f2fbcab4bcb17a6a72b1c1c7b0f9c58f3ec94862975faa40cbe744ce8f6f,0,2778.5020000000004
bc23b0c4e7cb29358e930ff3bc9dcd5dc4bcf15b134e4cae0a909187a525aa65,0,4558.304
bc26256f7deb9809ef1b31c136931dae59eb15a5612e7c27bb4353ce272bd486,2,804.4455
bc2af0026684fa6ad55b71cf7e384386042371cf8e30e6804575ab9053737739,0,2779.64
bc2c575beafea0e0d556132795a8f3c7b9234df3fc1f661a9db3fc786b73e674,0,956.0585
bc324b6c99265a9bd017001d464f665c5799cfff3929af90f2190019c5a7feb9,1,3.082
bc35970c4fdcc5ef47d490a4d845ea1b20846967cd47d58d64b014a2c1061f6a,2,5811.933000000001
bc3bceab58c3e950205e4e87f48114c9d43aa34e1f3899d001785b35cb0cbca6,0,6451.753000000001
bc4d67ed341b2105bb7b17c2bbbcacf9cb68d782574c5486ae2b9b4af8d79f38,0,3121.1504999999997
bc5668a9062d143a12d9c76908a4760c68497ca3d34c07449041be9e445328e8,2,3135.6040000000003
bc5cb8a0ff17106100f2a861a1508b19e93ab418c3f3670490573bc75bcffdd7,2,3975.231
bc6582a7fb922e83d7e6181309e64f1d1b4885bbdbe344f09d242f14fd5d853a,0,2289.692
bc682ce08eea0159863439e2567e1ee5f562b63761331c08819a7dc3fbd63d70,0,2109.8195
bc6ab23b648fb094bbe451a1d8578ced0af7118fb778953c49ab521bc651fce2,0,1665.4254999999998
bc7227abde4bec479b7629069ee54c6edbb7ffad59ddda663a4d8f53165fdc0b,0,9183.7705
bc733ce82e7f83e9025671a6255e7f7f311776bb92151c6829cbcd74cc962a32,0,5946.2435000000005
bc752f39b0deb175e2d8bf99967cbc65bf798b8157b9b96d716ef9f36beb76f5,0,5729.347
bc773b913e12c41c46694a52c2ae580a71768d3da02ecb39da87452533d26379,0,2688.4355
bc7b9aa64d2322c8eb6a4e6493f68463567f1bc2f7f6d2c4912a7d54230de364,2,2200.5820000000003
bc802c1ff0082d8d46b7398af2e5f05c8cab69eb25c06f39bf713b0111661318,2,4480.6335
bc829578e9795356e8bb91802eeffe9786bc85ea9fe74b4c2871d965a0952a4a,0,6491.84
bc8d1e6cf829e97db64954ea054fdb3f114339a5572faffc55b395cf1a3fbd8c,0,10811.3965
bc9030b98d2e99693ce8bb98a1c593f32c84706f10c138102f8db2bc8dc1b1d5,0,8624.3505
bc94817cc1d8f5c5fbeb173676b17424c9c4854c1c6c998c72d1b03eeb38fc9a,0,5704.7164999999995
bc96f024fffc5a84a7c112d581296a0b2441262b109885b3a363f255582bb948,0,2025.3944999999999
bc97d5326b0662ecab0cf7909e9f292982f98dc013964a44bd4ac9df1fb80a7a,2,1056.737
bc99537697efbe30d18c03223366ee74f10b26a8ff5530ac5f5163eae90f32a1,2,654.4780000000001
bc9a406ca07bb7d66fd59893baa15aa9310e479c9ecf21e370ebe7146e6d3eed,0,5178.8075
bc9e721311c3e4c43fd196ff860c4182b8b9f0cbe1593cb0072bbc734b158c6f,0,7974.5435
bca0bc91a127d9f48fc718846789238ef33aa7f35b8c4862c704411f7e3b63db,0,9117.548499999999
bca10051202a973cc9f02377ba8090e128350ef8d621507ba89a54715c97e803,2,4944.129
bcb834ada03a48d0439e78dfc65673d774fc30b361ea319bebd8700f53f1184a,0,9064.1105
bcc1205a5b98a9372d82a7ca9509c75ab7ed8bb9937c5a76fbec86c29dd36dab,2,4883.614
bcc27f6e80e3b093695df95895d76051df8ef785a156bd9f6ecb8c4a1fbb0026,2,4283.9785
bccabce51da557d26cacafde643fe303c878d595396bc6163b513aca2e298d3d,0,1347.6115
bccfe20af9276eba9fd49e2a02bc0a935b10d98849d0f02de1306182c74262ad,0,2231.2160000000003
bcd17b6f46cb2ee4797edc8e8602681e0ca6384c35dc0e73aae908ebea7d0e07,0,3666.37
bcd25cb37c58744df8c9eb6c801b187d51374d10fb7ade1d978d61bdd8b5c8bd,2,6059.2715
bcd88f4c795aa5545495965ddc3077fc588e92f0fb44ec1c7c6e71a6c2d868a5,0,2161.6895
bcda48ed992e054e19439137a6abda4e3c57c62320b1c24acf5fa5501e62615d,2,8124.1015
bcdb43ff4928f3584781af019f9f0933be24fd701a9a6be54449b4596e28f729,0,3147.8050000000003
bcdef441577b622a5f66ba24ec57e08ae63eeb299331de3d676244837910d023,0,3977.8625
bce3d932748ae1a5ee068b86a2ba6e86c99a93ac188e74bd91bd08f6eb1557f2,2,3697.3035
bcefd1ef87ec1cf994ad937e6783c0b3d03a47584b0d2027d72f533a08b64b88,2,4890.99
bcfa007780f8831245e78e81a613a47d16f5a475e9e7f692b6198cf7ce8f9506,2,5282.978499999999
bd01ade15ffb0fc6a3311b984459ff1db9e87d25e8c01009742b98210875b8c3,0,3838.7744761904764
bd025c9c1784183491242af7f0f520fe37de887837523b1a27b5c5aafa6afab9,0,2851.5
bd02d2b7e34a114f032de44645991f98c0acf2547f7f51f6c3daf2137cc83219,0,4442.1595
bd03e8eb8a051102e089860d71204bca6366632d9bfbf766136e5532b3e3844a,0,7485.378500000001
bd0633759db37c1e5b657edb8890447d0c4fcb0da1dd7275d023e5d4dfd9fcdc,1,713.831
bd0b43ae7c1f6fa1d0ff8482e99e87d7d7dc86918df706fee2739699efdcf3e0,2,2091.6670000000004
bd0d1c14b0094a4bc2be8bb623b74ca7ba172a44c29efb24ee9c57714ef5aae9,2,4065.1075
bd11c7ecad06028c8e352a99d8129f871e3c5fd277110bd4dfbb3cd73fd22bf7,0,1753.4944999999998
bd1de18aacd09955c80137a2196434d817df23bdde901d7210121d0fd643293a,0,2682.2395
bd1fc0f7b29eb31310e6c447ade5c2760b299d6098b597b1f7ff2ae4bd4c6a80,2,3185.307
bd24e005445d6bc13b7c22fc363121e70539bfee31b37187bac7c0b23dd7d329,0,7528.0615
bd24f46f1a24c336e90e2660330736c7990bf7c380c1024f8c4f618dd16a5d42,2,2024.7285
bd2698fec245ace9ef47a6ecc0fa73a92acccc313b98481bc1b64a181022e20a,2,8688.583999999999
bd27af69ec89589a370a2f51962605659ea4368f89eb8e79eba3f15c38e2e077,2,4763.9365
bd293c629b623a4784f4fcae2130349089de1a91cbfa4ade787c723e2d4f6b49,0,9101.195
bd2ae794acb0d7150493be3344b93e3335394150bc7dba62fe49ec047dca39ea,0,5131.973
bd2b4dc5f0736640d40f6a88ce0db71698177c72dbb05145d70b66d0513e26bd,2,7381.861499999999
bd2b9288f4ca055be6a76fe33659b01eb0112b44de8edf0d6c84bc5b70eb8e45,2,4874.68
bd2bfadcfd217f55b1f5044c671b1e46ea68ec9a8180560348ae0871f897a66c,0,1704.9319999999998
bd2c3e85eed0da64610709643d3ebe3dd15d4e2ab146cf7f93ab12e5c8c907e2,2,230.03499999999997
bd3144a614709d93afd13e4dd9707da47d29004a7e969c79c1fe3401a219abf8,0,4083.7355
bd31a655c3ba300dfa2b72822f5ddd08d9d63e93e71463f8d7e36fb9b273f95a,2,4689.6665
bd37cac48b679bbce7713a699382f684d7843faec17be7fc0dbd884cc0971ef9,2,4814.9995
bd3af4009628691f9c8e04896d4924afb4d16643cd760ba8ddc2ca28a1c83b32,0,3517.275
bd403ee6f2da16490b9d27857413ecd71857129a0d2ee7cc06eb715ed434761a,2,1971.5850000000003
bd40f44a9f21d178aef954e9be92825fc748d06f04876ce05a0ebd1ca7eba706,2,8436.14
bd43a1f61b76a2e4aa76b6c03d7b973a76551ad5ff3cdbd9a96ebb991220b0b7,0,1442.966
bd51d8a203fb579cff7c3fa67e24dc80253c06a6d46f06ac3a2d5011cbd75774,0,6013.5650000000005
bd566eec5e376df477937337a7c2a53d0a3a72d9352a0404310d67d64f6892d3,0,466.98
bd58144a79539c21c1451f9694f94650a7a95cb2d24f8287675789c59201064f,1,12687.994999999999
bd59e1007bd554d6ae8f6b14e57b6ea88482d8efa530c456bd7e8fd55a999408,2,17099.494
bd65b6e598af331da169c7a191916fe611980690c762da9bf72fd45361942c8e,0,926.1055000000001
bd6ef9a2cfeceea18dc6d07aa39ca7cd287cdc85ae5cfeef3bdc1f7121a6d20a,0,2871.512
bd6f0f3c0462831da72de1400ace69f1c0561af0351484a9e3b5e533e9d92906,0,2627.9555
bd7180488724ef7dfd36f647f1475b4e4c70dbb912278600ab744cbb15852d57,0,1376.216
bd7380c7571a9ebe37663a1917354854d5f569420581a6ebfd2cb2caf02fecac,0,9552.9525
bd84f23cb1e3edc15000f7d5ce5ce0fb6577036d78be70ff487a4205f62da438,0,3286.079
bd8b548cb87889792df1914b8afc6502845045366bd982f4d8d11bb6ae3328db,2,3467.135
bd913ab0055ece51e3743f6a58d00149b2bc4772e5f70458b14fc85611ec0b65,0,1930.2125
bd916d693bc12e9d17f3bf55b8428357776b739541940ca8d15047e72ecf5f27,0,4617.5185
bd964777bcfbe84030a01c9d2fb2691da8aa4a3d7ae3e7361b5f331e4f9f6349,2,64.83600000000003
bda6e49b6381530018c721a63fc865856b5b0c913ad144f26cb358026a03cfb4,2,6282.465333333334
bda94f52d5d4a625958f68e9e95509c03a28149d9e2bd0a1d5e75709e029b573,0,1393.821
bdb97e90c4f40df9e710112081b03134e1888bee3ae44d2dca7fb1667e03860e,2,3094.2445
bdc418f0641a69a68c7d9b65dd7f04bc7724e09ef577e510be810356375831fa,0,3757.0240000000003
bdc64cc020be613de5aecfed60088c3cd19ffad835395fd20c7eaed87b945aa2,0,1165.982
bdc9900230e3ea9b9e95ee67e0849a3b56b273a4f12d3a8258d4500deba7b1d8,2,7604.5875
bdd45d17728f7e6e1a78faf3fa0c235dedd05c611fa95fd6305beaa63041e186,2,758.039
bdd981b08b2e1054f8317690b17bf9f0cece572b926ec0b91bed58a7e5970613,0,169.85000000000002
bde351d5bea2212bafc65566a1c476b6782c6c62a338236bb2b3dc510004de43,0,2346.0515
bdeaa766fa949e6a0f1ae82dba2bc01b075661a0ae819eef22233df377d19227,1,13391.7495
bdf33756902bfc1891b86a1e0d97d5d54cc7d6e637311fc9250a6de9b495865c,0,5201.956
bdfb3e03ecc98c6c27948717ebc1fddb0beaa6d92ab858ec45034db580008594,2,367.846
be07a0ed22bfab7099483cfde61528e4ed2114a9efbfc4f692a03e511429e278,0,3680.9615
be14612115e6b536b85a6565e185fa0c0dfc49ca310d86b29abc66e7ab78c86d,0,5950.7015
be1bcc508cc2ca05ba7d916dc42026e2c7d2622ac22ea484849a19a7da5ac919,1,3272.9325000000003
be259b75abd72758d598d7166b4baa4c1414ef03e3206d6972f9fdcbd7fb286a,2,4116.325
be35819567e6fd7dde1c312842022c7aab89afe7c3192e2617fc26380dfffc52,0,2080.304
be3c3fb3f125b144871093276fddcbb7da91f32bcfec195b76ffce6b6147a378,2,24224.413
be412178bc52f2b0d147139d1c635bf4e9231c2949d3b791c78689eecd7d8ff9,1,816.6025
be4490f3efdd3c08025331ed5b058cb8bb1ff781a1b11d0e589042b7fcba6e55,2,6735.326499999999
be528a2a714fc0f1780d095f68a3e62cdfea163971476a61021714e4163dbd5f,1,14390.901999999998
be55b04c1a61b773b581e1f2c2cb377102885e6321d074ea3708820031a252ec,2,4132.861
be62ff6f652f47956940f7741c342f3405bf71f3070859d54ea9b918a77a4abb,0,1286.1954999999998
be7abb867b1d9f6a06801e978b000937f3c4e042848ddc3fed0c2875609fdc47,0,4473.539000000001
be7d44d90ebfe395171f84451f7968546da2c87082287a7e724eec115936ccc6,0,4366.675499999999
be80c6bdc684e23c3e6ee9417790bd1606c258cc97f46b12fd98218780d4fa34,2,4076.3239999999996
be819ad79a24177731a947a9101e980fa474b0d01ebb9e979657855cda99213c,2,2255.01
be82c5d3d0905bd64467931469a4f1ae1922f95af61e8208ee322230d4080096,1,12777.8875
be8fd05f3bdc80c904be9850ecc7de8d6001e6be8dd1d2a32c95be148fc4f0de,0,4063.0840000000003
be952647ad2fdddb48d538e1429177a1ca666dd3c40a646a1160dec71057bc97,2,3281.6925
be96863f06f50d05a515eef5fa5a24bf99670abafb8b5d8b9867419dbe6a8dbb,0,664.4455
be97b96b77c7b0550052cd16941cca0e4d0ae281d5e33d7ecd8e799fa1b7fe02,2,6958.422
be9993a280931970a209eac44c9091a4fe2cc1e3b7e78b4e0006fc1222a38da3,0,88.27900000000002
be9a617e683123a0946469ee58766c969f28c48e9d589ec2843f1824bed3c4fe,0,5488.244000000001
be9c88f24e23636fd2346ab088e4d4e1b7d82c696f0ce51c0d348e05522a61a6,2,2113.9005
bea55855c6046cc37bbf5daf127de4cc6cf6dd3c0a47ff4fb7b6d263230e59e7,0,4502.112999999999
bea6e76da25ed9dbc4a93dfb8d686a9958e60d434df967ca82cfe05f8eb37602,2,6800.19
beb13ccc09f470879f760e3c3d4046781f5540e3541b8546fcd17b703fc5fbd7,0,1113.7905
bec5de781d338e84bd6c0fb9b27737c3e603f8878e9f8a515f3589f4f2d34f05,2,5666.404500000001
bec93d9755445d02bcdd0d4f76d37fa8839fa344d37668207fb8ba4af9e6eb4b,0,5016.2975
becc33c9aeefe3a7d645856fb25429b23f7113e7b7a2133a5c017529a4ea3a11,0,221.44750000000005
becccdc3dc934278bc5e351cc2f29fe02cc103d82c80dda1dc856b49da3ece87,2,5830.5705
beceff99173b5375d33b3e998c5d8b649adaa966845f91314c0c07467a931fa1,2,2467.0739999999996
beea6157738c6e4ef4ae895c2d1a876157a999bd4ba9e1bc738011021ad7782f,0,3075.251
beee57e7c0cc1c0a2938c3b3e0771c00df834ced001dcbfe5e18639efaf44ed7,2,7409.812
bef9bd64e424039acc2fe0b41d2e657a6cd339bb05b7a3d9b43dbd1cd909791c,0,2999.182
befe5293bf68e507d3dbe07d216b76011945640813d4cf47b150a1030fe7fc50,2,3746.5914999999995
befe7842bd9f8d51da09def609df432b5f11e33df36b41e4e4c46730e7741fc7,0,1762.1005
bf0667cbbac76062c836ccfe949680c66a9024b342b6ff7e569db50246ba8801,2,2739.7834999999995
bf0a885b1e2cad4a3c195f5eff6d7481107bf96b0e692d9e8fda4c01ec1e0c49,1,24156.9385
bf0dfdccfeff2d6b1e3f49c1b4a5583e93c3471dcb504aa68c2f93f440b70348,0,1790.971
bf11e86a9874f1a2dea4c34752bb0aaed67f5e3c3db3c94cd7e8a312d5502b3f,0,6504.2305
bf185a3341e002069865495e96338d462b5e5d76f95f32f39f5bce22088afacf,1,11239.308500000001
bf1991d0a773e6512f64ec118c3d4e21e7ec506579149554e2a64e409048236f,0,3779.5925
bf3be7e2a6d7cffbf4211fab0df482605a5c93202ff1881e277a7667c21080b4,2,14346.8495
bf4639071db88117ece859e1af9880afd386a0e5ea0e336981fdde6855251ff4,2,3068.572
bf4af7834d85c9a1367b495115b8ee7724f9025ec99b7cb8891770c0c1e4ff8e,0,5216.043
bf4baf960cd4d584ea566cddb011c74a8cc153ed5023aa2b3d6ff9e358f6b263,2,1868.0705
bf51116c9e6bacb87c24d45b0b85367311632292f2a87c91838c1ab1392f7d18,0,6946.0345
bf515b2c8888211d156709e0b8c391dcb7c7a14d814750294619977c40e91bc6,1,9089.6475
bf52c5adfbe914923fab90621608634602969caa2295950d24af6faa523facb7,0,1602.837
bf58282b27f5a54c3a88562acbe2299c49461b700c1ef5f0d21a14f72ab15b85,2,1197.9495000000002
bf81933f59f922573a59b6f59c57e7df9153238cc7c8f52d18f33c5d1e99ebd1,0,3704.2585
bf85b16659c1c61a4d01ea1084761301215f90ce6a9107d8d0a5d8b746d96168,0,3921.04275
bf86254cafc482dd1adacdbd7747d3451c6c6796a3ae418d5d46e6869da8994c,0,3537.1265000000003
bf88d66c3bb3d108035a17621acc7226da4e61f16767d046074eb53f9b32ffe2,1,4114.164
bf8b8514ef352e73d45630f4e76617e13c4b35878a0d3de7e1d7b7aa286baa34,1,851.8280000000002
bf8bf8d38db9dc2a06d11dd3bc81e9cd6e0451e1ecbe4edd35d6237bef18f2fb,0,1268.996
bf8ee04a3e7ff1f2148490a7ad6b5dea2a7fa4e88cef5f970ec16bdbdac11b82,2,8669.468499999999
bf95672fd1556ae6eba0f1f9b6de3fe1d2c550b841c9f117fa5862b6212f4f21,2,6131.4205
bf98bb4999b681223c7283c61f1b1426ac47cdbe78d34b4590279bfc6844eba4,2,4164.152
bf9a635e2ec354530aa699bf1c470091bced3ba4a440343ad6bc681a20e576da,2,9014.9085
bf9f542ac9e0bca388b057c35cc3848018d291c904a3ec996fd74644a273ff20,2,3510.2690000000002
bfac5992aef4f885c7f862405904b8cb859825628df7be5b366803e7146d805f,0,2105.5905000000002
bfac6974159e80d78497855c64bf640f2bbfb0a796dd396ee2b15b93c38cc0da,2,12536.945
bfae9fae8fd889654e11c62cfe065dcb289b9d4ba13d1991be8e5f2b4abfc39a,2,3960.5395
bfb6d1a294f4900f641e23c8cd354262ec97318860bb10d2dbf83b0126680d6d,0,5559.663500000001
bfb90b389be39f3217388dfdd5e4efa6ca771b19d94211f7e7c760371102b505,0,2951.0125
bfc075b0e5ced8f174e3fa80281dc54c7fbb79d50a08c6a42993b1738f017542,0,2659.4545
bfc37d43ef16d2a8cf6f1d062ca627cbfd78e02b77051ca0f5a87cb954affb45,0,2279.6400000000003
bfd7dabd51947c6c86a2cb93321b21cd9a398639adefaeddbd21b2bce9604978,2,16.872
bfe11e5744fa8932a56296da59983880519425b8f2f00bbc92a091fda58ea63b,0,2294.2205
bfe2fc58193c0836599d136f370d7fedf127b3b19b0cb2d34d24c255f1b7bc00,0,2145.328
bfe73872ce4a07afcbc406de26a71a6eae3b37194b09cd534fa8b7fefdc488d9,2,3645.6124999999997
bff310f1079d4343cdd55f49819bbf3af2decde7ab434a0b70fb8196aaad8bb4,2,5839.5355
bff47add6cbbe44fab71d294a52fd7876e5ff46de8ff9eb13e12c40b5e2673d8,2,3254.5725
bff6aa229b75e8440884b40c2b31b6b6674ab33bff47c2cb6e2cf740dd8364e9,0,656.5360000000001
bff73d25c0c70dffe89c260b28ea56f8ccb4efed07ae1c6e09d824079b660fea,0,1205.7365
bff7aa497939a066646e6c60663bd514007c1ff8fb6a8711ddd5243d4f9b9a77,2,2767.2045
bff968e0b06cc0b0c700dbbf4db526c8e2036d42584230bf83e7e625827198e3,2,5849.827
bffb5706bea7759fdd50c48a5f5630f7bf8ad4ff7f177b2796c60c892452785d,0,3036.7915
c00185ed95da50a7a825ee55b627650362e4e1842eb390f5b313e80af3983365,0,4124.645
c003bdb57250e683df2d2f1d945ff8218763e193c51d99564e6b124f24a80605,0,5552.015
c008de858c66e1e0a10cbfbca8d77b1067bb5d7ffaf45198af41ac8fe40b7c42,2,13192.56
c00bdf0d332c09bf526a09a8598794703c08d11bb3cc20a5706f516d75705996,0,1918.1705000000002
c00fcb27f645c1c736433fd3cbd3c1623d3e6bc5b3c8002e242deaaee28bebc6,0,4516.8855
c01108be97693a46dab04a654a36e52b8a15adb4d35bc96fc3ff511246b6190e,2,7860.054
c019955dda742fc9fc5cf0eb9025fa776fd5e994af316ceb6058d806194fe63c,0,4529.3505000000005
c025c66b4e8f987b7ad8cf4dc15d38e20c2fdba1754e326418d3acbbad6ccfd6,2,6146.401499999999
c03045e8eed0a53540c20b923723bec7b30ff785bd6b14f58eba6d7297ff0a93,0,3529.111
c0315560513b02fecb2737b38edfff7ebf7105cc6687a64719f8021d9bf9866e,0,3537.7075000000004
c03341cec40e9ab6d8a0a8e73979e7cc15c369308aae901155ca07d0dfa6473f,0,3584.772
c0386f83958b0b2035860ba4e3c422b08816ac373915cdea540991eb55de1e95,0,4914.404
c03a3d8fef1a3f0b33c532c4e5918b20742634140600dddfdc8fdef29cab5f11,0,3108.9505000000004
c03c10d21d941b4fb2d12ac235666631124ea367aa4d7fce7917a1856cf73eec,2,2267.844
c03feba75908e274313e6711be5dcc65b13965124e24a5aa99cad919bc96b05f,0,5519.284
c040bc378feeee3ddf0d9f3d1f025805881cd053b43bb7cda7042156117f221f,0,7391.656
c050e6a3db870a7ba41e1e8e9aa831bc00d88a61c38b8d3c81a9ad14e50f94ad,0,7619.32
c051dc091717b7315b83279f5851e570c800b17c071f9f170332b094cbd32642,0,5696.796
c0527eaf27160ef61e2fe8bee6ae96a028122444e72f4f4a3781de914a5164e2,0,1248.443
c05370dd8de03a004d271d6ebbd4202a5594790123e5c34c31396e1a88c4fd86,2,6761.584499999999
c055af5c2005729ed9f0a2b9e8bef55723a58bcb12da161ee66086113dc2dd4b,2,6328.7035000000005
c05a4d40b3b883a11ca04153661ab9131a40d98bfd00d8c954797c013fb33649,0,2431.9915
c05f838d69cf1aeb5690bd2e3a3298cadc29d41c8a8e50e4c5ef817ff545194d,0,1302.0265000000002
c0618f66ddc619dfab9b309c91278df9a1f857676c92816f38c870779268eed3,0,3780.061
c06f04c7df5390ec7f02099d2abbbcfb8cd494841bf29adfe56c70705226ab84,2,1939.7205000000001
c06f40e095619482e66045ac94a9c814607ec95c0e2766b7cfca958d5e32d376,2,4016.565
c0740211ff035f975e6d386c88a4f1bfebef13dc34fdb38379e116adecdf09dd,2,5606.5615
c07fcaded1cb93c996b526a456f2489bda490bd73b23c487f1d8c943659bb396,2,1017.6955
c08bd336c5b4ee690d7b88e9531ca60e9abb5e5437bf93e4db510cd09aafd121,0,4242.4445
c08d1b636d810a40906688bbd0624fe77d0ffbe842d0ea6bd348ac498ea0af55,2,493.7975
c08f8fe70469bb6a10ec23c04e01c04b1c9ef82165cb256a6458f96d8990bba8,2,4630.1385
c094df570f0614e3806d267c7e5427587e06f59f6b7ae3c0e0265304742e4868,0,3325.2505
c09c65e238c4f5d196d229ea2c75e1a2f93506172914998f523cc30d6cf010d1,0,2201.1090000000004
c09fefce8f82844247140f252c932015edfc849b4336e683a875bd74afc24ea8,0,4872.8105
c0b318c0745d2d73da73af97ea129a9660e4dd22cfc4d82d53107f24a78f79b6,0,2174.306
c0bc306572c8051084bac4dbe7f2d6860873692b3ce7596ab5f0555b2a6baa6c,2,3772.736
c0bd62c19ad0af4783d71c8b5f56f7c6e27be769b40fe8b21bcc058af74ec2f5,0,4568.276
c0bfe4f60e80342ddf72cdf9e6f4faa23340fe0a8bcfbf2a7200f0f1dc979192,2,1938.8139999999999
c0c397e8740da4d7fcc2f081a0a20fa49aa18e9a03ff171fefdebd65786ea3bf,2,1803.4795000000001
c0c599d83cb88c4b23edef27b5a01d799dfa871edc7df306a43ee84949f44a12,0,6484.9915
c0cf58d594829273e8772f61ed09e0da4ebdda9c6b4b587dde0a8b6e3b34664f,0,24285.487500000003
c0d7969c84f96119ec464546676d5b030e35fe0e92ee84662ccd0071bf832df2,2,564.7975
c0db6a8820b4960e36fae95b3a9e6571e29e1287fb8aa80349fe4d20087950eb,0,3513.958
c0e0f5b51965a9d5f7040d0fb8d07fc4ab30d1a0cf91cb90f1e01946132eaed1,2,45562.395000000004
c0ed01f2f885aa5ebd10e5b57a21267875a883f806e63ce06d58698dd6ec3935,2,2584.012
c0f6b690b7fc9480fac40d325a89617303855706aaff3b3f98a32f7577fb9c49,2,5360.0545
c0f720f0916087c2446fb7395419255547ec493ec9a61236043da34872863433,2,1522.2310000000002
c103ceefe67b34b1f915bc215ab8a8538c8948ce73610fd66d2cacace37a4646,2,1661.3835000000001
c10abe186d5e38a4b90a2361083e69f8708860209a918092f95074d26573a024,0,4514.081
c10d2a33549d3a018433812ddddcc535a339fda690366f8bb95f04088648e9d4,2,3837.2165000000005
c110071748ec96950a04118f34e803bbfa536858a72ca73b4ad0abd54878414b,0,9498.3825
c111339cff0ddc324bbb56ce9254c1817bf5c7638a95dccf78ccc92eb1491273,0,8419.3295
c11607afff194a01a0ddb445fd26d388e846bf3c9a776e380e38c528a292dd74,0,2492.0785
c11e762f83800b4fe0952d2df7441cd7bd0fb3d63f1198de08b380a9910215f7,0,3612.9035
c12598bebe3c2521c194e4eef97f15514ea1522ebaa36ba3ed587dba1d72bf4d,0,7239.177000000001
c129964b6187d6ed9f545012adc03542fd43e4a2cbdd618ff125eecf7b517a6e,0,16186.8405
c129a57d2c11ffe48e0d74103cd2bf25847b82f1e204949281fa2101e848ee0d,0,2810.562
c129db89797e2ae5c746babcd344e1ae8d6d507f58fe51219f735928e5f0399f,2,2256.3145
c12f6dfd593848d697265923198c6b29249037a281a660c5103d3dd4d2ccfeba,0,4692.7295
c140e70b614fad306867604df866e3858d09b223b8178db2d4f430ea7199436d,0,4129.1975
c14342fa33822a055f5b1847b21d5999d190c92bdc780d2e66d8cdd3cf27bac5,0,2065.751
c1450231fc226bf151c5fe4b476a8f70d1ef74aea63bfbaceafcf5c565d2adc9,2,1997.4340000000002
c14afec1ca03a59d9446e0b01457715b8bc9e7c52e028d8b25d7645c061a73e4,2,4334.2065
c14d83554d1b1190fab2d9865b2c4930ea2c8827e27d933be13d304291dd5973,0,2168.6675
c150a781cd4b31890c5ba3cee920fe7b4b1bb1fbc2b83bfde45e6620c48475d3,0,2624.3255
c15cafaccfde12c0033a467c5868bcb95b5a9c9ae277cc970c87cf8f83e2310b,0,4066.9595
c16042ace909f37c6c9ef2287548144c53b5ae280b919f6614bb41820a7c7696,0,3169.1760000000004
c160f791c22e6654e39bed7cb1a59e209098eae24f66790325545f9869d07135,0,3080.141
c161496f84957e8745504ff0e4826d9f6055fc7452b8d5048644919b22e2756d,0,3723.6110000000003
c16784795cacf8116af13f70009baade7f2a23622a21b93d0668a7698e71ee1e,0,3234.926
c16a35cae193c21939fee9a3adfa0547186c957b882ef7ea1fd32dfe875b6b2f,0,3295.9230000000002
c16ad461bb8d04d31ce6443f0ea1b3730f200dca3270394c1c86d1bef51f691f,2,4531.754
c16f98a74c0a7313347d7293f53f2b3e46428ee66fe9bd710ffdade6406349bd,0,7212.9135
c1746ae59d5349a411131a4419cf02e14b7330a38eb4d72e144d2ff90b42c7fd,0,3412.7610000000004
c1754ad7376f52a56989ee2d94d19dd9d52f7ae2f6a1c492d69fbe47dbb86226,2,2802.563
c17582ff61208301c8a1e3e2cccdba77c3305b113147aae051178c951f9eeca7,2,5593.4145
c17f93981384f5646b0759b9cece9ce21d6df707d77adaf0f815d0bcaa78118e,2,2054.285
c184599bdc6fe9b72f2a3236b0ed5e99d0e4de2b080d1a81957f1c127300167e,2,10520.399
c1885912d92893f2068692747749618b44fe53bd7c74a3a61125d1f6c20e515d,2,4548.2325
c192ef499351768449693127411fe6a65cb153a5389d55ef5e977f9c4697de13,0,6168.7345000000005
c19545ebf20afd46a716e08daf1c13f2560f86ef8b876df08ac9f305f014a0dd,2,7452.726500000001
c198f8e7e6591dd1edd3599ccd894f8487bdcbb45b8ace0699055ba1ef7fb0b4,2,1800.301
c19e46e08851dc390e43993bdbec2387df6cb9fae155534ac6fa540a3bef99ec,0,1008.6565
c1ad5fdace8f7290cd160104962f480d64f7db393e15aeeb7e340a1a0be65193,0,1637.0205
c1b22785029136abefd1e4fcdbcb502fd865d290be161b813cbec81dd9115045,0,7385.54
c1b60411e8e584e78a4d66ee005c12bbd7728add61ebd82e3f8e7c693d363608,0,3819.0285
c1b7edccae02af87a32791634f3037b1c79f0c6ed5bf697433a4147cefbbce0f,2,1400.0035
c1c174fd77ba40f4100e4d128e625232098e34bef62f843ce05e83bdb6b7501b,0,7336.834000000001
c1c80cad42695705fd8cb0c49888a6dd50ac4df191d781b3161771d86d9c435c,0,2292.5690000000004
c1cd7210920f05c27acf9234e76160fe0ea27d0da9e31788b0279e78dad7f956,0,3205.8684999999996
c1dbeb9a7788af4b571bed9f1e213933ad12b051b4e544f056dc3d84bd6dc571,0,3028.916
c1dcecfd03a9831eb35ce79ccfb3f693eb3a461e88f8d7ed3e76f175b6f31915,2,2564.243
c1deefc324cc438ae0b4f053d9f1450096cf3ddb289974b913e1b2e75b7acb20,2,4999.6975
c1e399c05ff77bd48d62d8892567d942105adf36d2df9ca180cefdad20223ce3,0,5135.254833333334
c1eea6cef8228ebc21910c04d541932e9dedfb7b70559cb411864bf6af33c785,0,4524.097
c1f4b95744c5801485e61ef91e7ff0811f50959ad07e098cca994b5cc0e156f0,0,1507.2255
c1ffc32f86f8fc9886d1632d9077dab4a876bc8de12ba53343933353bdd978b2,0,2949.961
c2094ca85a57aa742e3d7df188096c3dbe9f1d856393429efc8185f6485990e6,0,5585.4525
c2114e28db07a24ccddc206de11d265e3bc61566653bb8b2816e638beb9ce1d7,2,3355.3055000000004
c215dbd1d973999fde7abbea2cb3a53382cbdf730996af0645428df84a6bd4dc,2,5261.4065
c2194d6958ae04214644625f10a1448de0f39466d80ba7e1495ee417e9c367bc,0,5232.3330000000005
c2232f1e619a5738031eb7cf7f06b163887c3fdab7f7c80f0481289fd0c14528,2,3527.5485
c231566123eadd09224db55a5d0d3331e99c2f102bc71f37a1deda8c60d774dc,0,3696.62
c23ba86027558dcadc521e6993ed7532f592e9b812e346590b6b993c1cd9dc0f,1,3726.295
c23f1a96b5f6d277e3ab81bab6e28b705d64f656360b23397764a756f31d6054,0,5693.417
c241cde0febe9040c7699be616919756b36455ab82d1dc6d411eae87ae564364,2,5545.871
c249b5a11e4f79ca8de47df469d4e00f93699659d20ee0ebf61596d832b094df,0,2953.8460000000005
c2533dcccd5e1a0bbca391735fe274ddf8036a60cd2e7fcfbbce4276c6b1d8a7,0,6918.768499999999
c25e9ab7264c6a0a4ded41e9f19f699933675552abc874d0220043a65bb8d383,2,4762.472
c261bba8c1be3d0f342159d98ba4104aa1bccd1d9f7f92f1e6a641507a8c2231,0,1955.0970000000002
c268f6a9fca9e53e7350b379aca71f3ba31837b0e89dddfcc588a8d6c0790a61,0,13486.617499999998
c26c297f6aa8a504ba5b3395251886e39d121d90debb499a648f5724a98e9027,2,15087.264
c271eefe73c4563862cfefaa0e6ef6d4d5b9863cbbb16fd1320538531808c640,1,5945.326500000001
c276665de226910b536572d17e3633dedd9498241415779575f175ea568f01ad,0,4321.509
c279a6a7f5216d14fa78b618c73e52f22da05a6f8a5caba12be07eda3ffeb6d0,0,3170.3045
c283abf7555fcfcdeac315b456ede88b65718ba56947609577750a282d33da40,0,1304.5475000000001
c287d1efe82cd76a0e621f53144089c749feeef3e263427805b1da7e63496cfe,0,2989.7135000000003
c2896dbb247c985683855567d331ca3fb3b3e351f85c0509d3f6e9194136827c,0,7845.1990000000005
c28cdf0f9b91c4231b67895dcd974468a1db720de274ccad7a5b2aa24ab75f3e,2,1509.862
c2a5c75b97f1149e5b83f5673d0afbf8e0ea2768a4ee2761f360df66afb1c00c,0,2176.0649999999996
c2a7a7307d695eeacf5db7f594dec585b831b67a5357d2855e5f616627852fcb,0,6550.329500000001
c2ae595db2b61018281185b8f7023b9c6d5c4e025a939b65ea73e4d8f1df01d1,0,6758.544
c2b8367570f65bcdd84056d341d9ea93a317fa7de18de4644718ba891c0505e6,2,4793.5650000000005
c2b9d9e0f2303b508f4d9748805bd8137e61dac7709f4509e4a93dd5bda49abf,2,2023.6025
c2bbc743b39cefe1b9098f67369a505a134805806f079cf3d91c34df84ec579d,1,1199.053
c2bf17cc0dfb2150954e5a96e6c81aaa5e598f8181b170ef2d26dd07578d4e8c,0,3191.109
c2cef2b5d750da7227b6bb0791fd2177cd0ab664884e9c77c5defef1b662f9d0,0,6425.8025
c2cfaf4aacdd6dd98d50e9d9f105dfefae7ba7cb190db3906a8da1ead70739d9,2,1099.4410000000003
c2d72170fd3bf678b27617f81fd1650b5e26e18686c57093450d284415597a8a,0,7367.1065
c2d831178283cf3c9b5701d4a0bcff4f595b7713191f66ca3350762ec4d1d745,0,4053.48
c2e7c4cef0af3f14421ffca6394a39e9886fa40990bb048c0c54fb1c187053bf,2,4781.241
c2ed19bd8389dd7a9ee865197d42a9615ef73c0327d4feb8da2ace83ac0677ec,0,1674.1505
c2f1c76a93efaa5d59bfd317595a68800a63d5fa3449e012a97dc44fc322626a,0,5973.2785
c2f82af7e6398617b9d389145e20ae4b047e6272bfe8688f550767644e7a70ba,2,2321.072
c2faf802b5ccbb53ab44ab57f493cf560d4775d5f37d26fae22efa92941ee60b,0,4680.585
c304aad69d59f6077202d60632ce6724e4f9e09e609d5c4c646d963bdbc9a27a,2,5014.2845
c3056f04a46e23008378038b3a6ba26725b9b9a394acf0a5202b962f4e49ad65,0,3789.656
c3060e2da79c0b70dc9068830fa22f5e7fcc393e65a45ecf90e89dd0a0e5a90e,2,2006.5815
c30759fa49327adacaa245455b4e5f732576f806a4372206491a79f596a88910,0,5555.590999999999
c30e67317846d7bab794770ab8e8254223bd48c5b81b24044b5c0ef727afe516,1,3245.916
c3271f786b54142b01cc5bddf67197a0908f166c74bf19103aa8c7783a125680,1,3063.3462500000005
c328dc00a2f860d7977464b6bc5b7ab8b9dac037f3996370ad32548972dc53b7,0,5237.8265
c32f4e92f5902ea9a44bbf0accd19cd12dd6ef28e0bf3c2e591a063b63a69d05,0,1931.7044999999998
c330ffec607f9aec2d414c10eca1e24f2e8dd7b7a366e51ae8bfe83d5e3854ae,2,1062.6495
c331943f741aac21e7ab8e04a052a54ade799d1f6558da531b7df7a2d9dbafdd,1,3583.5604999999996
c334515eb7722827fec61066e960c7bb527d2e78c8242543713ef8a54dbafac2,2,39.479
c33a2acd029a22deafb5a9cb7d6ff6c2ecc1f4c811d7aeabf23a6ea98cf9901c,0,3739.2550000000006
c33a47f3d1ec05698592752bf1e3dcd027c31868ecf05a9d06cc584404b665e6,0,1802.5355
c340f3bf11450266471336b2c7726fba4eca4fb82942f5be731b5514332a0ea7,1,1158.9070000000002
c353aff4e491cc743bc7efd4f521933898a9f8ef1f24a5e0095c97ebbd309e19,0,3448.083
c356ca690c6dfd97443b52404eb16e10f8c3a28cded7a4e410f8e566f156d2e0,2,6326.921
c35ec3fb765b9ae4a23d02b23705e414d69ecff307827696c1ae8f45c74e7b97,1,11977.864000000001
c365a522b610e12debff96628d999953be07b3bbc7be0a050444d77bd42aa50d,0,2046.1840000000002
c36a30bd0e01bec2e941bbbff1bb10056fa5e26eb3b3ad015a5cc32b45dde34d,2,1756.3964999999998
c36e2c8856395dbfd946dd64ae6cf8c06591bb498602faf45d787ad34b3b7457,0,9345.751
c37122044beada6172f398536c5e8755a2c6487629ab4b192a13fe4fd9de3b4a,2,12648.945
c3773c5898e17d9e8d98fb5752e3d1829b297167ffb2fe4a047e98a55bc33fab,0,3127.5389999999998
c378a969665f321ebe9c0466345b8924a4971ae325fbaec32ef4d5bf6c1edbaf,0,4289.9645
c37b7fbca18a0c9354907cfbbae63d87c2b18c6c2f1afafb2e23a04cf4a543d1,0,3374.968
c37e95d34b7214725fdff2fef7f020954ff88aecffdae4a848d096e5a3ec53a7,0,5145.54
c37f9171d96f3cb7c954b518b8d9af62da74f8d7b44cf7fce7474d37acd71d9a,2,4526.816000000001
c38471ae62f89a1278fcd8d63b9d3a1d439d1157ca1b8e8b71eed44bc8fa9bda,2,1100.4705000000001
c38541c961781b496103e3eb4ee56bcff1bdc0bd9fe15144cb5c5d46742f6de2,2,10931.919
c387b29a149a2b35a9a9f2b5a8baf0307908e002b3e1129d9166d04761b40d90,0,6927.1425
c389299761daa19858455803002b2ff4da9e4ab5e4c7c3fb64299b2c2a0baec2,0,6575.194
c39ddcc33f75519b1edac131dc29e351536cede167fc0cc568ecd6b4f5481b5d,2,10671.737000000001
c3a3c8d3678732fcde939d5d24cfc8bf16e06d71a66e880395c8e66c67a981ab,0,884.398
c3a57697c52036f54442eb5a511ff765322ebe11866be4c19caef568c2c127cd,0,970.965
c3aa1855c572d6cb27daa000a686307200ad54112e89f2cc183c4f4bd57eccf1,2,692.0110000000001
c3abafb1975c7bd55f2c83bfac5beb58697c6fea24849553936e9e2b28bf4906,0,1357.083
c3b671f6eaef62029c2282cc29acce64f0272bb2f235a4c40f6cb7c13952a003,2,3125.7695000000003
c3c4277f75428c5ddab20a73f90c41ba75cc4924dd355c5a14df80c43abf96c9,0,6372.171
c3c91595e8d876b4d801307a725ab3dfb153e3889229d1704ea6032b6aed6f60,0,3235.2715
c3c969580ae3f2426611a7e33f15517e3cfab983e2ec288867d1f76b16b9a0de,0,3353.147
c3e909315b94b5303a320984355ac540487264ee902fa4832f30b7fffa019e23,2,2045.8584999999998
c3fa1cbfe0f790ea6dfc82abc1cef67f9038131f5d272be8b82e77ae953cf2ee,2,6208.4980000000005
c3fca7d49d72d1bc56102f06c85fb8f95993d65de37cacde5d1a641e5df3db37,2,1802.8514999999998
c40672fa0e9903c73411f31eee6c796950442fb6394298c0a6d8718e47d539ae,2,3683.0730000000003
c40e01088f91337efb9d3576bc9b41d54218bdcd718d5486a49d5281823c775b,0,2741.0445
c4166e1beb00639f7d83b63dfff3a1c68d0e3ba3e87b73b8a8400075124adb02,2,3847.659
c419c0049ad82fe2e1e3a27098f7007f17b850fbe8c7e254f8bca837341dfa24,0,5744.565500000001
c42194693af3d83c8b25398d48649b36415d704dc03b38ec34b59291c309325a,0,5843.045000000001
c4251685b8a573d8b97d2319b9567e7cb262ed9a9bac8b1ee3af78dfd7d69e37,1,2383.983
c4256d26e7d05573ad1a166bd7deb7ba9cd15082fcf04fdcff92349b6775b096,0,2693.5135
c42c0925ce59ed47e7a7b93da8849020c913c3407f2957011724abb25814ae75,2,5253.700000000001
c43098a8f9b21be95b01ec86397dbd54536b984611df6db487af629a5ad1bf0e,0,5522.025000000001
c442dc251e186741d5805863d9b1cc7cf4697053dfc8f3bd2480a512020d2ede,2,2147.3715
c44b1846fe4fcb6542229fac4d715be75811270ee1c5c1155c2fb530cda281ff,2,2636.8089999999997
c45607098d01aeff0a0912e999790e69c05fcbf704e0cf4ff779c2f1a6426067,2,1992.0375
c457bb8a29dfc893eb3058985879ba83c49d3de1aac5e30be31975534023d7ca,2,1571.736
c46af14834a7354d02a03b754da928feef2b4ecaee80eda25f5f814b903f2eea,2,18064.411000000004
c49216b6fede4e376e3be4e7d422901ae2d62e7879b2c49f272081370527c8d1,0,1199.9744999999998
c49baaed37eec119903765b1828d3c434deada069919102535fef789461b2863,0,4449.7115
c49cf08f417f7bc0e21dc924b16ae876a61918fe4f194130c4f393b755d7be83,1,4600.8904999999995
c49fc8c4263027a6c7e2602c68bd47078fc1139ab680a5c4bb90db032772036b,2,4668.733
c4a221153a3bc6c945285c74320f31b0ca384f47f1354d24dc5602f565511f83,2,4437.7445
c4a89b47a69e39765e8a06a1b911688c0e4b644ed30f48e5321928335ee29ce2,0,3513.7405
c4aa4700a2d57a111fce11fbc7ffb6a8df0e1aea41570c623448f63515b9ec43,0,1457.19
c4aa5a6c8c14b20643d843e703539a33a84b276cf27aeb1561bb18ecce522cb7,0,3856.2515
c4b7337117beed1f7849fcfd099151f86eb9784ac1d17427e6518c0b88b9bf10,0,3104.0969999999998
c4c1f2cb7d9f673ae9074199dd18d9f94f8d2c2b60f69380254a7ac632541bd9,2,2553.3945
c4c4a09c5e199dca33895d2b865e4d60f81d828791f441568c7cd7915416c74f,2,5059.726000000001
c4cee1f6fcae5de5b720b1daf62d8b49df4001e023246a8da925929784a71fff,2,952.2269999999999
c4d3cf1bf386f97260734c315fa04adcc5238c3522087cfcc61fce0d0fe990c0,0,6680.8595000000005
c4d97a7169fe945b544020b9f1842e149f24ca0b276c18790f35991fd27f6e0b,2,3128.6505
c4de1aa9a10e75533ce69846b9311d137c639800debda87a323e92e7af675aaa,2,5628.914500000001
c4e1cbe8353dd3353de2a06606796ab8820fd35170dd662b8a49321f1981297e,2,106.78999999999999
c4f09e22c694d6e091b6e143264f88fa35c7c609785dbcb7902604e8d6937d7d,0,1949.8220000000001
c4f4052358549d82bab89c26637022a1af1577b1a3e4635d46125aa4df1f7301,1,4705.2485
c4f594375f37ef2e21daae4281e5defe62d3aaf22ac7d03ed71d1725a5766a68,0,6320.9765
c4fe4ea3657d0d7a520ace6e8e89f7bc95b6f47d83351ff6dc28edd3f9c77c9e,0,7998.8375
c505aa7e0e06c9e9fcb65264df4580892e643724e47376e740b5dad15546f260,0,426.3005
c5083c70dc7e659e593474801bcb7683f89eefb1c1b880f7ad3004fe74762445,0,2764.5924999999997
c50899aa6593735b5ddde9a7fc670b46c02d8cdae86ebaca485b563bff445120,2,8274.5805
c50cd1b9af8552a64daf3b0610f60c0c4ffe0d9cf5a98970478ed1466fd27157,0,5252.2485
c5118460cea6b615cb803b4d432c4503abb9ab71956dfdccf433356bc2793343,1,31632.5105
c51c4f7833834b8f65f834afdcfa51790e9a7998a6a0affa910a1ffc98225156,0,1816.577
c51f62ff28602c9e76e030249e349722a6c2b974a058829a2412d19f7efa6ffa,0,1626.4705000000001
c5384c15c7f1f12b90cbc3fe4794061c9a5e6f896bc40d5a734bd5f09f8417a4,0,2288.721
c53c38b7bad5d9a0e6365fa99e31be7de6a91b2a18a9460cfb417c988f6a95cf,0,6362.380499999999
c53e8f8d6b1b8f13fbed81eaa365900c33fca1f83130bc4183b19db89fb8ad2a,1,3835.8445
c53efca3e62da6a91fb261d860631fd0285940a79da8b417fe8b6c87734ff2be,0,3194.16
c5476daec6e239e7df39138888b7e1a939f13e7c26006782de4b5b23c265be76,0,2666.48
c55dc020aa4ef9b22b75a165660f52c870933c3e936eb888fdc682ce4d1ef57e,0,12409.5965
c5639e996994454284af7ae0f5f4789a191a71f5e67ba227b1612c4a1a00fd8b,0,2947.4145000000003
c5651c9c00534ea984249ced79cdd607531c5fe2fb0af29762bf9c851a52e1ec,1,947.5395000000001
c568cf46a0bcfc9d856dd7fd5be167aed06e812ccdf34dc82608daca75bfaecd,0,2131.8785000000003
c5754f5f6b259e73469e8f9c02cd5868e1447e030dc3eb3ec2cee90f1a29f23f,2,7939.808
c5877cb043d2124c8bb4c218833ada1039c741ebe00c0ff7c0883888e5aa5d7a,0,5200.118
c589a1be8da37da7108e0447d07815b2a4f50c8665249d66547cbd83b41bdfd3,0,3551.4660000000003
c59cebb4abe51f43894709ef7b3ea34421d42e0940b429e30ffa2ae1e13d8149,2,3114.4325
c5a2f0af1566d527f4fa5bb57846c8f871ae3b17f56bbc439a7e1a0de8bb4475,2,470.9795
c5a4c4032e11496a042282c217b35860ad628133b1ea069bb959fe8647e002ec,2,6449.129500000001
c5aa0041edfafd83fce53afa3e8ee004c5bd68bc6427cab2e8669a60258d74d5,0,3091.5789999999997
c5ac19fcf411756900409fb2f772908c925dd6e49da1576859be2bed43c4745b,0,4411.9685
c5ae4de719f3089cf65823641a26c2a5c91bb14852797e8c82fa8b660ad776a0,2,400.1865
c5afdff293ccea80e267e2d5c6b972c8fa2d6ea394858f9dc8394094859d849f,0,9571.2235
c5b309bca41538167010570a80e1e809e7ae117d1595b2d8f5fbd481f5c3386b,2,4827.705
c5b7351341801ad1b946d43097c5dc2e172c82e0a8e99097ea53865114cc87f1,0,1417.1075
c5bf3c6d1b0e8cd12ecfb8d8931f1559f3d1448f7f170ab39a8986e798a5e92d,0,2501.6017
c5c24daf32d0ab438defe559fb352283a279585dc12f3808596482fcf02b760a,2,1470.936
c5c3ee996a9e5748f32995cbeb5c7aaeddf2cd6ad6339b5c5335de1d810a648a,2,4104.907
c5ccaf23a4d1027e3533ee0c73c8617a953596d8dac1861006adcfa15b3aee63,2,1828.2959999999998
c5ce8ec2327836edd5c29f6866c1a96a7b2309baa56f9bd7f7fc9c2e376aca90,0,4342.8295
c5d14f07bee1626c50c7248743fd8b3cea5d10fed18ad393be45db4627d7dc3c,0,3045.9635
c5d84545d2a682954a325cf7dd5753a0126ffadd8523ada9ffdcb54f1f5103b5,0,2513.142
c5d9ea9ac937cc222b1ae164596d8126ce99de113ba8fd1f3742a2cf3461fb5f,0,6130.2695
c5d9fbf0dc5a3a7b66abaffdc0802b5d66237ad23338290f6773eaa6a5b85737,2,680.2315
c5de11f05908ffb306a6c6ee5b9c451104f075e1fb2ab858190a66e097f11631,2,2016.9305
c5ea243df8afdc6895137f367800488183519415f811230d0a609debbec8a919,0,1963.0715
c5ee25c91d9788072c215e88c0bd27b4f6b94c0a9111c1ed1dad12662daf6f40,0,1281.9769999999999
c5f7756aa597daa176541daa67659b0252af9cda13a529183cb5312a49566314,0,2340.7795
c5f891760b50a4e33f13a26bffd80aa5e628953b6b67b4a4ad398d6d38207105,0,10330.0285
c5fd9c5fb46e7940cc605c6f18c70e9d016bbb74155975d5decf337f9d763140,2,4745.595499999999
c600f7dce304b20183fb52a3704335a8d57885c12ab676154a49ec0aaeb29b64,0,2748.0724999999998
c60dfbf3c8db2cca388fbf9cc0f8a2522e7b494c9e30c63ea7ab218763c7ad0a,2,4359.807000000001
c613d14d61469260717c7ad9c7e5368432e9d7c284b951d7e3fb5c74c016cf46,2,4743.498
c61e81fb0ad549c02a30fd58e8822ae3834d1df60b61d12754bfdf86a4f7b896,2,3068.9759999999997
c631895f95f79b9837ea3f09254a0ded35c2c236365b6e903ff3b509aea5b78e,0,3262.473
c63b6ea324f5188b0f79683305fc7dcd18d2714e2fa03247d986a96cc705f60e,0,2471.958
c6426522f7bc69e7f56470df6779393670ed0f2b67bc9b8438f507c226be8136,0,3475.948
c648adde6a1f10fe38bcc40c983f4b8355d99590cb6970828ab8a60667b38b5b,2,2823.613
c649379b55b04fe44885ed3c95c35cedb123388742b52a6af6a03835df5e9dcd,0,6555.7654999999995
c65736848926e92857cfad3cb43762dc2ccc9a63d6eb684cd4788f25d3e2d101,0,482.754
c667bed06136031977da6aa916887f65c12b0c90f55e048e0758961bb0daa0ad,0,2045.1455
c67182ee7d5214be6e07e5e8b52460ca2b52b84d6944e8a43c62961f3c43deef,0,972.923
c674e78b4c76767832efa4691110401d731a1954703cd3edcdcd96832f97422d,0,3059.013
c675d014da8cda979b017b48897486b876c32690380ae384ea981e028dacac5e,2,2502.9615
c67fac823543a494f8bf96625bcc686fd031b1c235c3935b6eebf28368f0b3bb,0,4026.867
c681a504e0a9bca8a1753d11de255864c7090e72644340f99358b8cf4e7b42bc,2,2287.4900000000002
c682b3874ceeb814a546066a14aff178c0d179763b0367c388d7788a5c4b7491,0,4975.683
c68e0e4921d007c0783f76abd95364e6d4c3087ef1aa9dc31974947ed7162954,0,3151.7565
c69077586b641169cd364bc8101559f53624ae08cc0f6ef964c405123ab2b070,2,3860.1845000000003
c692aa281ed11b6def558021a792e4a64f6ccad809abcfc1b45bef9bcd56dbbe,0,2540.9525
c69368fe3628c49aea0ab2b6e353b493fd19276fb374d77f1fddda05fcee90c6,1,12547.961500000001
c69a81054bba6a6f74794188cea37d1ba04e93c594eaa6dfeb035f8b95721bb0,0,527.87
c69dbff2c648a283920f7eec83c063446cbba0d29cd3e7addfee2d401de5d6b8,0,8929.3455
c6b0b3475d91d8f8fc10448047445f4fbdcc53dbf382dafe005d3e3f35b44d5e,2,2670.3374999999996
c6b377e116290aaa1e5746461a27492bd5baa24fa75feddd4de551337e18da2d,0,7035.559
c6b5f4313d8f082deb3efa0e96452d39e8989b9c4a118450f44b140300a27a66,2,2105.047
c6b67ff511a5d62698b5ef87fb2559ff2fdad0185b71b6ed854a7545b5208294,0,1038.105
c6b87bf25403ae6f51d43a21de28127414c7c5f442da70aacc13574333f7c01c,2,891.528
c6c85341de649d1e9438500ba8672d408333b32bcc6c9ef59a417e5dc10a6771,0,1416.6235000000001
c6caedcfcbf95b2d674b63624338a5e3de6b68f3f1ce5bc0fb67bfa364b74797,0,6828.2905
c6d38be4f742a7455fa16ddf95a989be632cdc09ab0c7be77403838c795d998b,2,6263.2165
c6d7a0b986623075bf71df30f88a3768aef27269c79fbf84e512f39a5af64947,0,5155.7705000000005
c6e02c4b0334ed27731c9ab0ef2e93726809a69a3adeb358fe68a2c4960cf425,0,3602.617
c6e242a4e156fc8e067bb126158aa7790e4a6d7c65483a530aa68a6fb68f975c,0,5511.954000000001
c6e7b9b494747037a96a7d67cd32905877eebb4203d932b5fd73c5f61fde8020,2,3933.822
c6ed5077c6790486e95fb735d81b177cabdda055bca60cb112574ab328ae0b02,0,1949.8950000000002
c702594f62237506a7af0a34aa3d8c7667f9fe7db2a116abe524d56f7682a7e7,0,5157.424999999999
c70ccfa31aaf26026d4f4cfaf5d2dbe65be5908ad6d55a90b3a3a6c75bb8c29e,1,23303.479
c7122cd6e9fb9b1d2e8619206c581a62c790dfef045244804154ce7e31aba687,2,702.9890000000001
c71d63ad9e66b83bbdd3b4676d99c36a2d50dac2a78fd2b1cb20a8fc0324c6ff,0,2391.9845
c720f73906b7d7d1bf0ad744e0b5cbdc228ce97850d87d03c26b091e591f456b,0,644.8015
c72849718414c7918edd5eaf6f9a4abcdd5632b7c75df539e6b81609e8f972ca,2,6315.825500000001
c72c0ae13878940a1961e0dfcf6d5165c79f6e6af9b2ab8f223d177e1f05bfbd,2,1063.7775
c72dcb0c9399124af8111f0e0000a074a0821a5df7c06ce17cd8a29e3b3e036c,2,1189.7325
c73f031c74d46004f358a0e131ccfa62cde8c2e602fa2b275a7b71620a861f5f,1,3685.1830000000004
c750915aef239e6385c1648ed9659f04fb34f0fbb7f3857b319e694a91860fdf,2,595.122
c752b7cbec3754a74741d1e090569944447a12faf8380728b6e706817019c606,0,2841.112
c756bc36b8118787542b89740b271046275ed7804a52661c41cecf8b956b7a71,2,6193.1435
c762ffafa62967ec09595e22ae7bfd9170f007efdb6e189eaff08ec9214bea3a,2,7127.4985
c76537a639fad5b14613a0d9794856e3e552b7bfdaad0b7b88f659aa4c5fe54b,2,3514.7140000000004
c7684e20c3f8092a473e14881fa3ce9fa834e4df79ccc01353fd33e0f61a6dc5,2,2064.2875
c76fe4feb9e067175dbc1f05c64e04eaca6e756e78a71168fe814f7eaaa12cdf,0,9506.396499999999
c7752dcd1d2d90a36e6aa85c8fd1e3da1bb67e21a50712317af5d65e8ea6f30b,0,1029.3174999999999
c7798d953b9266afbc2fe3751d6f8a6b85c281b23bd7af6de73854fbaddf8063,2,9728.2565
c77a7fd85747bbb48477eb41b32d72e7f2103e5a8b48db99a9271914eef263b6,0,772.8225
c77e444b60354d64cf3d6c84e3d46b76593b7ec362fb15c6f6f13581620bc521,2,130.14950000000002
c781822f08bab23f7c3a20ea26e5d7a53d0946a53c05ce1ff9bae573e0aca64a,2,3582.599
c78a41b1283ef7cceb6fefa486e024e19e66401b60cc7bea025dd29ba94fcc0b,2,3661.7900000000004
c78c4df8dc0b96c725f4787aeaea3153745bac63cb4da0be743068a7c84391a4,0,5668.46
c792a4fec1c596d3b68762321df6fa665299e0ba6a4c2184a96fd9fd1ce901b4,0,3261.8390000000004
c796e3b1662f848663c283b9cb6b1edbcf9293fa79be3fb365d7399ba02fdd67,0,1866.193
c7b23e2dac90b4e037f79d220767557b9508665cf9c2e2c28676d0c69593e6de,2,1782.8505000000002
c7b38e5b0955ef39703f57203889af7a71759f1d3919bdbe0eaa93565d136d2b,2,3332.168
c7c2dce0eb5c1b62357bcef44f975608f055a8c535143dbe34b4a4f9a1257197,0,5557.7405
c7cad56c4c4ea8df2f976a1fc7430961085d3154ec8e6bc8ddb7faa79a347add,2,5719.087500000001
c7e16ca9a568ec9805b4ff704a7ac53deed242791d4db7c2924130ca7d300506,2,12513.2075
c7e6e96059fd164b563836edc8824f16308e6583e0a9d21be84b75ae5169b0b5,1,500.4845
c7e7820fe1039fb92212a6d685c8652df2e574a16e9d8d695528ca166d2ab82b,0,1535.8635
c8075c77a96cb0b3f2e652b34463def4cbd17f3ea00b6bc476acae255fa2cf18,0,1862.5679999999998
c808abfe619d2563bcffc8fd414a8cba5b371a2be8942eb29962acbce4ce8e18,0,3028.4010000000003
c80f89bde92d4da0b35829e4fbb49d61918b6db29d233b3d06dcba59bfc5cf60,1,3355.3015
c81185a0fde97b5a88b596ec42bf7838a4467e3abb11df016d65832ad68e7636,0,2176.181
c81ceaa811d6c142933ac4e3bf1d46d66e5234f6464f5cd06a5a25385309c870,1,1887.2815
c8231af30ccad158cced22e9c0e7c9cb18adf0e97327bd5035aabc42859a4d06,0,2646.5460000000003
c826355b6c00de90bacc8c22d0a264730fe65c6019e133c090a8330995f80a1c,2,532.2990000000001
c827407431e95fef9eddb4bfead37fb553e57f836eb43330e12c4bb67c8c77e8,0,3085.7254999999996
c8352d5c01ee92f52b2f266697be5715b91e3bbcb37391c003e2ff00c80db928,2,8890.134
c83cca0ea4102f4d3106e346ce226d90d709fa42df48272ef0ebbacccb39c07e,2,2988.5519999999997
c83e7f4518fa414b84844d2ea6359018c1799040aae4720bc0293ead363195e8,1,5648.387000000001
c83ef14e1b4a1eb8fbb10067d59bc1f11608cc949ec9886a7ab041d95e6b0a34,2,1781.603
c84e1e08752483b30daaa2420f382e35ac99f45502a64ff7e0619fa5b2eec208,2,2694.0690000000004
c84fceb0f50047d60e14fbdabbace631bfce4ea7aa50a8382d3ecda44431192d,0,2061.418
c85249f9214895f5dd008f127be68669bde6d2af683f5ba8be12e7ec89c5546f,0,2797.964
c8699fa0fd63507055d833e8d79d47e849ef39239ae37a5c0546782826c01182,0,11356.3185
c86e314be0b6dd2fe464257032300cafa5105c057f1cd8fc7a6fccc756a342ab,0,2567.485
c86edd1010ea99a11b9b2d5d58144964ed72ee9e7f151de2bc89a85c682e33c3,2,3459.1345
c86f7623e3328eb3ab83fdf468ed08a037bd28f81cbcd780aa1107b604492cca,0,5874.9405
c873d9e4370da7c806f9d60039b439d2dea35eddcfa3cf2520c7cd99107f2e35,0,4292.6745
c87678a4dd7d9cf9a3165b7b8f8e1bda2928272c0a66a2527679ffc5e68a6eb8,0,1890.5805
c87fbadd0a9cc0cc24598eca587e70d67ca243e974c3fe5814c7573386dc2367,2,3578.8050000000003
c8830ecd1656d3b7afb3ed884968cfa00ba6385d9516a4fde5700d311ab54a3c,2,5401.529500000001
c88c055ed320ce62588f69aa55b01f80677416c581ab6a8fab88000d7d358a40,0,2633.0085
c890d892231ba866369ff6a7a3d71b87d94b98ba4f5b3ade58845bcc309b841e,0,6137.524
c891528fd8717f11dd4ba5351f64c4d303002eeb085ddf6f2c1b3d86251ccfb1,0,886.6669999999999
c892ab7c25e7e1e51d3848c007df87128c003bcfcc179a3e63b8b662316f0136,2,7138.007
c8978a846fd09f3da8b2f3af7d3236216cf8cc7e8decc71ae463186dff14aa66,0,4405.8215
c89bce9a9c45f9282fa75c1e4483552240429930643768f23cacc5de36a6beb0,0,704.7539999999999
c89e597234815b4128f4816f27e3441c1612107585ef245e2537f51b912a7db3,2,1342.0240000000001
c8a21311269d2f3d366090b701506f04afd9b2aff80317d1ca949a72dfb50b12,0,2015.5314999999998
c8a43a01f127012ed4ad7a94239da8ac82c6cf8d3af9923e07bc425598d26341,0,4808.395
c8abbbde684cd6ac7e8c07fd842094f4996298f42267a57220637ce66e39eb69,2,6719.3205
c8b81a218940b15a143875e98dcb8870e7fe26ddd59995a964a4dc27e4244254,1,823.2765
c8bb7fd05e22cdf72cad7703b15e7e28ecbbf93c8b044b41ba8e8740d5c3c403,2,7665.165499999999
c8cd210de5e1dd7d05e195a3a8a703a9b8c62fc83269f63cba38ccd0b45f9187,0,2689.724
c8da91081d8e7cb47d009fd5c568272136c1f5820270fc783eafcc67f8e61410,2,28717.468500000003
c8e39154a873b320593c05781fc048e4fe62ee2876fae7b16ebb0ee39fee55b5,2,2402.9015
c8e46668fb976a8ebc8a609f13778494fb3e0ef9a6eac63f908d6701e682505b,0,4971.448
c8e6749d1f60bc4df9d43a32c26860383e330665c2dda211b8cdf75c2dff1f81,0,2341.7107333333333
c8e9ff0c4fd4b382e488d1338ecabfd5b516dd5a50eca541cb21ec39e9a023bf,2,2266.6135000000004
c901d38526ff1f5de730d66bffc5ec0a3c0e225531c9b153cd0f77c45ab4c674,2,5532.614
c90e98404c26d7e647a30396213094d5a9b725bf9a189adfea2dea39b3de8a04,0,1380.96075
c911427aeaebe05b74cf7af9ed11c984be6afab6eed1c59573c95d3dcd04f22a,2,3131.754
c912c798181a6a0c4d6cb3d8f4722cb940beff4eb82735bf553ddd0224d7b21f,0,2877.5854999999997
c9133913cc8073b3ae04aece1c140aff032a60073e4d21a76b1298eab719d485,1,8010.258
c9168494d88e692d8f147382439af9626492883fe3bb8e56955313eb6b66a90f,2,1576.1195
c9189b07396cf40c601212a2fbae7f9db421a4c244940a5a52a2584902742c19,0,3268.88
c91ff0326a58ca9f6f332699625eed39e6703e5a4fc227c638bb5ab28bb2c922,0,2668.7705
c9302405058ce2123c73cfc739d1b1487851c5e57ac1f7784a513a42209fbd4c,0,3000.308
c93d43a37d7732480582d054e94f2ba8368c8fb9ba2db663cc0911e897287d9b,2,3641.3655000000003
c94b8971654d8c36a8ac9f60c9e3df456cb9f18e3c196365943ae047d8d194f2,2,4752.746
c94e471ee7a787d7ddcb959d847bfafbb100f0b689f23af9b95edbbb0767198b,0,3511.0725
c956fbb9c0a7a46cb9e314c126d97cc8da3d646820b4a66f88b64da81d78ae9b,0,4085.139
c95dda68bbba85628a8b12b0bec05a8bf6eff90ed644a5178bcc14ea568789ea,2,1551.249
c9619a52f3340796c74d258d230939726fde01c708d1c832336f864c109faf46,0,2674.054
c9692769a105650ff6bf73d6e4103ddb875b24ddb710592a23a79071abbdad0d,2,2515.2545
c97287599808382e184c23673726b5d9ad3b42da745388cba056061511173777,0,348.69550000000004
c973d24121ba0a4c70144724debf6acde0c5367d1c9b9108c27fa24fa0b255b1,0,1583.6585
c9740f99e2181659d840a112e99b13ee6f8f186ac23ffdd24408c32dbdaf6a47,0,2587.9905
c97567f064f20e3c0eac2ce2515d6bf58000294503273fb9c9ad2d85e50941f8,2,2598.669
c977c77686b14089c6674b27850540ad8da7ca3a3a9465947bfcb2029c1ff595,1,23861.6625
c97abbb3e0e212b6d4ddb83fd8e60908d1156d8225ae2ce1b9df676c29c19132,2,4386.085999999999
c97d7353b2f4fa3007e098e7b2126a8172e30e0aa10df4fccb8f40e5b812b698,0,784.3254999999999
c98aeef0b144c5ce0fb6a626df8f689579ddffc65230fbd1c4e4edd75b713aa0,2,3384.806
c997e8c8d65c05a628b56524eb33fde61a658b3f1044aaaf0afc295dd2573099,0,2333.0935
c99ad51415d8338244b644dd04a63fe7d85d756394d4f170fd0f29d04070dbdc,0,995.2225000000001
c99d57a144cbc0b44a0e806e989e3271b538212c30ee34cc0bde1a21900f744c,0,4298.462500000001
c9a1cbe23e588b5c7ba36a83a8125e33ec60c094d13af1aef31fb05f816048fa,0,1810.8295
c9a5bff6ab79024d274f4c12f6622fcc2ff134023ac0a307e98c7b013c12f70b,0,995.1210000000001
c9a805eaa1b0fc0e694ebdb91bbebe907c18e3f98a438b83fe4eed9b6847b1cf,0,6563.6625
c9b55b058459aa955b60af081601c5975152c01670a2fd0936d4033c3aa908ec,0,3298.8505
c9be2e5572d5125228e23f2fd38f76e2e8d04e9604e924bd8d6e47623947a4bb,0,2047.9410000000003
c9c9a91b23a4d14c76511243a816a9fb86fe03a8d2c23dd5d7c1b6207549d09f,2,1116.968
c9cb7bbae3e8b310a215f8df0ee6e1da05c6cb0a1816dfdc9ad444115c52e51b,0,4401.141
c9cf25d3b0343eb15745861cb54f0f4ce43630332f32469566a910ac55ee8309,0,3201.7055
c9d148c578c333485f67f753f3d01f1fe6b3ad91cd24019dd4382264080e4e49,0,2032.3514999999998
c9d252398221c50a2a239e80e0a90594ca5a440d38ef5f2ac89c0d753b5f8a3f,0,4475.225
c9d5523a8e8086d1517f87bdac822fb8f9f12d53a732c2dea847bf46183edca2,0,2535.7445
c9d78b0f6524fd41564bb7160ed278942fa08a4bccb22c89b1550577dcc2b2ea,0,2358.8625
c9df338edfce568abe8b76374c98301a588bc00cb651dcf57cab61257816dcd3,2,10955.550500000001
c9e5f58bf155a9ee0d4e925c55bf178c744c82e358d19c1a4a043d86f3eccd09,2,516.6765
c9ea4b47a7a0a486159c631d3c8fb735d484f5428d0c031f9a8fc8ac2f66646e,0,3194.3719999999994
c9f3e3859d616acbfd4d6c0a82dbb73a516a972fd9678d7491b3102b7ab8daa8,2,5361.099999999999
c9fb69bca60439b06b318ed753b95e23add898aeee38594b2e70eba5bffc0a50,0,3788.6755000000003
ca101571fffe4437d62a9cf603c262c536e58b7bddf68860c6ee81239acd6b45,0,3212.8990000000003
ca14549dc0fc7753fc75f8d5826b9b068b9a23d3dc209434c85dc03146ab9a3a,2,5841.097
ca17ae3e9f29e4807eacf155e5773eaf8c1ace3ab56b8d865bc928183b604d58,0,1907.4035000000003
ca1fac347a397d979aacaccc2147a9990fb1840a810764291a4236275b79e10e,0,5622.8234999999995
ca254ea2367e7ec79bd73ba4f54b58a8d502f4b86198a8863361c0b58f8c8c90,0,5385.145
ca2bcccc4acdf6a47da0dc3234a959a62abd24b9268394fe252dbc3e9adc8432,0,1417.1375000000003
ca2fc7c343b47565c16e9aade20a48ef77c6e8a5aeaaac367c93d727b077aa22,0,2793.9809999999998
ca361f9078a21cd34fdc31e908e9cac574b1b87ba1151760ee97effab1e4571e,2,8607.7325
ca3af71e2cd48fcccf76e2e7247c619f8b7146694921bc12b20025539eb0bcc5,2,2950.0550000000003
ca41e6bb313ddb0cbf806283fb38237526aa76bbc69c4c485ac3819160cd8bc7,0,2792.3244999999997
ca44a25c5babf895f85978f3eed30010eae5f7ef7082274daffbc99069aed7fc,2,4840.8225
ca4fcf3f598b55e3ab96e138a31b2afd329598be9c9d28a18decc1743e0f1e13,2,5642.1875
ca5132b37237d5035f7731e0c9b76fa6381c3a3e927c40bf75c764d1da1c5190,0,1044.2050000000002
ca54850add613a55832e71ead14a67344bcb51398f4fdf94ed1473953c9b783a,2,10607.2485
ca5c18003e72072e941eaeb4e3d6604308a0ec612a5055e8f450a6d18d0d6e69,0,319.5835000000001
ca6a063e1e798c78430991db2d1e079ceabc3904a68fe178120c6e41cb0e7b0d,0,842.378
ca6a21c9c9c25953624e1854c36f08f0fbb831c96a98d1c812d7aacb66f51a2a,0,1905.088
ca7a44cd7c59db1f481d596dac63a253fd259bbfcae68a3f847eade697c417b5,2,6297.878500000001
ca7a8cc97ee3998c21b2cec53e9f470de66d09424427951c6d47ad93f624e074,0,4492.741
ca7ca6e5a06b69bd197076af53368b23a673eb5739b2c3b9692d4dbeb8180977,0,3076.0975
ca82c3281030e857faa67547d8ad7769800c87b0bcdd998628b88e145c06d239,0,4390.911
ca85ebc851da3209889baf89bc973009e80e2f792dab85ef62b01133a9f26c72,0,9938.8755
ca8738e23c082ddb41b3b0b1718ae659a391f107f7400fa4099429f0a49d234c,2,29216.672
ca89c6f9d69bdb5c3f8081d6cf7f205c151988e48b7fed0512f13af0422b6562,0,4392.372
ca8a215635c3fb41b13a310521fb743e42042421ddfaac4590dc224e0a60fcb7,2,1778.644
ca8b877ccd04db716df32187b3aa27fb4171467a70c9c88416058fa4698bd7c8,2,777.3265000000001
ca9c82327dc17bc7cc4fa5e951248cd664689de1ce0cac6ee3d665a9937d114f,2,3112.7
caa2063cce14eb3a740d270fead46c028ceeb3422cedaeaaca9c9da11748fbb7,1,7483.523999999999
caa39bfd24171989a2182e3553db1f96813b7bf888cba281fe9500dfd6fdfad0,0,2773.485
caab1aef5359e1dcaeff849ec9fafdeec21221731879383a4d40f81f2e15c67c,0,2313.946
cab243dbfa542528550d1570f631130d757ca6cd901c38e0c787c7e25b360b42,0,3582.5319999999997
cabdf08e0d5e18a76164eebec6d3c53a1387b854d9a9addb411dd8301c18f12a,0,868.2525
cac5f2d12ea087b87c07eadf14fb5df03d7e5e3794702337e4e96ca5a0c1edb2,0,1122.7314999999999
cad39d6e2deed25e7bf10aa482da55869c9953a29ecee0b1ba7c4125dfa5c36b,0,5488.531
cadd71439db7fcb97f23423b4d124d0eae5efddf58e5eaf3e44fb20c7165ec16,2,5456.651
cae235bb28842b75941f57812d08f0a41674a3149ee3613bb3b8fde27983b0b0,0,7732.1314999999995
caec025a8c18249212d1055fbb1c34498d00d40bf1333eca73769c9a77c68f62,0,3250.6515
caee718bdf4d8d5fc368c0277ef12c53a542e6e6eb7c41f3159c5799ac73970e,2,4458.942
cb0475c43d6a9b222baa9c4f268e4b90f067ea69f81d63820296b96438d8764f,2,2580.566
cb11fe0ef857eef7b02a32698a160c4528229d5c8f32a6a5e60b34cc9fd85f5a,2,2852.612
cb14c19bf1f317ca722d90daaf290ae7a8a73fc811567e02534970fcb45af569,0,3912.807
cb211906a261661d1a4dba09c375194c2f73db719a12c8295921dfcca1dc67f3,2,5539.418999999999
cb22ddb5529830a502f77524898925836a4a7b01b6dc93c5abedeab11a8c1371,0,3192.6054999999997
cb26966fad50fa3f15752e47d77bae8dac3d9e896d83902ed857dbca4b85248b,2,5686.05
cb271fe5d3fbc5b117134a6316d2a5289816cb4afe69095ca02988222a0eb426,2,2978.596
cb27382eaf04d5506e1d878f17529805baf06e734764818513b42ff3e67c5255,2,84.5215
cb2eac2660eb15244cb14973c03795a1118f67dc3b95748e1821aea4f4e38ad9,0,2377.667
cb304cf9037605affe13f04353151863b070ba6b879f85ac14fc1ef290e63e8e,2,1130.944
cb3f8eac1594e0df42c7076d10da1c0773a6fb07f15610ef812375e0e982da3c,2,3550.249
cb4a2d10014a89d5ea361d36b6503f66cbf391993b78431ab0e4cba2d8ccdd74,2,2628.6475
cb4e891586183cff7b78c0d636187aa441d5766fbb5006020bba48714eed3005,0,527.199
cb54cd32d4dc7afa24a9900e37c1d936b08b05e57550a581384ba25827381e05,0,1007.4150000000001
cb66424d792b5156b22bd0b9361032315efc3df525bbb54c6f81f516e1d8207f,2,3254.619
cb66d78cfb1b0a4f8cab9e83b9b92c6d48482d935e5376ff46d5f970299cd6f3,1,2716.7535
cb67e2e3b654daf0e308a8993b4c8594e0bb303c6638e6706062e907aa435295,2,4977.6185000000005
cb75de7049f7c35787a119ab52e181114a7a565cc9400e79cc361a703f493a51,1,9769.048999999999
cb75f33d4e7a63510df534d0bb44fdb6b3bc961fadce434adc65b512b22a9273,2,9753.713
cb7b40c90f56e058eed27ae2c13cd8d054e93852485e919d975f5fc896d9146a,2,2407.1895
cb90e724f63ef5a6fb5b8aa4c28d5c0979b4b24e78494315e3d26adaac62f53a,2,2612.8064999999997
cb936e96e888b12a6f93f2f3b37830774b44bc8f45017f081e79d1726041776c,0,4605.9929999999995
cb9937a359bd3ee668a8789ead9bc358c342f416b5cf670bbcb30096a721f6e8,2,5089.211499999999
cb9c7906e2316d122e0a68404c37e002c4421755e851b449b3ae162597fce7ea,0,2183.5780000000004
cba1c84a0ca5722a82af2a1aab1902511139667c8b44e9c71a44bcc5c3363f53,0,277.99699999999996
cba5e773743f104a7a692d9994c83c2b1134411b1d8eb6b2235169dbe46d50c9,2,185.478
cba79cd2b49d966969acce4802c28c719f7c754c1ddbf47fa557faf57da0592d,1,1077.2065
cbbeee5854e7067543f4ee0b706e3d338360e524a22899ef25bebd0971a484d8,0,4711.029500000001
cbc684963d71002bb05e31e10b5b1f5b0c45633b21322c3422e872b8768fdd77,0,5220.5335
cbc8e3813e88bdf083abb373cabae8af8c1e8558fafe67ba2c59e0242c112b7f,0,6365.366
cbcbd248702bdbac6b0cfeacae1091557fa743cfe541d8e64b4beea04ab1410b,2,4412.0935
cbd0bee08d457e2551fd17c97bb5d72b915ae19e63985b0cae3981f1fcbd5565,2,4399.4555
cbd3b985976d4f4fd2c61a7afba2b93ce071a54e900abeb8ef340d89da865633,0,3488.4465000000005
cbd47a5a46f39d7cc0b956472fb92b3a80c3d9060aa307fa798ed5487694e9f8,2,7092.9525
cbdb72ec71185fb3bc705c0b2ea61d4121eeecb75972ca90f538d0a106f5919e,0,5182.0445
cbdc42ab6584b20c04bbed183187f133a5ebe4311d99fa90258dd7ab061e98d7,0,5203.6990000000005
cbe0d77e495e4392db080cfe87e3cbd8176ede9ae2eea0145204ec3c37a678ad,2,3276.8060000000005
cbe5aeee33e2c5dde05b0203973101c9c55d519e56d65e305a787c0b8d36176f,0,2667.3185000000003
cbee73c109f30c7e1cfa33472b870bd86bdaf663c87e542aad1e1748299ce095,0,8428.6595
cbf2309cc06cdd024f48ae9a6108a2cde7720ef6d6171b311f1cd44391a5b94f,0,3073.471
cbf563a0b25ac6ae4cf21cdbaa5d6d45fdf3b492aa037631425342d289cd3337,2,1618.3490000000002
cc00be7a108343e0cfc4c1859d5c3173046082f9b55d39bbf3cb539ba291e6a2,0,2304.2565000000004
cc187f2174a037671dc70ed97f38fa71e9b17d0680bc16603e848cb72527ceec,0,4619.4255
cc1d9f2f7f029f4438e5234b9237dc19b076209ebc6ec634735f5e48e62bef2c,0,10697.408
cc214a380bb5c426d8dece66f94fb15e2c26f852f7114a1f1f0cefe6143250aa,0,2568.772
cc2af356ebf5f4fb63b28e4a9ca7cb21d938dc06ca14c22e0fc45d8e8c60e708,2,1959.7085
cc2ca1fc0dd7c538f0d173703a1ca14d209891c4943409e68c91cb691ae67188,0,4631.124
cc333a8406c8c31ce43d446852d72ccae64a3ed0679f1dc544ddbd59ae249bae,2,3917.018
cc333fd13bccb7ec09e89d01aefec351f621e031fe82f8611b33ae262c5e6534,0,4415.443
cc427f9d47e56b98d031ebe6cc73327ddcce8fbfcf5f1db193a2a10283cd1c76,2,7086.854000000001
cc4572114499b612c26e5ca8700c93bd39813eda27a8dd934efccd7035313963,2,2989.0055
cc48ff70ac7c2937d200045630c3e3066efdb89ed3d05e6b2abe3038709bbd74,2,577.9345
cc51535d0b7dca48e491676fe45834bc18bf8d8445c1063d990b619f4468733e,1,1779.3950000000002
cc57d29a6ce53b980fa41795a53cdd60f45cbe9fe633d292bc1ec01cd1659219,2,4324.173
cc61619736a9cf73d636d5d85f7d2cfe2ac89f3b3f4248c100bcbfa8c282b3b0,0,8144.746999999999
cc6278262249ed60c60fa50ea7e15c9d0ef4c9c3ecfda96f37d3552a62466ab5,1,15801.743
cc666b5e04bb039e3967cff51f8aa2a51ba99d89e706da5938ab9a41910342a2,2,11540.589
cc71f7305e6fd5ae498cd4401303d54f2462f38f6a140b4aafea6f8bbf6f33a2,2,1270.9904999999999
cc76708519d6d163c6aca0259445bff13b92ff296dec8e6bdfe5473bed1cff06,0,1648.8459999999998
cc76907a6b41964d9a8c4cb7c6fdb91e0973f63c00f377be130e061f95fac6a2,0,1820.3185
cc7a6e57fc51589f4f03aa3b20ca9fb62cda5f139ae0abce042324d3b342e50e,2,1.7280000000000002
cc816b0a46529ee754c44ba5a498c1d00b42509e70b7bb06dd0fd3615cfe4f49,2,7590.279
cc8b298e1ba05f816014914ba04d9223489ac771edc51cc888e954ddae97cf92,0,5160.993
cc8de9255a39f00e9b1ff8ccde5c4ab73b43d75d87d23392d2b50e5406370a35,0,2361.43
cc91b97dea59dec3efb2610b92844b4381ff1d16de0bd5cc8b8b6e369910f37c,1,12352.082
cca426b5248f029c62d9d3bfef7ecef163cec57176a02f28db5d9491fc472ff6,0,10785.693
cca8e354ea7deaa6601005e8d04101683b91a753e538625662ffa43d67ebe013,2,2202.2465
ccb7b1a8c18cd09a38ea74670d9998b6c8c53ec04f1424cba7f5dd92dd014453,1,1165.1215
ccbc31bc434f5b780c70ed4e16ecc06a5248782122b7a95e4ea7f0d2055ed0f3,0,530.8515
ccbf75f4f3ddcb5ab07c38e0af7f8fbc70a280236ddced8d1295a677f8760d00,0,17516.8815
ccbfe6705af2339d42b554c15ad2386d29a9377ebdc55c93beee7f46ab7a2138,0,1082.857
ccc49894d13a64d401d5631b18e3c6bf48eefa4ab04ef637d1d5f3d1917c998d,2,2150.5784999999996
cccdb92c8cc41f65a3e89a8c06c702f3363ef03b6fb530df6376f82247f3c363,2,11605.8675
ccd65b6bc5f2dc50a81f087d9d3a30fd3acb8327923e5d0042fb51cd821c781d,0,2202.375
ccdd2d36d3fb542c3bd6f1ce3ddea240313e253fea41fdb701ebd98c57785df1,2,4181.0419999999995
cce66c76be222b1dec28d111d3f8142610521bc570ddd838a880270817b7cbb6,0,3554.232
ccea5f03524a318b05ca5323d110beba6d083440f47478c72c918eb00c278a6a,2,5277.536
ccea7f0ffee2a7c5dc6d00ae949bff496a51cf40a7b5e2c99a5dcf9ceef71989,2,4273.1765000000005
ccf25c2a29ab7e0f1fef75b25441c5fe972e184cc2e0282d5066110471ca9f83,0,5900.4495
ccf451c5ba914afe15527e3f899a4574daf76bef276871443aedf92444a3b0ad,2,951.5315
ccf80d0271b8567ce9690ef5d2c96c3f485246aaca209a37a2d0a723e1c1035d,2,10451.402
cd0115a056e488b0873a614cf73c7a3eb7dc3d769320f6b615e71f21c354d8ac,2,9005.8
cd0a0ef47cbf2514381a975eccad8b18545f2308386df6abd2533c9b084b0687,0,2031.5565000000001
cd0afbc320ecf40b11782abbd66ad540a23e542ab3bd367bbf44c688a64a0c32,0,3156.5675
cd0d34bc42da5aefafbba7383afa4a781de4a96ae0a8908ed277dfdaa85aab0f,0,2435.6245
cd10538939a6a9561c1bf10c85e158338cb2aa69b67560c58554f0b90f4fe43b,0,2893.488
cd1152f4f5bcc26011a714ce71e3f83bf006b5f819d2c73bc67f2627f5fd2d6f,2,1493.0465000000002
cd1997e4ef51200960e3bd98ae7650c39880f7ab1394658e95c36afc4db0acdc,2,2315.4225
cd1d16822196982dd8014574a1c90cf3cb1795716b27ba4d897457fa3de7553d,0,5615.0064999999995
cd2476f4b4e799416bcc392ae0621e72b20d734d3f31c05ee8da672ba728e2c0,2,6465.367
cd285c937112a57b5aaf1c2c8a990739dfc37acd730ea47e3656dacb2130c9a9,2,6805.598999999999
cd3912d4f1e7f92a21ba9dc2d47b302cbb86a546f52c446f2b7aac3d9f7f67cb,2,215.4595
cd3cf45ec79baeb977b3f732e8bf0d4747d285a36166a83c7258b17929263572,0,4794.525
cd40b6b15e865bb10727ad6660ea381925e96ea557c942a1ac98ea3516139eb6,2,14133.0315
cd455b7ab014d709895a2b06b0c51cccd8b78781bada3be4dfe83e4540ba1cda,2,0.114
cd46963a8f04b2a460bed1ee51a3f070caa4170c67b3f0b610b456b03af70dae,2,2081.656
cd4bba5af50e958086dbf15911d1dd757468bd5fded5ff9ce5d30e2737321901,0,2027.687
cd4c69c00d3225bc258dbd6a2a709dbb20d7691964548decbd02e59ddab060e1,0,2012.2045
cd53864e05405caee8c747d7d8e226c51343428c6b6a73fa91a05a9f67ad9f05,0,4367.2735
cd5b74d23461a9865b3dd96b66069a6d7f827fabdf99ea76b206ffbbcd4a8f15,0,2235.289
cd5c1b17d5b74574aadc6355a9f7e6cbb47859c2b53408355279cc86fd40d7cb,2,4712.338000000001
cd68648809d783f928c64c1702c35c09753468e1fedf0de8ed70cd3bf754f7e6,1,38.0725
cd6f6429e6062af38ad9f34685e020433e135c7b394e15a6280318a5bd7af13d,2,2227.2000000000003
cd795258f891fc4960b353c20646f443b65ae0b785bde027c253c7599dfb7d19,1,9388.264500000001
cd7a315596f3fc13bcea6525e66922e0e6d54a3c0564d45fad206e665d224c84,2,2407.4134999999997
cd7aa5f26912de825656b1928c4cf99c4a88b3d2e16cef4a59ead9651363b25b,1,5041.9965
cd7abf5a9071b5a266a7f7dc72221f477f25fe54395ffb3d25a2eea7912bf6dc,0,2402.0225
cd7c649e13c3a17ccbfb447e1d582a22df616f49eeeae3178d5c850a75489e96,0,2008.4635
cd7dc32467c36178152d9d41c9677ffe159c5a35089b8e8f574f40d2081be26d,2,1510.621
cd8ddc0e3c9daed8736715e5fea09ad08fc7b930d43820d462caeaedd19cc0cd,0,938.576
cd917822a33f21db344e470da635f7bf9b56afca30de1a0d57033f5b08a0a678,2,2776.768
cd97f70144480b2e19fff3616a8b836ea8a31935c95fd58b942b12b92291e15e,1,3930.7360000000003
cd9ddc0b35de2f2d01fc6e4bb4d2c0bd47bbb5bdd9cae4656785f2935dee9678,2,8019.567000000001
cda488d36c341f4b331bbcc71aa3ce76c1fbf8c330db87df2662e3f67daecb5b,2,7775.02
cda5fc1468d38fe2861a49bfa5dbc87a1feda6e8c6b88a6b1a73e2e1a32a2a3a,0,2447.2485
cdab817b5d807cde7d29bc116849ec2bad6da5f04a2610ee0305dc061e96a502,2,8640.4805
cdad4b9abaac8e6033dd21736265637b55c83ed3e3978d75daab81a7788d21d8,2,1765.493
cdb04606cedfd0d62f40e3b4391267a34dade6a66a4caa91abb7f90a60cb73bb,0,3193.8940000000002
cdb7b6cf3fbaa78e838a068070bc2e3e6733ce637a47ff65d092b359e3830bdb,0,6148.928
cdcfecf0ddef9dbfc0be23f9030f2bb3241bb1e6f06937df2e9d3a3d774f86dd,0,2280.6499999999996
cdd1f9824d78a0c4590c53cde6703a10a21477dbdfecffada12f7ad1260c4389,0,1582.1535
cde2d6c2d4aad8f3cde6434d84c1a0ce13ad024948b99bd7175f48d1ee6d55b3,2,373.51300000000003
cde37a37d302fb36a9f773ad4b8fb39fb0185a4713a29d12e2c7c2f5e30ebe7b,2,802.8995
cde91c7f45e317fa771d9e915b50d26a50047415c0924f427a20cc06dde0de16,2,4986.7705
cdeb263c764892cd159d3bc351b6b4f908676f432b7f3373cff2d712f11a2aee,2,1919.7115
cdf9451a426c35755a352b1af11a7ba0eaf218cc272c07b3f0d4862058ed9970,1,2786.041
cdfa9889ecfd1d0c9b3ef1a1623ed95b0e1d3ba43c030074b55cdf2e1787d61f,2,1957.364
cdfb0b9bea4f76c0ee1926e5f5b54d7ae5342707ceef7ab903b065f00ffa040b,2,522.7735
cdfb5469dc2d5222eb5f34c6800de85bfeb35f0f49997ba4486cc18f275bb4f6,1,5738.481
cdff4d642569edcab19246184f951760819f219a02d3d2f75091e2e07f87fd0b,2,7830.6900000000005
ce0078a5aa89751632daf0f3b3046ec6f19ee15cf548a810e97aa9c3f6709512,2,3723.9934999999996
ce08d017efc4b12607a48eaa3ddcbfd41fcb34510bfaf8a87f270f9f3f9e74e1,2,4830.432999999999
ce191bea3823d85315bf9d8a27a29ddfb8738450bcb1be45710141ea4dc98f18,0,547.7040000000001
ce1a45f9497e6761bcd8bc7cf7d1d5c4f04607834bc30f50a4d789bd0d1e7efd,2,2525.0675
ce1e5a121458bd74f342525e15d436ba809c40277fdb5fecfd9c21c90c991166,2,624.5980000000001
ce20783f3eb7e3b16b7f062e26c8c2cb44fff10b50357c18cc5d137fedd1808b,0,5281.8465
ce23fc3ac6064356c6abc661749e94f06deb94cae023e77a83fff37c046db6bf,0,1307.1855
ce24f1928b83a9265095a010a4fcb1dc6628a0686a5e94960c2a7a1413964f40,0,1793.0625000000002
ce2bbfe1cb31265903b045f5e3fb9b0f082a0305c9179921128e06060d1c84dd,0,8036.5960000000005
ce2c0fc9afe0000fa96c34948adae1d71d2fde914a1dc7e4a7a2f6cdbb60710a,0,5440.986500000001
ce2e440b9791aa62512c064c26bdb4ab95ca466fc93ba35b5fbca0e403e4fbd0,0,4606.9775
ce3286e328896bbc63e5b3c671c0041a5006b25cf49e2754b41a504105201baa,0,4805.7615000000005
ce3359b99ffe82293fe16fd72b4d637fd1662481ab863f100190efb79b03e75c,2,5845.959
ce42087f35bebb3ac73b9c3473cabe2b9c5db09d8325070122b28d071c8fc2e2,0,1425.3525
ce4307cd2bcc48b4fd6264c04f599dc2f7b1df8dea38c3f5e0f0be2ef8f34944,2,1979.6865
ce4717c3b3761501291c5bc8dcf090de8abd5b04f4f53016c634bb8fb7bbca59,2,3305.0935000000004
ce5764b89ec1d270a54c2e76c3613bf8ea2d13ae18a120540e4323dac0138c78,1,5005.9965
ce603d383a60291a0fea1f4d3c5859726748c542b519e655633f2664933783a8,0,6576.0025000000005
ce63b0068772f9759969c22c4c85d1d805b27e830b58e8d45529f73b1ac1c3d5,0,2771.0604999999996
ce644b6cd7353bcb576f8c9efcc5c47c17e3ca5519f9cb9a6c2ddaa50f488d62,0,846.558
ce66e51f46ee71001674442a1592a66b4fdf0692c34eebe180c64e2332925da2,2,5275.371499999999
ce685db571c02218abb8379945239e9d4c7814340f5b1d751f423ec79563c3e4,2,24.011
ce6f01f926906391be3388f55610613f9e6e90c510f9602ad0aebe5fef90df07,2,2330.5710000000004
ce6f84f762cb6e780acd88057fae0e18e7aad08d41665b07cb9ff2ebb125c9a4,0,1597.2690000000002
ce7731e72f5bf7a6342a22707fe41d817eb31d9420f69b442dc4ce5046a64bd1,1,4195.093500000001
ce80ad02213c4e6cde330fc580eec88c9ddb728899a480a90bb0d870a3465695,0,3782.8623333333335
ce821f43b1b950819314b86e63f2603a7d81dedce0162b1648694915266d3a0e,2,12083.998
ce84b65042417c2d124174a0eeb775751cd0adf13c6ba129c2a9d6623039477a,2,16178.053
ce8bf1be565d93ae36c7a907cfb25272ad2813e7fc082fe0961ef1e040a662a5,0,1845.2554999999998
ce8deb817aa0dbf8fe881fcb22b36f530da4c20b1e71be45dc195a6765df6098,0,1022.6475
ce916076fb6b115355bca31e0e39fe080a6bad0ab34ed77d44008f77953b63a7,0,3795.2720000000004
ce9ab5b4a9b09ee7df3eef4794f55fe5c23551489ed2cf297044c7e576cca769,2,419.29625000000004
cea0a57c28c9da936fa3e2822ac83b16354c9313a745aca8074ef5cd140b9d46,2,4640.754499999999
cea17623c81c7ccdb189e83328ed60c7bf7be8bff1641bd1f6bcb50455e5e0f5,1,9104.452
cea7856e6ef7d05dc3e0b7740868f691afd99b3018c968a1ceaffa8e5a036662,0,2925.291
ceabac33d8c9572da9d476d391ed7d409cc55171e743831674937c2ba016146d,2,4149.9365
ceac0e08f6612f4f630dc5c4e5748b952ea8ffa4c1d0980ca62b5780beaa869b,2,9289.147
ceaf7c0bb2d8b0e935ee71fd9657ffdf40ea5f15566689db10081886c2d5063b,2,7276.333999999999
ced29bd4fcdaa47c28be82bda81f109032bd6e4ca71971515c48cf91d88f027a,1,11010.6705
cedccfb6cc04c7dbd2bbc1e1df4088462545a7a55678c83114961df896dfcd98,0,9259.79
cede2e575a62347e5dc95998707def64c48dc9fafa9b22eb1aa674767f39a6f9,0,3223.091
ceec7c6214e2b3c4bde3939b52da7d85af25c6c357a73aa9e2a843da7c6cb521,0,5669.871999999999
cf0963a208fd4437090db55b685e65123c0c3b251c747d2e0bee5a00939844de,0,12859.570500000002
cf0bee3e6b71139bb0e13e98e107a648624f0d4e77a415d9f11168a73dcc8f59,2,5523.4635
cf0d3f6e85c5aa3960455a4308ebc393eeaba9fbbb1d2ef667813410de3880b9,2,2845.0739999999996
cf13e110f84b447acd4459d9c70103618dd85d1ca8c6ea4679361931c5f71de1,2,939.648
cf1c44d30cfaf622393961e1ffa77428cae34dc1fd84a7d334e3f53d7c0b78f7,2,11914.397
cf1d51a69f2ca3204022e7c299ba9f43ca92a7557d26c35209c8df40add39dba,0,2221.861
cf28ba689e9f3c7437de853da4c19783c70d264695480e97904ad731cdd3e779,0,7431.363
cf2b8ebafc6ff82b144bd1f3a279d93ec0e934698d5391afe790ec9ddda10c06,0,5071.7585
cf2f58475723f338ee43384aeb66c8081354e0719463c982a4b96e128c212879,0,3815.097
cf3d4565e20d7b366316beb54d62b93b0219789b5001ffafe046a42377e6ef7e,0,4113.608
cf4addb7f8adb694b5cc8db520447ed0ed79d96a14d00d1d301a99a1b09ee0f4,1,1016.8375
cf501a50695a5dd4b62e0c3804dd94811bb76f30e61b7016190f3486b3701527,1,1604.2755
cf569c17d9472d275801477397647d32b43691864953648c2ccd79f809b50ad1,0,4199.4545
cf6672fb9ba41b9d07830bd092c4e162c651bdff458aead251ec028efbe933b7,2,1866.1925
cf6ea769b16243de9e3c4e03203e87b24ca611d622d1d0f7c783c0e6dcd78e4d,0,5580.5095
cf71c733b340663f39ea28901c535b4dba33c195936824ca7ef37f95e7977aff,0,2578.196
cf761e5a4f61c568f861270b4376af01b56d1be173e59f2c0c9888c0a21d10f5,2,2053.569
cf8c7b97bd20e4489a8914fe334ca266d7d5f23875dfb2368bf4b7b95cbc2ffd,2,2603.541
cf95c24e1fb56481e863a68b3fddc7d5ce72576cb8510c2df97208959491eef2,0,1298.3445000000002
cf9dc1b5d4be53d09eab8bad73b5b6980ce0ba12053d9c7662eec86f72455beb,2,1802.2520000000002
cf9f48a6be14e3e7f60ac804765e26af237d756f4387eca9ce2b55acfff45bcb,2,1770.6885
cfac8cb49d85e20980ff31c4bbdd894e3c36714f9ebd8222e7221a4f64ed8f18,2,15580.9445
cfcf0c7f4017fef8a8b6dd3bdc5a5d6db9e629b90c9ad6f10f558c8827508735,0,4221.880999999999
cfcfbaf5a5c8c8102b2d5b2f05783685aeed522cc1fba11cc0358380ba2d2629,2,4382.472
cfd0b39d3afd690bd2fcc06a7c48959f8b4cf38b21c215b6b50707c779ee074e,0,1300.0785
cfd1dba3b7ebb6e68ed7d4ddaaec5ddf2b47bf5b7dccb5f3b7572172d7aaedb0,0,2602.822
cfd3ad3f5021e6f9b7c6d6c2686f752b8b4c626c1c21c911d59e019251b48c81,1,5000.9220000000005
cfd8d107803a71e4ad960a99e916676b6e5b1f75196954fa6af2ad2689d94b72,2,17121.448
cfdc9b95524260f2a69ebe65ea7b3d2f0c5989a64dd012a756956e8dfa3fa926,2,2865.5285000000003
cfeb6ad794fd70db1d50c653879135a47f38e7a5189ea79b0637f72c6917df89,2,1398.8845000000001
cfef83059fbd8c991a54cf29a531ac65d15aeb5ed8462c4a8a379ee1cfde573d,2,3007.2115
cff24684cf78ecff192aecb9d0008216a7667b51096edb188074ee2fabc4275c,0,2803.4480000000003
cffe0a8dc45138c872c64b68c376e03652aaae7bdc10e67e610e4b31b0ba2cfd,0,993.1590000000001
cfff61afb21a2f623ea05ec9fa6b16273677faba1ae036efc68ad2b7ca186b9d,2,3404.5455
d000ee83059aa007a207b0546c2a3100b7de07a4e0171cc4302abb0aa0677d7c,1,8072.771000000001
d008966b15b36f9aee8233719f9be97305f3d67649d4a1668dc71b679e3a5c8d,2,4573.501
d0109a9a45ee908cf5b9957991f340183b7b2240cc05cb1cc8d870dd2c5bccc1,1,4392.7685
d0141ce116e20a722ec3f88637e68b58fd4bac0d99a05d21d9b016fcad2ffd7b,2,541.7835
d0173c1415ab515ce2b3ea7eb00324d037687c0939f6bc217b5c0be641a51374,0,9815.3565
d01d4d67923808188446df3c759b0334e758a90db28efe83b68b6b3052baf7c3,0,832.523
d01fc952d2fda2f8184fc6f24d8d7cedc94ca1692ba0c52cac1173862457501d,1,5578.189
d023c00876665875c131c9a3ba3f24f6ebf05726136ee3793a5642c83d4cb70e,0,2868.7670000000003
d02869e4bf7908752d9f10e407d16106d7692ff5e8542e5e7f1679b6f2341b07,2,2853.1934999999994
d04e305f4da7b42d5269318b0fcd482ad6d6ae586c7fd49ef293dd53537c46ce,2,1701.9845
d053d5bead26690a1be4a367c33107e8bda94976fc2f17a1d4a4438e476f18c9,0,3099.7749999999996
d05a25ddf57005f5c04943d6545fa46077ce9f534532910a0a7644aad219d35f,0,766.6675
d05b780e591360874f0333b9dfba333a7f630c8c1fa47b0caf355bed026b64ce,2,1515.9795
d06029a3eda89c783fe3d03b2515aa9eacc8664d2216b669aecb3db260a1b77d,0,4348.095499999999
d069904d184747bf84c6d0e02403598154c86c4aa47861b20d40350d323c68f3,0,4181.4664999999995
d06e879a18da84b7059d4fbb2de3d0f3323f62b0a67cf7db8e9ff320461e01b4,1,9138.062
d078440f7ef588149180e620fca8562a16d5c63d0d3cd11a4a95901981549d71,2,7670.4095
d07a3926966bbf8117e7ebd74c55b1d8380bd50c0aa0e3aef115e86d341b99d4,2,4363.045
d07c48b3726d6a50bde8535e3a8c20d539f8ce15fc7b327237166862cee5f132,0,1026.683
d07e72fde554ad5532040153cd3639ee1698a9b7857db914194d9d825c653b6c,2,2204.453
d0842417a9e771d2363d775f92f487cb4745f0c70a103d5b92ac43d28dae391d,0,1933.078
d087f2c686314a689629598c1b7aefdb5b970fdf9bb5b77c113808fa111a1a18,2,3958.798
d08a0f791b29a87c5995e20911629c9159cef49b54e1ae383cf48e0066880f94,0,2858.3104999999996
d08c373f072b801e9b0ea1c49c53ac90fe3987472cbd7e5bf61b14957cc405ed,0,7037.485500000001
d094b531f1975b534299d9df1f002923757faf9bae5abc7a5e8bba0a4c9cd861,1,22082.436999999998
d09c4e3aa2d12550e9469cf14517c2721a820a197a35af9284e7c9e5eb9cd9f8,2,3744.2969999999996
d0a2ab327945c7b992d6491000c180dd24b81b77a8b6659862b770e5d5ab3fff,0,2101.908
d0a3c7625c9399837915317c04c9773251e3feeb804c4f8151c923a06ae7330d,2,2730.6075
d0b07c2a70f7a97240f5b6f2cf245ce5609c1e64ab067d7be35240ff6744c4b6,0,614.5765
d0b19c1e248112507588631726b06de767f28ba46c258fe35576a96b394092a8,2,4594.579000000001
d0bbe5c92ba1f17f9108a8a96bba6e60d015778ce9478e88dc4413513544d6f5,2,5294.413500000001
d0c2dd456791c3d46bfe4f9682ddf567473d7cfe757ea98e52e6ab25af772141,2,4075.6515
d0cac1372dddef124914e3c0dff7aa5df1b60f4a6017f2d2b391664816a53539,0,3222.214
d0d2cd38883e3b23a650b0740078c0e66ca2e914b4207f85b3f3da28c39f5ea9,0,3312.0910000000003
d0d9e2af405f7a9a11f22d159aa94d57dedd98090d344320d3dd788cadcca939,0,4595.76
d0dace579ccebe6a7fdd7723ec410a285da990158b6e9847f97ab7947211f118,0,2322.585
d0de79a37cfd862eea948eb4dd5d57a0c5f617444c5f6a544d18b8b8a365600c,0,3780.8990000000003
d0e1ce225f8bb9df1b766226a223e17fd01263331b0a262896414e1649785a01,0,1402.5610000000001
d0e5ceb7a29934f833135e21227b395fdd0556f808bdd9d02d45bdf1669848c4,2,161.4235
d0ec91c85715c2132a96f1fa043cf0f99164a0d5ed5d4fa981f11ecbe8e37550,0,296.172
d0f3e6aad8662ce8e960e4349377ad9efcff86a00285269049dde707d9633a77,0,5815.032
d1002a999baf1da7c973aec50ff265d14cad19034d27eadd57f37c22ffcddc23,2,1800.8805
d109b2bd4499d3ca4b04698607bdef68e95146bca06ed4ebfd094325f3462e1e,0,3780.8125000000005
d10e27f15ad8e0ae8189f7f9e63728a759ffca1ddc6caa9cafa729452387f46f,0,7117.496499999999
d1118ec17e2eb9a83ce598b22e9803e1a5d08a74fe3cda15f6b2edfe87975517,0,1423.5665000000001
d117a28fe44f4ab6b3f56b291d3d8e849824b68deeab5e067faebaab8fa9e0d8,2,801.6645000000001
d11ef6ef25d702a18ca7e2980c1f2d1d0fc1d36fc2379cafb02ced5fe30157b3,2,1737.5
d12612dc1a6226e8f28ced700e360264c07f15fca7b5ac67f70f92ec79bda059,2,3929.9935
d13b550f7e1790feeae30c25b5e44ae19af7e09e374ac72681e05e5f8c92979d,2,937.3050000000001
d14476b4163935843b199a024ecb102b7547f1e41f30031acb6943d50aab1880,0,1047.986
d14f9cc54ea92f30eac5c0c997bb42356d7f87808f107e2d9ddf0ec61ca8543e,0,1813.7270000000003
d151e984ab4e1c317c5e70014e4f8091faa7b33bda5e1b7a42c1dfb485d9e4be,1,7840.412
d1588611baedf029eb9130d78096bdebb41d41287ea904fdfd65d128526c30c0,0,4118.077166666666
d15c736484604a3a5903b72318bd1ad7900f9cecff26e512dc35dcf70710e5da,0,580.937
d16041bb345fd2e97dac0fd83626d61522ac2a05db145b74555f4bfb949ecf22,0,3690.371
d1644068b65ff76d55ec7c0da372aa21499e73e929ff006396dbc57855d6f2ac,1,2390.9945
d16a54817695b75726eba0634636707d78b062a01e2de3146724ae95bdb598ac,2,4089.9575000000004
d16ecae81681ac1bfb3dc9dd2c4e3dbf51701fef34fa57a747bf7f5637a4ed5d,0,4269.9005
d1714bca63d0749f1ad155698a930f60414104fa3c11e233fbef288e74ca1cbb,2,6032.5365
d1759f6d43a9a126afff7c7d8c84552b5ddb0d3cc8b50c35e129b269fb59731a,0,2616.3895
d1760bc7ab7b259905c6cec47cbb4d413ea0e6b38d0518f47cc74d7ad8c8db84,0,3584.9030000000002
d17a3e226541e4e5ead6fb72c848dc1a78a292261114e751009f95cf264442de,0,5624.5595
d17aa5503afae22b6a79f6fe4d44017ff6baca1cc064988b464aaf57d812f834,0,619.8455
d17ca9987fd99596e00aa017101ddb0ece697417c98a5fd53d81065fcf70b982,0,4414.206
d1805c82391034b9a528e4d752d798e3844904f9f18e6a56ca7353cdd6b2b174,2,1512.1405000000002
d1869319d26da7d8c355ac4c6562213d78bad6bf2bd63027c3d8ebbd9d95ce8a,2,3637.9410000000003
d188c0066efe19c7f2fae5afd7b3f3c0058cd3a0552031a99bce9d18c2028874,0,6522.838000000001
d19082de6e8773c8c1645d6f3fa91bb786cbfc099a060cbfe3c158ac7a5d4431,2,1916.7235
d193ef2b489c7f2d693aaf51111a11e3fdcd6ada880ff074cc0af83c4e22eaa7,2,6355.9955
d1ac4b7d55760dc85790e76a06350ecf4735843080029d9552a9b0070698f4a5,2,8622.404999999999
d1b11b181095ebfcf2c9afcef9d3ba133ecf50af00482be605621dce1a243a66,0,1760.5689999999997
d1b51c83653fc9ad52ef005e6f4f0f7e14f30e4b2bad33ad529882dac1f69628,0,3712.6555
d1b57faf0c6c2c6896a5192b68682ab723e5134c204ecc0eb87fe707c39c8d40,0,3327.6465000000003
d1b692d2b02474677a4b175c1b8c4e978dc5e5aa2cd3f57c67b2c04fd2f627a1,0,2273.3895
d1b9c1fa1cc06dcc3764628c480f62dda3286eaf62eea6af54d5adb9c8a3d0f7,2,24330.047000000002
d1ba6694739e5d146c4ee618361b758b17d2af4b1551046cb081f4148085a187,0,2331.484
d1bb13936b3d657ffc9f508b5fce48867cfa34a7135a3f4fce8130a6ec047d99,2,2349.3424999999997
d1bfebb7880713b1d3e3cd2e73fdcad9560dd6de961f8efe68e5d93cf1bb0674,0,3496.022
d1c5d9d9b02afe182e126de35a6c53cf1c541c96f3b6e4b1ae2016909104b7ab,0,2350.7934999999998
d1c5e077a98688a3c09663d0ff7b97e034bcdf98d244b0a3b45720a24a7861d4,2,4276.591
d1e3da2c2e2b4e85e9e083c3e660c651b93f5a2e8d4195c19cd202371b4d97a6,2,568.0324999999999
d1e7d1cf7a2d4ea2a51383fea4e3a7d03349e6c24d8e86dbd747ed804783f088,1,1670.024
d1ee72dc80575c6f34fa04a84d2f9546d1bf024470e0a2553bf5650796c41a39,2,3820.7239999999997
d1f10fe5adc0301269e2ba90454152de4a1592b374489d3c34b9d190161dd870,0,4543.7145
d202a41294f8df98c96abe0de16e8f9cdc89b3c77fbb5215511183f7956408a8,2,11025.389500000001
d208822a76e49b51c7725ba5b4505d8dcb3d9d1355f8b495c643355250701888,0,2402.9165000000003
d208b3d802556ce124671e7780c824ea45fd7074e7e0981153f9fefa4e70ddf6,0,3679.4895
d21212d8a1108b396e73b28e2ba0dc7f9991b41ddd4e76f0d77583a9cc73f467,0,7369.862999999999
d214ef53e5be107f01175058f6a99582da262c6af9a1d14e5d2e986dcee5538b,0,5813.705999999999
d2194566d88ead8dc6bf9fc166c7d217d517dfca14a92d8f0bc274fa9231bb79,0,3450.5605000000005
d21a6271f088bb098a1641040c19a4602665ca0c02dab389e688debeccec4bdd,0,1431.2024999999999
d21b2c5c8fd46211842e8694cbacaa7c199e900b82c06ee1e71f2241f0bece21,1,2697.172
d24351b6bf8fd72a5e5f6995d749eee19febba913e6a95fbd6706bf6668c0f29,2,7056.1314999999995
d24ff56172dbcc9b68b15abbce25ce3930c6e051c7bd8f563de9e2cbe87f03c3,0,2979.5919999999996
d250cace6fd7eeff7c423ec004591082e8e3a07fe9c1b54a7f0be8e8de79fc0f,0,9215.384
d254d0ecdb9800540c51c7b8857daa96ebafbe4f81eafa039c87082f262c793c,1,7350.765000000001
d25944519943e2eccd12b47dab9e5c75954d2e17e1ca61ee033279b705fbe73f,2,4912.989500000001
d25b86072cd2cb5fca29708bff81c267a5961f6ba8dc8a992ae666b2a475c820,0,1181.285
d25d12a73fee3cff953037beb3917688dccc8b074b140921a5720b4a167cd248,1,7546.65
d2643d290abdbac813fb9315353f3d196db6d092721530801ecb4e07974df694,0,5839.481000000001
d271acda295748e5249db024da609c73b4c7ae1d477a15cba6efde2179cbe808,2,3769.4624999999996
d27bf9beba9ba2cc433ce61489ca9d7c6f23f524ef778c1c8b3007c6b3f264fd,2,1930.3854999999999
d27fbf0f316a6f4a555a62e07e475f5ff1b7c33f4ac821895e4159b6326941d8,2,251.32900000000004
d2853682f76d5e26d732275e14b2b536f5186cfb3e5f2086a18502b0050613a0,2,4623.5705
d28b117d7b0827838be71c1f682005899775c58e8fe396eb354fc0a76f504006,0,4319.4425
d28c15eeb963da76364b667d26a1248239fcf9c80082f2c1628718b28977ba36,0,1602.209
d29c6c8ced96346bd5d53dc31ea0f37ca56caa03749085153648fc9c2cddee4b,2,5955.659
d29e908bd1640f72569ca3952ccd0170bc2060c43c17791c9a8314010cc1d370,0,3796.665
d2a80c409816b29b12777850c83ace06ff01dbb55f62983e34bfcf7d7e69bcaa,2,1985.863
d2ace2c64f946a5e9e8e7e90c98f6ae432ea543f50ee994c091264f2edabbbf7,1,4048.7672500000003
d2af23bec91b562875dd89aebf6117e5f0ab0bd6b34698154e29fb537b233e3e,2,1086.1505000000002
d2b1251cc025653731e29b666d312dad0e81afc9b5d3538038377beffa1c3d2c,0,2364.7965000000004
d2b540698abf3d727af0499b00cc4c7b9461b9b70db967c5be1b98cf848d916a,2,4034.032
d2b7481915eb8a1fc7d358aeca8a303762ec5f4a170a3aa83cd2e560cbe84962,0,76.23649999999998
d2bade2f0ee3eb55e89856b21bee08fdc8487ae68dad8680ee77688f2756b23f,2,5650.048500000001
d2c17ba6be2ba4ed77e09fd4d05330064ce9e182a1f9199a8698ccb6fbe4efe9,2,1916.0575000000003
d2c57d585465cea07b7bc0af35ea8e9fbc34f6dc5a15b8ec6b36bb423cc0162d,0,5908.950500000001
d2c9792107e9993d62c68e78f4cc5178703e518bbdd4b260300a4fac60bf72f4,0,3291.7315
d2cc675b496ca42be59bd3577b3b1465a35cd7bdec6ffa222dd2c235c524dd17,0,2961.4365
d2d9e8fba2cdc1061b2d44376a94abcd5c5bae06147cbf3aaf021c1032819375,2,2379.5125
d2e7360c08176fba9bbbb511c1d25b7fffdbc6be6fcc48d46862ec8cde63e511,0,1380.2595000000001
d2e8c460880cfb9d320d72e1f2cb86ee2be595ef473bbef8f0f9e102caed0f59,2,5527.867
d2eaace9f3d8c828be845aced2f8af6ed183d08203dbf2df366f792d941edae1,2,1582.5825
d2f533560602bad6740411b58aafe866a09b9e4503fa5473cf1ccace0f4c0d57,0,6774.965999999999
d2f5886174c01efbee5a1220ca9d9baf81a3f12a3663861c4e25acf2ce1af235,0,4353.773
d2fa214d4bba9acaa25529104f07111b7a3371d2a80cdfc9442eac909ad5ab25,2,1975.893
d2fb1c5f0cb979a207dde3f520d9ede0bc30f511d5a6152a1d5085d5c7332641,0,3030.3725
d2fc5e7a418b43e9cfeb87224655fa19503a55e4a58fadb3b451006c2d50fcf6,0,4116.617499999999
d2fcc32aa65cbeb401a2c80f8987e5d8703ecdc255217f01152008022622f90a,0,4157.067500000001
d2fe0a75d8fd7eafd64efcfef48ebe80fd9bcdd0ae99043e1d9766611110e9ab,2,3378.2225000000003
d304b758a8b5617b96fab7e6215a168ba808432777396181944de3fa7be09bf7,0,5120.8715
d3125c0e2765ccac9ca5d674a440ddfb3dad47f6ba9eeeab8d2c4ac7e2433fb4,0,2283.452
d316cfec43b46ee75f345cedad64a200dd6a4d35faac0b041997839c25eeca1e,0,1520.1295
d31e2cf8528aa5e84212930acb6652d4f44dea1314e463bfc6553065fb0e0b53,2,462.34900000000005
d3252429d10ab066fb4e275fcb63917d96a2fe0abe3c63d2a24a214d0e22ccf8,1,6447.395499999999
d3276ac4a7a3076f6a060864c6b008c38827c8166a584507b14b8df65fa700cb,0,3815.0255
d329a3b508cb7128a4781a890af9ba28ee3ccb8eed01f6f7cfb55c5c2fc6182b,2,15660.596
d33e50109c4d21cc37f9203d4b8b33f1090d3e02332a69e69b199520b8c7b819,0,4390.028
d341229ffad87e86ec76c4033444c53a2479b82d99df448697650daedf29b41e,0,3661.01
d3416fb268e4dba1c280945060a3a07df2db8060dad31966093cd1d84993464a,2,5109.4665
d343070727226db183c3c9620a9129ad6aff459cf806a966d792537c0cddb8e8,2,3299.858
d36436d99a1aa0083d011d1f35fb6c69319ae16631f2fb7ea9b7c01cfef5ff9c,0,3941.195
d365f66c95656470ae0b3c1c475e9632bd54f0a1c39c604602c381a53e9a306b,0,5947.715
d369e0324a4dc17cba1c9218879ed77bf816edb7ba614addafdd5c29ae5fb6e1,2,4038.339
d371d877ae8c336047c962ecaf80d368bd397d37ee53dca149a46bf7b5126a99,0,3691.8770000000004
d3729a78eeea641d081b6d9a7883545992103cbe79d4d65c95109faf0e27380b,2,3980.0469999999996
d380d4953fbd903368e8f71c0cecab6bb3e83f664a9b2a8da143f028014320a4,2,3695.5935000000004
d3811063d59fffc131bcf80bacab657ce3b220bcccc7e79509770f8c28e7d9db,0,4404.0015
d386e548aad5070c57008505cdc77ca7b5120b10739d3922de2ada954600ae12,0,3539.4635
d38e9eba8834d96dbd0f547559a09d262991ba0c7b969e8d5b13ef3c4d2baa3b,0,3105.202
d38f7d7366567bb36807d6d86b5d0a4c6d6c674de5a1ebbe97801f629208dcc5,2,6028.3715
d3929700bbee6c68d5cd15da4e19d996632ef2f4354db6a453d1a9fa1156beb6,2,2441.7665
d392aa21f28dc046a3d72ef6c42ed8add0862545e4a37050f11fe5645185196a,0,406.2075
d39751a7295714125447fabb8f7a435382b9b4c1251fa2985833a1dbd8ea1752,0,1730.564
d39a8b5f862b9814ff39ec522af92716837147b2516d9e8cc85c1d6f2bace394,0,7432.228
d3a4d6a5ad73500602f5a048b9a4d1cac06ae0a5535e430df28c87e8c505b745,0,5307.381000000001
d3b8280e97922fdfec2a070473c02f11cc82dec2badae47b4e37210549baea36,0,9728.865
d3bd680e499a27997689c5a0b66fdeedc9e508364e8e0f0fed75816c43d657ef,2,3731.056
d3c49cac2487df536fbcea6cee95db557cea7d011ba2dce4ea6ec18254d167f9,0,5784.295
d3cd400d200e20dfe528ee3876f229f4a0354544714d508d400f1ef635add0e6,2,2330.7115000000003
d3ce50865e2aa1c4beb8314fe944f08ec52f2a070e907925ae04bd9ec0f297c6,2,2.551
d3d143857de7cf73aec615841e96408991f1e4f5e6f6e1556ab875665031cfe4,0,9651.127
d3d7ba2127d9a3307159eef2ac6819ba842e9600d445cba26e2db1d4159786ca,0,3217.476333333333
d3e70435007315f3c4da948216b6cbec68f60c66f73ae20d80a0461aabb466d7,0,5104.3925
d3e9bf6fec554060392069d91bdae839a3aba77f5a92fdf61db2ceeab3853c07,2,6572.64475
d3f0c2cc2b1c92dbcb2ba6c64a8f24437e90514ad38b0297bbc6a8af7814f5b1,2,1046.2425
d3f20b05efc96573c1a63722172ae4a41b9d69303a8d23f83a067af03086964e,0,566.4925000000001
d3f504456b6e3ce619434caa585720d0cf28ff1df7966d88670007e0b08bee42,1,5797.306500000001
d3f6793ee38855e44346e34263037366ee5ce46b7da291725f6b3fe892873c6f,2,146.20650000000003
d4064c78875450e85576d6201e4b9d84742c0a6154d74493d009fbc54ac65cfe,1,9537.007
d40a0366fef023df7529c9405ff6ed47b6efe042525e3b810ee8cdd8b8cb2ba9,1,801.5830000000001
d411d054d0bd8c5824ee4493fea8924b71bd0a9a867793e49d2f68521c569537,2,1030.531
d4140d0e514ed6153fe9fd1e3e92f3266c0370c1e277160a307220336dcb349e,2,4477.829
d418b59b24914a721f74b353aa266255e6484afda45fc3b2e6953505138da0f1,0,1865.7730000000001
d41ae43f6eb5198990abb24aca077156da389e4caab51535dce9f05afccbc920,0,6697.166
d41e406e27e7006b9ed5b85d08cd10e2087bede1d5e8ae0ed3853c1330f5a286,0,0.125
d41e632649f8850edeca64de03da890760294643bec57785aefea6fb0da574dc,0,5447.704
d41f313b5e7c5b9e23b992b92f10e6c13b26ff7b943566f79a9abc99e0be9b61,0,8309.9405
d427cc2c2267a62c2ae9ede64651b47fb1fc424742ec7e1a4ea8c68b7a1c56ef,1,1534.2955000000002
d42e3559f3f091f7a306ed9d36d7963a555c264e74739abe3fd10b92832d5dd7,2,3824.882
d42f6dcb239d139dc2de77c183c4fbf605bdcf066fdf6a838acfe5ef67292414,2,2265.7030000000004
d441b32284944fb1612cb7c4ec4bc16c729b77d63c971c020d9e9106cf84ae75,0,997.7440000000001
d442d620725cae531f19e9ebeac1099e6e94c00fbb256b0b8ccf394ff47118d9,0,1707.2289999999998
d44351a62be51f3aaa9e0b1825f9a664e382d3e733c2d45b10985d1d3e6b0205,2,5390.2945
d4475159b133d389e51b7f90e75b33c48469e20c1c1dfa0a9985b063da52453f,2,57308.82549999999
d462cc8df0db61c392e1343b47aac4adf819b7f343b708b4fc956c58c4b30408,0,2499.9385
d46c0324bc38564334d991e8715c29b518fd383048acdc90f88aee8cbc2ba19d,2,85456.5
d46d9d6d8dd47557a83ec434022b8a87ff38687781b639d758e6918384f1a585,2,3708.2415
d48ad1ea5e8848729bed15c9b48953abae7dc03792dc81a50c9db3a174ee863b,2,1910.1109999999999
d4902281790bad448f2460a5fb2b986c6912f61c65484078d0ffa4db0329ef48,0,4833.0199999999995
d490b0d87d488d9254b592eaf3109ecd692e4fdf0b81b2cef5ba25a52125c7c4,0,5881.678
d493b684484f0f8f04498519a2ca87c04f245ef394d259682faa0fb3ec5e5656,0,1301.3185
d4996fc2cc8e5b90a81fc65f3c1e2adc1c316514d41733c9d6ce75f4bc72f592,0,549.8795
d49c4c2b27e8828d85e116f81d762946a29e53d3db192516a6d7cc1b63bc1315,0,9054.3565
d49dc67bbebe5157b8925fb7cded422a4c22a3f0122e47913196bf76a51a6658,2,13119.932
d4a116e90250ab790e5e0a3d1a951217adc4e1475765356ddd2cc94648ce326d,0,2126.647
d4a26e18cb6a3354e8e2f8e92b27d1e91d272181a3309a8f52ada72ba77c6e94,2,4549.0485
d4a88016bf6bf89f56e706c942068e3ef28777eea351b5a97d0e99fe95bb2d31,0,5688.370500000001
d4acc57b9907365678925e3e66a19bc3139197d26de887d86aa2ec13494cc773,2,9539.013
d4af3049be265f7e3d88f31be0b482640e2007f020db1dcddc4ae5e40e0b5421,0,2681.7695000000003
d4af918495228b246389ceb3b056bbf724909ac3b3072187784d4d938b9f3b10,2,1225.335
d4b1f61fedd3c9313c43452a77bfa73c4a71edc967f3dfd28d5a589795f043f7,2,3387.7794999999996
d4c012ed670fee705a1feeca1f822629997ad508e04a93eece5df9d54051c490,0,5175.562
d4c13224a82718e3b5b5e54dd89213636b7b00f97a894f0684fe163b961aec61,0,1950.2690000000002
d4cd6fc4adc2afe95ed5471eda1436863fcd7ee9df3ec8cd0b8cc3d3939f22a7,2,3112.1710000000003
d4ce12ed240f00462f9b0fe367a70de40ee9b1220b9a3020d601e199495c62c7,2,2836.938
d4d3ba6faf8edc3a38abd2de435499b3d2c5e388df3a5a32b8fdb8aae6a85ef1,0,4867.2
d4da88eb9f66b166f57dffa2d5385bbe2b0163f9a777b8e67457935ed8cb2f5f,0,1366.68
d4dd6e85e1ffc11b09f6760dcd30a7306bcf3a2b61861270ff4f473ce75fa523,2,3579.8125000000005
d4de58c59f685a3f94eba6119e1f54b23b9a4f662bd69389f1c03c30649f8ccc,2,784.2170000000001
d4eb0505ff3687eaad4a3881fd287178c1ac8af3f9452bf4ba3ffd806e46ee22,2,7015.017
d4ebbf74a53c0802c7f74f49c6b0eea1b2cef8edf22c9895d2e2c6f07c03001c,0,2033.2525
d4f5c88f1e0479b8b437aca1ddcb7177fbe45a75019dfb6f979de9fcc94b4c86,0,2162.1675
d501362e2e08e292578359db11859440bdf83786b511dbfecbdcf1ec2b844bfb,0,1151.4099999999999
d507a68f17bc86da67458ad594ed026650343f78c75b674546276b9bda723f46,2,1364.949
d517b9a6f2c3d6db55d067976b520cddf257efdc5265b3decb9aa841c32f9665,2,9494.5745
d51d154939bf8537f7a10fb69ae55bf30b326ae0dc5058a010e793b01d1ffcf2,0,3009.4385
d524f12cb4be66fd82154136febaf5449768ad643e37ec940c11cfe2b31d6a34,0,3447.332
d52609be115f59264c9414fa64b8dace078d67e2d8f5a98775a503cb679d73e9,0,17356.554500000002
d52e656ac7e1477054506fda89eec0b8ce8726eff08e07d7dafd92a478776bf1,0,10145.557
d53e0efee26ea26fa96236607bb390dd217989b7196b6714d267eb2b24d9358f,0,4674.584
d53ff4046ba20604700e76b7503ba63efd3559a5a3b070874fae816b9c2d9c66,2,2831.443
d54620064f0aac1b7af9200b4c6046cf41a02d3f0026879513761090a054434e,2,95.537
d54b96fee1050a921b9c68f9ecaa35c46783efe22c5266c494763789ad15ef57,0,5130.824500000001
d54f9df22ef38ab3e8d3ef6c02d7352a2c8ba32707496eefa9ccc7b1458aa860,2,1765.1425000000002
d5517770ebd77aea4e0d4a4650bb41f8c9e054ddc92a093cd12b92e578013657,1,13161.076000000001
d5595b54882d9cb317cc2a87104540dbe08576c4b26a72153ec870b171542d7d,2,6671.943000000001
d55a48169027a6bd2a66f87e43b3db37e12b2a778ab30e079666bd055071c7ab,0,2242.3615
d55c98b41be6b97e8a94b8e301b04f31a45804e93b15353be85c2fc76185b689,0,3650.838
d55ce8f9b3339f1ae304eedf1cd614f2e3790fe95d2f47322d0c27928e5db69e,0,4751.7245
d55da756a9630ae70ab7bf730cbc17b384bdd3fb9cd3fa889cb573877db0abee,0,2561.2585
d55fcfebb485fca5f74d0af8bc55276d2bf92221f6d30a4bd8a46ebaf933dafc,0,3737.2850000000003
d5629f2124ac6a34cb8a01d989baa1000ca64d3a89c2e5c2e4c343c2a7d3812b,1,21568.5615
d568d4909eb0c587a1f2b3a918fba24451bf906a918679ec469344155de85be7,0,7188.998500000001
d57332312325444ef6fbd5d591234dcc8b59708f1e9292ad9decee6c487ba685,0,2904.791
d583d2e5a8df39798ca94125521a281c06f9470f43acdcc18b49fe93e6a4220c,0,2929.9145
d583ffb5501314a9d5619453e383d0f0d76f07e3d7729d2be0048bb054ade9d5,2,2990.1749999999997
d587a07bdb45d7f3d9b7221390edb82d01ffa00cda1617077e45c1eb928bd57c,0,3457.1095
d589ce604eb952a10010d8ad9b9edeb9d7f3e088052f74ad9209f1147b605879,2,6634.8825
d58c6951772a4b2ad8c3393d1247489bb1c67add41c7956cf82c1e6c48077d10,2,1799.7650000000003
d590b757adfd55a1d2ef5f92608e39b27e32d37a5a70260a24830a4ffdd12dff,1,10114.037
d59384daa85760a9c3ad053cf98babfe9ea0d69f002ca4bedaa8628368953b88,0,3002.2695
d59776608c00fecf34e9fc9c5121e743b55056c6de7248d50059aad8083262c5,2,5803.3105
d599dab0cfb27c3958bd62896d2bab3d07aed90fa325bf4f6db6a9c815d649ce,2,4022.8235
d5a8cfb713f0482034b183e30dd4a71b80426594e5a77ceba3b02c0404272b99,2,6901.093500000001
d5bf03dda18bdc01cea8dcacf99be824e9d2407acd2840f98661d671bb2613f9,0,2467.3244999999997
d5bfed4a0c4344df85983d5104076b8a28b73ff9ba2600e6f0ffb590c27cbdd5,0,5078.456
d5c76b132f01b703326274f9ae44aafb49e018619915ee92a7f0686b4df36e19,0,4880.917
d5c836714fc46b45d25e43c1956940d4503bf05a16200287fae7f9c605a4652f,2,5914.494000000001
d5cadf695cd3969d2c911ba7d43d3c8bf6441ac592a02b716e7233b5f0ae2ac0,0,2628.6980000000003
d5d0413326512d4a51946dba1689cc8c847133fbd4a3367f0e353c8885c0fa88,2,11528.433500000001
d5d969f6bac06b3b176a094a03767f8a20788b97704dc6dd0ea26c36cfc1d54f,0,1462.143
d5dd9d8d85e64440fe6048620088f3233d2fc025d5db36f21c728127a2ebc58e,0,1000.4230000000001
d5e2a237bc839ce4ba0c45be9ec141fab037f528b8030e028b17fc8da9c0dfef,0,3777.3205000000003
d6007c2f9c6032888a763a4223e752e52e3d273556b5cf818437fc1624794875,2,2116.4235
d6009562c05c017dc24e0a38e412a13cf241d884a46d59324dc8e3c6fc03ee75,1,3607.7729999999997
d610690d7c8eb3a5763ba3424ca1e4a54505cde77e1db70ba93cbc18182d985d,2,1191.1444999999999
d61570f8f951004f45edfeda5e75702da24341e18cd363b18a76ee25595bfbae,0,3636.5074999999997
d616ff151a6344ff48a03663396e35714c4ba5d27961ee2e6ef262b218193462,2,1125.7685
d6259af9aea7142957f538351ea81a9e132e12153a9e662348ac96acf0e3eaff,0,3296.048
d626b8719b4ec83a7da2baaec79be6d6ca85fecb41029b437a9967247c87ac60,2,5177.0725
d627d88781d2df14186b733ffe79388f485d2430220220775531d564698b7d17,0,496.45050000000003
d63ffce46809f55edf92fb65c421d2afa440b0d959ba41cd206b47562d798388,1,4642.6804999999995
d6407728633cb9485b6aa3a91b2783d18325ac1e9df18b98ddf2ec525517511b,2,7522.314
d64b370ddb0471920f4675a4a1d8b0419d31ca6d54b7ea64562fce821efe49ae,1,2117.2174999999997
d64b9922adb5fba84b2a316553e9eee5a8f078dc36776bbaf11a7b9cc78243f1,0,2163.3095000000003
d6598687c3aeb04e5f605a4ee914a53c2044316e27ea2b756b5bb72eed5056d5,2,4106.4755
d661935a885593785a7345117bd817814e6107a1cb376a6654d56e0fb65167f7,0,1253.1525000000001
d66be698c4969c55cdfc215aabe0ac26dd3a37c4df1051134ada4176a7e882f5,2,43727.083
d66e5cd58c6a96b846f532e218806a572136429423c67c438cae61a235864fb2,2,2862.1290000000004
d66eb92e20914647dee39fedeae8d5bb85125bee7383c4075f462eb4c3a26979,0,3397.8460000000005
d66fbe34a9d20aa3aca6937e947b97430532bbdf983536974d97aa5dc7b84e17,2,2242.9625
d67b90295b03a03255e48f7817c4ce27bfeaf669734e0a3b6d8bbf68fa769877,2,2887.858
d67eb579e1a0955632620f27357e7a01028a51c58992ed6a3f965bb3ac3b8cce,0,4949.255
d68094409927f80c0297223e8318dd660396e4a61a0740e0828749bddc62a19d,0,417.74
d6904218e87c2be9cf31e0efe2648250f54132f65b9b6f06f18e2de3cf3972ab,0,2216.9525000000003
d6af1868f64e8d3832e47de44514c046cba5bd7ca3dc8e9cbadaca4875ece78c,2,1844.065
d6b81e3e9cc9f6d9ad36717a1b04c143360419cec3486dbba80c72b01671bd7d,2,90.69800000000001
d6bb2c28db662c7f3c3677a103e70c9b86acbe983dcc24975ebdaa5ffa0de955,2,4586.0455
d6be0d056c5f9fe821987c58fa244adfbe4387d5aad2fc1a2484d9a053f58498,0,5551.41
d6d8770fd2887063d3b6a6a75ee52bb3dbf7dec19042a71c65395bf8fc351f81,2,5188.2075
d6e839641389f9c5a01d99c4281ca054112098cc27f9b52fea58157e71c1c1ab,2,7927.186
d70575d1ac5630e02e31ee463456a674d83f2b123797a1cfdd809c03729e2352,2,13141.659
d70c1cf7d566fff85b3f43e2309472b660469fabf90540f48d8ba0e80f12b861,1,7128.466
d713d3ef723a92e1515794f752bd4db66dee790d41867c3780d974e9156f2fbf,2,5917.311
d7163037a587406078f107ebebbb6fd9ed2a89cf53829996beb11cfe097f5ab0,2,7182.916
d716aa059c8898cd74e7d7d72f8d83fe5b8c9bd5a07f29c2370cf6173c5bf831,0,22845.482000000004
d71d850bbe4f964eef38de1bea7bfda380422da66e18e9738e3772bdd84208cc,0,3598.1989999999996
d71df837ae9c6c93942c05816d3f7659fc97fbca0dfb8c522c82e66ddc4e0b30,2,6039.0779999999995
d71fdea8f9de1f14dace51baf0e7eba6ab8a8bff0c8ad70bc1b85a8f04f0f95b,0,3896.491
d7219632c7e1818a996b2eb15435e9a61ceba4f5bd0795c2b846a9ef19a6e8c3,2,2930.6330000000003
d72377b31d3dee25d0c8c191cabdd5362c1e5334f0d6648ba61f2a5b829f44b1,2,5151.955
d7292860caba51fa04651a26ce4ec6583b698046af4dc728656f8e443f8e1b5f,0,4193.1939999999995
d72ec4b7b908405e52374a4b8ca72fca198c1f02014ccf6e6ada8de1f80cdffc,2,1241.7414999999999
d735669bea451c0532ec548d997b5cc467e6ff9bc90fc5a7275d54f725294c0a,2,2788.987
d7389da76258ace379fbdd76b7dba69bc88cfaae3e0ec0b1238d47095623a693,0,4374.2005
d73a275e714e30d299faaff91c2d41d23d812bfefb68f19e2a4364bc4a9e0a36,2,5000.832
d73b21080414eb56c89e70b2270b43748c06c993910a64858c86d62f7021c788,0,3243.0825000000004
d73f872793d1a8a0628ca7e2b4c80f2cc6aabcb022a06adc87ef0b7e473d566a,2,6004.201
d753d4c95b4b0eb78370e8aac0c541a61e33d15dad45a64d5f426e584d601ccc,0,3275.777
d75fcc00eccd55aed197b3e7b0fdc07aacaec560c9c357193de25384f64d47b8,0,2097.9525000000003
d785f21b41d26d52f1b869d76fb349197e007dce676f6af0b258b8ae48279cb8,0,2753.5545
d7889df3c44015db9c401d8eb2c97269e71f9b4b2ef6f03e9a638ec5eed438af,1,14180.122500000001
d789d2f135a0a102a0c78141b1fae8b5222ffffb9217edfe0d97e9a64f4e5a00,2,4973.3275
d78d340c2388dabaf488d67293c905d107d19e32c17c54528066c30b55e65eb2,2,3318.5469999999996
d79d9287252d76b94094dc55704d8950ca005e4984ccd29580960a9b78be55b1,0,3818.7250000000004
d7b73a81f25bf28c46e2c75f71f5c7c297d86cd6961a9541a3418bf5d06d6254,0,4950.957
d7c1dc6fbc9acba5d93050947de6c63466844fe68ae27e2303f7d069d42e1dd2,2,2781.6510000000003
d7c394d1d6b4ba0eecee2d53dfc5a514406993f82f9a00d07d25e8e5fb4bb4d9,2,3675.376
d7ca0da8f17aa631c1e24976262e0711c8ef46d621e0c22dbeefb6e270654b2a,0,3241.674
d7cc99a179dcf6b335a5e04efa72654662c95d41278cf4eb347b63539bdf8c8c,2,2155.7955
d7cf8611f53f53dc3cb73aed47d966a33f6afa5ff74c8e11d07309e6ae8b19d5,2,1219.7655
d7d2621171a205a065af033577e8b5cee818cc1c7667c56099643e19a4585595,2,7995.924
d7d535fe86ecacb01bbdc6ce6b3185213addea32ce05fa279469d6de0604be95,0,8073.9915
d7d6c4ab5a847233c8815e8c1d636786b9e5869ea653066a9f606693c8a1b78d,2,8545.071
d7de155f0d7b87e0b67b6ccf251f4164f4a3eebf776022dbb8a1682b83f31b35,2,2329.7335000000003
d7e3ac6ea7359b28ff1a4514302d8be712c4c75ef9bf141aecab4157867317e1,2,6519.006
d7eb45f7198394f11d4cb68dfa999aa266a80648c25673d4192a4cb7688103d9,2,4174.183999999999
d7eea66d55e63561062bfe127d50b3edd3d3d99fad47d18bef86679b378c68a3,0,4718.1955
d8071ddf92cfb36b4a35d998a369d2a9e4ae38a6d269094ac5de13d9205a7f0b,0,2366.796
d807fddd10af34619c8442a0730dcdc29fdc222722f840f9df4983781098f5b9,2,14450.6985
d811b83545a7444cb06d8b6932615d6c7e349aef68cdb512a34984336ad3baa3,0,1885.9539999999997
d8169b9a006f19be358e7cb5676568bcfec1d38ab82d65cf5099268d5ec9791b,2,1973.615
d81c9d324a6ecc44abc4d8ca0b94b7a414a09c67dc0d8f17c497511252605cca,2,1669.8609999999999
d81ed1d07e6554c9612a7b964669d9dbd46ecc4873b2a3e9c2cbfa38e47d23e3,0,4413.4195
d8222338eb0c99a47268422c3fd2833e105da576dd6a1b055902d8ad35586a33,0,2691.7455
d8232ecb13eab501b00df0478411853a3abbf7ed448f4a63aa1c6f674bf757fd,0,4124.1945000000005
d823a6eeaf7bb53e5d90c04c0a371500b8a750df91b61892d4b65026068a3eee,0,6536.621999999999
d824ed5022a24b248dc704f6f5b32fca92adf427f9f12056d6afd41daf875967,0,3162.557
d826568311aed3ecd0dad1c34ae8239fd3453378ef91bac8a9646931e107038a,2,5507.5505
d835bc87405bb3f9181190a0312f71e940552d01eaf6580a7eb1e8851c98d692,2,6135.978499999999
d83649515b8ad942601ae2ad3642b543b65921d8c022104d9a35dfa84e2be0ed,2,8192.375
d838c32dcca09125a61c99b1d25dfecb35301cfb4f92923b3532964d13b4b474,0,1407.9445
d841a11008031804f0b4cd719482b3e5d8e50f696a2e040f01c0f13feaaac3af,0,2096.8815
d84da8447a3685776af23f2af7b960a0d94c8c5a49f47d3a4f52dfdd2b065ad7,0,3848.5080000000003
d853baeef1889c325331da8152667a768ced24aaed2bdd530b91f8717e5b2848,2,2277.232
d85e1f517aebedac65a1e8789494e6ef374b885709129d34a986104dca765ab3,1,2990.2245000000003
d86047794deac95b1ffb14074b6b954aa37bb0fce11064aade95fc5de729fda2,0,3657.389
d86af6727fbd40007005a83d5d1f95e7fdee36ba26c83e0cb3fe7d122f0c093a,2,436.06100000000004
d8740a8f0321f77cb2f94a2190f83f87278c09220ab703085c3144202165d00f,2,309.3645
d87b371ce3a1005e4ce0898af0efa7ea71c656134b41d0eab50c4b08fb69b4c3,2,2823.7554999999998
d87ea73d290e3936b4c02ae09f8a426821762744aa94b57ebf054ddc61f2c29f,0,314.73199999999997
d88a81663e2fc12d406a6571677d38339c31f13efbc3ef609c720290df63f55a,2,1904.0224999999998
d88b116755581acbbbb2e03ad9abd5dcd524660b3020c4e5910c3e59f3266226,0,2866.858
d88e1cdfe78f0f35bbd8f7317dfe87b425b365b6908ce181e6f6a4db778cd5af,2,5980.6055
d896583eaa4d3f175d41353c59b90615657e238cc4b17d7b7cd907392b960a5e,0,5491.1995
d8a050a5fc7b33a7feb40d4534ab139edc9e688dc5155708bfe29a220bfe5aab,2,4802.531
d8a73ae867e9abb5b666138ba235cd96165328615814ce040bf21b5a903c4e1d,1,4757.2105
d8b82044f803be7096e556b598071e356cd254a2c434e2a8ab21e009275fbd70,2,3336.7105
d8c3e7d74b0340fb4e6631d32d41e370c706b582f3538f1fc39eeae0bad4f499,2,882.2935000000001
d8cb5c0943fe4e8d1780487bcb20388244677d7fb447ffb47903419ae2329e64,0,1879.962
d8dde24c3966bc30f811938725f6679a9d1a1ecad79e39c2a1021b27e79d8142,2,2164.3225
d8e6b83e37d8b1c042946c7a7407f66d1a2d3706ecd555dfc7fcaab509e36f04,2,4513.777
d8e847f3e0ac876a1a835a7b7b8b5115f6d2ee05cdd9b08d763392d64ea7f8fa,2,32110.588999999996
d8fc0b1575c8df74e755082a3c2bd2d7c744013fb9793a45e632dd4cbaf1c95d,2,26312.18
d90687b6c1619b49b167b49dd2b5064351aa3122a87cd3244cc0865a489cb473,0,3738.8085
d92516ddc1098f4d68c6dd66be3302e4909ea4d00dede091c5f57216927d639c,0,1823.5549999999998
d92ae3f19b57a26277595b0ad458b8f4ba2a6289a07375f036a851f5150624a2,2,2942.7434999999996
d93088b9c03687d39dbd8d947cde6687e69e51f7b85fe9487c4c8d8b09ba5b61,0,2285.281
d93537e5730d4ce4e06241bb03155aa7d024068305f0a6fca2124bdd33bf203e,2,4252.0650000000005
d940bf4b2b300cd6d165999aa963c7a334ddfea58109e9e90b217dbcf15ebdf7,0,2544.3415
d94ad347aebbb3a90843af040e06f0111cc0fadbd25f27fc41aacb41b2b565ba,2,4049.2660000000005
d94af4489ae35b101e29a3621efc89b64c77be6bdc9600c674bbc5cad7fa9ab4,0,8802.024000000001
d94cb3d1c9ea1b2b6020d1ff5b8304644b3986954def96ae1566741aa413792a,2,3386.4165
d954ee60190f047da76e05ba781609cc74743ac7716ac6ca461166cc16ae24f9,2,7571.047500000001
d9580c1e08fb30dc8a2ed99805d6642ccd674772d55696c255a1efd2df41d436,2,6435.7964999999995
d958cc2c37203eca0c787ebf990a94f35ff0e0540b5aed5d9ff283aebcbab698,2,2543.5885000000003
d95f442315dec132c9f55dfb3bdce31b965f236ca0987a954e3c4bcb7524e5eb,2,6027.130999999999
d963991716dd27d1fcd87f1dfe4f2603e725d2563655cf4b6080b035d0fc0e82,0,2310.6975
d9656de01e9976f57c5ad7fc28b5bc81b4ebd7e1971ade5a69073d4de499515b,2,5262.0355
d96ee6725bb6b891190226ac9474302449d5f9a69b325babdcde9ec0454036f4,0,4350.7365
d975a4ecd488d0d26c94f310dfdc99a2dfb42c12e20d96efa60259ba230772f8,2,2929.074
d9784e38de08659a40962f929a934848a5b6e1756cc34b229c64e64989ad9c6a,1,12501.611
d97939c42112a080e4a06c19d71d3c2c69dc356b1213b784a7ba8bdf7ac836f1,0,7189.369000000001
d98a7cc7f7f3316e74f24a160d14b030a50ba5cf1ebd14d4a00c9b0a1e10f125,0,3677.059
d98bfba5963b4ee45c252dbfbfa90ad4f4a627a12c6e650adcd4464a974630ee,0,3924.646
d99abe2ff5bb642864badec0659d765d695c1003b07554e07c1e51996f4b4142,0,11728.728499999997
d99fa4cdd03ba267b267d3e91b32c21217188049461421436382c246ef8981d4,1,950.5635
d9a23742526c1a33d6809851e2aadf8b14594de70da477b5c15c7a2bdc61198b,2,6611.8325
d9af5018f2edb98b197f95b46e1f40c2872cae28e3c7d49fc4a041346cfb5d01,0,4737.9165
d9b40fa798e464852691834a0846026893642bea4682a0dac2a7b67b7af0a6c1,1,4300.7005
d9b570560987c9424da6ebbac5fe2a96434d1b5ab032ca0c61f4fbb88579dcc2,0,4960.124
d9ba456fbfc888b4d09702bfc4fe3d0f526c94dc8961a44709d04981d88ccbe3,0,1744.022
d9bae0a4aad76bc3559f78446dd265c21f2240912ef690da1cf4c9479877e587,2,527.4770000000001
d9c1fdd8a1e02d046792d1d80b8cc9cbef85b85d2056796bb183f4013ef4c615,0,3561.0829999999996
d9c336db1b925be9e36fd704ebb7e59664fcb23e1d939421bf5bae78e2e7517f,0,8344.0805
d9c93d13982c320f0e3a4a434c543af6ca26066fa8500a534949d38eceb914e2,2,325.784
d9cb4758fbac14c0a5c84297478160543ad5624ad5be143a15eab0e0d55171d7,2,4086.8680000000004
d9cf6dacc42e649ceaf45034ade5bccf2f5e5d5783b44ca6b965d8aee0f871ab,0,5401.438
d9d90f6047f686096991164fce5ced73b710bffeb46e189f33e3bfb9de6faa44,0,7198.9395
d9da62f3a40b2a9e8f4812a06dd6a8a98cc1d2f6d1282eb1e3f6f9a22e957463,0,7234.123
d9dae0718a99003fd80c155c1c0030e513fe0221d72d87b493a52d357b15b0d5,0,3078.3320000000003
d9ddf91ad103af6f6bae444ca2ffcbc2ada9ab3ac9409b5bfaf31b12901c79a7,2,5954.196499999999
d9e95d94dd838db61f85b6f655b6f2d2713e7bb0cda597df60f35e75c78010fe,2,698.6205
d9f291d04a1d63b264f9d97c6242794df78078a81c995985ddea79334867b3e8,2,3407.7234999999996
d9fbea91b08c9c534bc5187bf111a0f3e57c1d13624343895f472945d0bb9df0,2,2112.7045
d9fef48e59fbfe6f0a1d41378407a954baca8a49c24a7c4d7cab8119f1087ac1,0,3126.3645
d9ffbe7c5932d99299710f54d1183e2dfa355bfe560cc6bb79659bd491a53f38,2,5601.376
da0f0c2393b9025e02a5ac49e3ec8491f1f6fa18ae7f7e4405d2d478597a09b1,0,3389.576
da115aff7e405057f178c11a1a6e7b45869cdb2d749627fe7f7ee0d9c74cff2b,2,1.42
da202dfa4d1dc90c386dde81738539fabdcb60f1630520e27867868412ee2317,0,2778.3875000000003
da2f1d3c644e40d437a0820d85105f50f4765688eeb079410584c917232f3144,2,2056.6945
da31d2f100319c7d1c9c0c7b525e4d9c4c75367ccf635f1be92c8ed4442687e5,0,3207.8200000000006
da40540628f4de02b303d1beb2c2f27719585e81d8f76f3dd04d2bf48d772f3b,2,5224.856500000001
da6574d2d81c27eeced4121a05d8b8856ed8ac5b193b0ec33fcb42f03ae920f6,0,5937.837
da765a1fe9f60742248254a457db621ea76cf5c0537c47283f36e1373b2b9a5e,0,2579.081
da84cc4ffef7cf472209ff05daffc7209f866c2e218a0f8f0240ebd55210e4ad,0,1605.5900000000001
da89eed28a9c009f9c6017f4c6c32306ce62ab195a5fde0eeec1df7ab71f7bc0,2,1843.3945
da90536bb8c09ba208af5855620a62a83f6f9640f1b42a8d34314c7e013d169f,2,8650.889
da928a4a7cb9b763a6be09fb863d8335e044d299f13c1e6fdad65d9af953c6ea,0,4476.9725
da95ff06daaa4e6706fc3fe06df089ba08da353141a92050d01e427c3b523cf6,2,1604.1680000000001
da9bbc2a28b0959aabf13ea2e731380e83524066b6a7cbb11de8a9c833267767,2,298.35400000000004
daa541497ced328bc6ce47e1b0a11548c4593e4002c4bc7d74e4299e882af524,0,3020.6000000000004
daa5eb5ff9bcff5a0bb6a0af19997bcf9fcd9e663964a02194c4808d4712cb17,2,3478.3289999999997
daaed1e603dd6cd604a22a10df25d6351e1706079bc9e3bda70884f55623b6f1,2,2174.074
dab25b425f44f835b21897e6114d0272b3834cdd5f97d924583b50cc806fd459,2,8571.29
dab65daa4421698eb50b54f1e9c59e3c3fd694eb7ef30d563818f9336b7b6bad,2,4510.3185
dabeeb3d60a0dc7b67190c1e52e392e59243a3d0a1b862354fcebdd74034ed69,0,2662.3395
dad5b92ea482cc859546acbc58f04667a5f83d2615d1cfd66fd92ba457630e5d,0,2042.348
dadcb6006e6840a6fae91f8c2bc1cc8994474d740961f3871dedc25212977e82,2,1945.8625
dade51047cf48ef5b2d1e9509397e8198ac41fbcdc9135336fe24b785d01e86e,0,922.5965000000001
dadf4a043842779ee326122b469ba525396e7332293d30ac140f245ad25933b2,2,1402.7141666666666
dae1c74e973a1e28149de6b2ba5b82629baf7ba684dbf85fc58ff67b9265b88b,2,10039.067500000001
daf9a04f429d676d2b778ae3beded3c7e0db54db13fe9213f55b883c41c375fc,0,4854.2195
dafb31c1237b24bf4d67fb852eb41ba6cf04adb29cd7a0a327a0cfd3b1ed97e3,0,5402.9800000000005
db080b9df526d4decdb2f48cfe6c7b748af8c87a19c84136e6939c13d9b9a318,0,4675.25
db0c5d0c44f049a6cedb5d97af96b4c6537901abd58ba63e51d552b02b85c53b,2,3346.4465
db0db8d665d639e98373f4831aaf62c2de884028f44153ba75d8822b6f150873,0,6521.9
db140f544aa397625bc305da16a3a02f0199de4ee6d6b1a3e092727784b821f7,2,643.976
db1616783d94b2ddbce6624d6411e9c093aa690022e60422dc87e0199eac75a7,0,1328.1455
db1780dc0be4fd19f914c148f83517d37b6d514e15527820dc111cb1f67df60a,2,11675.885
db18cbfe353c029579018ff72f1666927f2924734eab4e08c9e2bb6b1acce3e5,0,5516.2025
db27fe324f62b921ee0a1f47af0c9407e0cf077f004d1d412f13b4afc4791ab0,0,6312.999000000001
db29c60d44ebec4b659056af58e856af7adf385abcfa6e416f667f1042c651ba,1,11951.967
db2df5d3ce9fd71dc5a6c62f72479756cb914744e99170d3e96ae5eb460d4e37,0,13128.281500000001
db2fc48cb503b85ad76d7faa62af4f4a3894ccb57ebc5b124e1b8e74346d28e3,0,3200.0035000000003
db36ad8e882bfd7ed8086576a5f30fc1091470a7865bd4a74d7dfe63da509f27,0,9593.309000000001
db3aaef1b180d49e5fdead3ab5fe59c8a3bc2f680de92d63406aeac5566bd91a,0,4715.75
db421fbaadd048afd813363925df2b76b0d669e55c5d9921cb858617e3e21c36,0,1976.9880000000003
db4e8b3fddc1239ccb399359bd50cf0a5f991abf36ac27e950946504b1d6875d,2,3968.2385
db50afbbb601bacc9579e64f45a568cabc9a036be520281b3f91dc067508da2d,1,8840.8215
db5694d6fd6ddc9e395dbff84efab90adfc8184d37a9edc0e5db2a96f5dafe7a,0,3170.3345
db5c944c509097c3c2d640f9286704515e4622d3a686773560b0d3c54019ef44,0,777.478
db5fcf34dd041430240fd7fea3fb601e03b541e0be032f7527075d9188935368,2,5576.919
db6729c4cb7a2b42d5d016c4a9ae2b9b2fb73e96de5c2979b48b66f2cd5fb2af,2,1726.7935000000002
db6daff7c78ae9b34d54da8f03f88b4e7ced511f455f46e083043b7483655f9e,0,8528.407
db76e6fd44aa8292e88df58451ae7dbf726462f7aa19c4fb9175b7bcdd314870,0,2944.2219999999998
db79f17b6f18e6c5790cfaebc96e7be98cea51481a0c1d8df6f26be7177a716d,1,1877.3090000000002
db89574ca7564062acd5d3c12a935b3c47684e2aaaf80542e0992fb13ff17fdb,2,607.712
db89ea740abd3e2161782fa59968d68857beaad8d3f6d44ea9816a16b5f6685c,0,2987.318
dba6774fb72e8f9076695a8907f7445445c7454ea57cdb340b4244950ab7be2f,0,1917.167
dbad16bb3b32ee6fbf2f46c535320d7c7bf1c74a2e4ba05c6166f857eb68c0ee,1,10363.854
dbbf3ad7e57faa8bb09e422123440f98a8ebe9993a64c0832bd71df670d32959,0,7436.172500000001
dbc3f9f5525be9569cbd8bb9c7c456a50cc7542098ad4b23aaedc5e9acc3a111,0,6084.845000000001
dbc4686e30acc9b0d80fa8a2b0427364019d2918950f76793e27822873af5f0f,2,5444.8945
dbd6f58dc34af1083385f4932fe22c0eacbd1fe1503da1457140903ecd025270,2,8225.083
dbda1a8474c196b24520bbf93ce689803f56cb7912d5836b7f52d1d7f8734cf3,0,6814.605
dbdc5a2bf92d4f2f18e0e3eb9864d584b87af29df4f60c428bb4b1dcf74fa9bf,1,18318.754999999997
dbdcd7111c31ac8841079edb7d5425a0d970f158a6bf78486a8900babee33887,0,4520.956999999999
dbe9eb372524121673a57dc52261fe842ef4b020ab79ee5a4331dc40f298d7ee,0,2664.5455
dbf2be8d99eaf6228a577f0de495c83af760c07371d48ccd394b598a2a55fe6e,2,4904.6615
dbf459b06de5d10295bb99ecd0f98bcf1f612b83cc9ef1c5941fc24987ee3488,2,1389.2875
dbf7a37df29bd44a15a426df2b3cf29465d5a6ed52f934f95bca1293a00e471b,2,2233.106
dbfb89f387f5a447800f45209f704bc43cb08ea5e8eba5f356d3e4a502d7175e,0,3919.092
dc06b273122cb69b8544d0a2a7d47021271252dba6254ced07f5af3bc1e3013b,0,3957.3295000000003
dc088fb495c7bc4e4c6f414e46d61440c20225d2356fc23a6c03249ff57196cf,2,4281.4995
dc08a1d933defe14efda9ef3c836c8674204a4a276b2fb0f121b9e9b4497c69c,0,5193.811
dc1393e62389949244db4f4eec775915684d088e951c6bc28e4fac78ec60f5ce,2,3269.6090000000004
dc143f8711f6f1921bba7aa1beb491523b68bd9b51e1a94c0a47a1db2a86ed1d,2,4204.2535
dc16c777b32cfbee0b6c4125ee525105a6d66eed353bd6a1801f2a1ec44a27f3,2,2326.4
dc238c6dcc736ad97b03a10ebcaf1601c4941710dda578d98268949d0a64d74b,0,1548.8045
dc2b77451c204b0096f38a361bb5c84d3b765439d71cef4a6c7058d98d3b2beb,0,1753.7205
dc3269fcafd6096cacca8e04a22d8381f57be6d26e8bd18a63fd264698d012f0,0,1328.8565
dc3d0c30ec3cd7a88e45e6073ab2c1d31d76565fe4db75459d3f20fd41b163f7,2,1889.8895
dc404e7e28904ad0287c8ef820d7693e150b0e437d1626166fc23f43ebc3e26e,2,683.287
dc43146040cbdb4aa019b4a140c140172159fd9a1eae17802dbc53cf928f89bc,2,869.448
dc44772279c1503c8a4c07cdcd55cf746fe98d93406a6769a6a1b187adb223fc,2,1330.0155
dc46811be9a8eb24efd4fe965331109329a312ec6e532279582e5519f2e839e9,2,2230.431
dc47f2e2e4b4839a27f386acb95eaafb82bf7e6aabe4653e8d0b8362b30dd866,0,5143.282
dc4bb1fd228a291c32dc29de7102d202cefd2b90e077582b0e5cfc2e402e2630,2,89.19199999999998
dc4e82af3db447ddccb966bbc6d060c1fb14ebe0e611cc830b7e5e258a6cbf2b,0,2020.5975
dc4f2fcfef071155f388bf22ce67254c5853e5e6415d2c4011005736fd7c3806,0,902.2180000000001
dc5149a15562b28e7c0fcef282c4d6d64961506f37a4b88cddeddb00ad2f986d,2,3661.2310000000007
dc5d3ba9b556271075bd50554813a985c8db5ae176339be3c6574e53f0337e72,2,5295.152
dc61072ea3365fca387da8ab558f56a058378f1f3f9d445864744fe1860de6a4,1,2488.4970000000003
dc65a2606746fd4f5286e35a34b7386385f46faba5a2543c24969a344f9d486d,0,11449.110499999999
dc696bff3253566806a49ce3886412d40ca1850e53d8e6e604febf066107eeca,0,3368.1414999999997
dc71ddd3d294cc52e7281b76dd253d5a51043bacf41e52e51ee5c45d756aa2a6,2,951.465
dc73dbf5c73174c7b3c7da99dc2090cc6f0143bcadd7a1defeedc8af44849d40,2,3992.5505
dc781044790dfc26af0fbf73cbda3ac83f179d743db571fb085220098e00fdc0,0,6887.986000000001
dc7c48265768645e22f72c5fe39d5c6540734e99cb109b0d4338e9e6e23518cd,0,6349.3675
dc7e0b6fac0dba65b77587dfe343593a3b31892dfe8df956207ae14be07503e3,0,2017.296
dca3e85c111e5f5d3fea734aebb82e89efd29e959065974d2d8b224228a18ab1,2,10661.7445
dca60e9ed5ebc5719a92af12e160d575e9467b400e34751c59301d5adfef8140,0,5134.326000000001
dca787a007628ee9249e44d9879706a2c7ca561b66b88c2eefb9f665b0532ce2,2,4302.9055
dcc63ff970baec35edbbb943dc052b13ed74213ae5623b22e66d84fa52d1a387,2,14272.759
dccc0bb57c4c6358e687d669d79cc256cd922cba710223f760f69f4b07ad1f7c,1,18967.564
dccdd2797344b83754569b0bd7bc21f34c56cd8ae1125e048dacf090d204ec8d,0,255.921
dcceeefafbc0d0dcda0498e4a944373452b8df5ca7828d507a751b00729f3589,2,3258.3995
dcd66a9ab6c5aa44c937dcf1afdcf48b2f769f04b8a24890ff72374609d50450,1,2963.922
dcdaab141a55109c4cc25609b222a49a0445af90b64cb1b14ac5acce9bfb0659,2,3164.057
dcdd1aadc3fc49301889d5ee0e5b7d91dc6f90e1bd65e3bfb0e129ca5932649e,0,12521.788500000002
dcde8a3264fb5b799d3ad3b022a8d7d67c9e6d3a129fb79d54c7bbbcec95f3a4,0,2454.1730000000002
dce1b4cbf5a03e6c132e478a1283c5d5d7a59fd09bc8cdbf9e96029889b75532,0,2847.1135
dce4a6add4f8435c1f14ae010aff8f82ea0f994543e11a0dcc4601d4a0645504,0,4116.112999999999
dce5e4b88ada9b574abed3fb1ac410457d42c5cec8fcaeb317dceafe99a9712e,0,1596.942
dce86031c1caa397d3228d412c6b5797572690e2700702e27b3c2a7d99bbb50e,0,6028.211
dcead12ad87acb0e40099de79ab1e3fbf5da73cf274c3a2a06f9622ec852d882,0,3161.932333333333
dcefbcbb9ec11ce8816d5adcfc93852b7f11c97b4280e8b95aa239381666db21,2,939.5305000000001
dcf01bc038f6602c03edbd5310ecfed712a64187fcba6b97384739a64c979e17,2,3418.7405000000003
dcf8c6db9667168fe9e6c933af576e40806a94d6522624776f49eb3c7d7ec0bb,2,2392.0975
dcf8e365f8916217f40cf0f0eb714be2dcab93051a3043244aedb31760dc220f,2,858.2725
dcf9bd5719681f411c5ab93ce7a1206f728332d2ecc55d31dfd15f6ca5bef9ff,0,3115.884
dcfba058d6cc2bccc91e2a8056aa17f1bb8a0fd02146c062043cf4599dc45b70,2,12152.664999999999
dcffd4018c169a0416607b461e9a9407a13fb12a85ab8290cd6d0555afbcef15,0,4495.532999999999
dd0011034920edb11774de01d521e0356934546e28977609ca5829f43d44ce16,0,2083.596
dd030edcd981460b09eb9f3972a291009aa8e9217b3a8247ca8fc5003fefb41c,0,2021.6795000000002
dd10d6c98bf968b531bada5264ff487aa7f43990611dccbc500223f343141421,2,3190.8365000000003
dd19694f34f6d7934e1cbceb1668c9f49d9f6c6e2be23639652431725da91068,0,3153.924
dd1a9b5d895e60ac2ffeee7f381392cf95b2117360a5ef40159df801b82fae00,2,1055.22
dd25f99325efa3fd6e3e99589a938aac4b648c86f7963834307b044be9d1c4eb,1,5523.1015
dd29024a5b9a4a57cf421a33bfb1d74a1b08e9480f1034d36d4c2f1ac2d92ab1,0,5276.599
dd2a93e1cce0959b99eb056ae49b4300f70a2267268cc94f101c19849735755d,2,2297.968
dd3e84033895940891a98ded66d6883063215cfb0bd9d7fc80d225e9ea1333b3,0,2215.163
dd48f426711fc2e795903dcaf455949d348a85e40b0b8b2c4f6b3f9c77634e9e,2,16393.824
dd4a44bc3cc6fb37392f51cc243cf12ad85b7928a586651b189da5817ad34b91,0,1650.0439999999999
dd4dc346abf2d4d9106736ba7994107d36a1ab83b2aee13a7a8b86bff5314682,2,2764.525
dd5d206f7425a569aec9c632037e00005c68050265134875ca6ad9dd172368c0,1,258.672
dd5fa61d4a4485a94669c01e4dc625634019d09291cb604dc51fd3ca8ced4590,2,7202.2065
dd6ca31e7d4f818aeb8bdc4714d63b8f714c61904f1d5a0167b45431df36960e,0,3412.9695
dd6e056f6a4ff6cfd4c179fe082eb4c5e31646e522e3ca553b79b954971e5a22,0,6226.3994999999995
dd735062dc0f7745e75c11e329298f5d2aa02945886756c7f297a7b015366e66,2,4586.735
dd7824c5b19204c3adce5b14a9f944c97698374e9148736d6cabcb60646d138f,0,1315.7359999999999
dd80dd8505d8d30237d219af3f08c01608af5f327604d9d823f79d22af62419d,0,6926.0785
dd8bb8b2b75d4de86a9564169d024bec8701120203a05770fbeed5a2129bd8ae,0,5740.9065
dd8d9627cc3f98e66a3b2aa410da9c19d266463d1f6e9cf71a96d0b734359981,2,3925.9404999999997
dd9b98ed8a9acacca1e881770b580ffbc15652087faa4f061b967fbdb8734b1c,2,8981.959
dd9e373f8bc0c61e95013ea8ff065859a5c1f90cc67abc8ac8224068d9241ff0,2,4462.8125
dda0148b2a430b137e34af4cc44406a7b08b05a9ab6b6b6906ad8f247e210eaa,2,1617.854
ddac947b1530c138b9ee63827d4e19320848e1a5b69e3ef6a6b9ef9f05d040a9,2,3982.531
ddb3bf0e4fb41a459937ac1c4a0969f38a1178a6625791e617fb556158ce380f,0,2415.527
ddb3c030a08ee03f5dd375e25b078a1be600667831f2b1b392407bf9634ea278,2,9657.0775
dddd7ea8e420254faf23a0aa1caae3df7b1851bbf9303fc1c6cc943ef689d9a3,1,905.818
dde52f58762b14401ee08a45ed4d4225d157e96305aa70e08002190c23cfe264,2,3974.2855
ddf1a8dd00b8215139929dbec13e7d12234809167fa059443879149b7557ec2f,0,15916.9205
ddf3ecbd44128a7a83af3fb352c428826194f2b5051930842473693657affdc2,2,6079.0815
ddf3ff956da66dff20a47e92d1b720c197ebeeed60d9c2b0a0770a7a5dd42d5c,0,4067.3545
ddfe00a533db551f5eae019dc4a9c2cdc65cfc5f0c06f75b7e6a212317277a2d,0,3853.7715
ddfe231acbd13f4c7e19640045af8ccc20b0303a8184251675253eb90b977f09,0,4345.25
de091446923cb98398968f424042d684daaec64672a7a7ec1e02b2c886341c10,0,942.4755000000001
de0ae1ab02d5559b90cefa49355504e9c842ff083d6a4b9a07deef2b57cb9b30,0,2903.8599999999997
de0c024fb135f6d8816d729553658aed5c0044be6adc58b3ee1b02215a04ce9e,0,3559.8515
de1093cbbbb6366b5b261dd7e3644ce26e5daea102af532f03f05c1046bd2831,2,6258.802000000001
de1d65ebde80561f4593c8da9f309fc6d39fc63aec3f3e3e3771f87a7311ff7b,0,813.3710000000001
de23a086d375e24aab05e8ddebb869241a621e97fd97f0c6be09bb3c9f4248c9,2,13451.694
de283e16c6e250ed678a29aee675a89d5a6d9d94cc10953d867841918a1710ff,0,5453.8405
de3b210c69be6ef1bffb10fec2123928dbb85b2f72774eebf8fa689cd8bb0527,0,1933.9790000000003
de3e50a0e9c96fde33c4415ca9aa9744d0f43e7a166c0f6f8ca30db85532fb92,2,3553.684
de3f61bffae01cbe17c513cb61641a2f03bf58451d857bb725af7c3400ec8fbc,0,1056.4875000000002
de4884e3d8ccd263cef41e116844be05ce44df4f045d8d7eb24ed64fe1fbff32,2,1922.0795
de5c533ffd5d66a80a9866b94f37ffb17a3f9a641b03540a5e057223a75bd612,0,3847.2005000000004
de5d14dd91c823d8a608115aeec82b45de178c2e62a8477b08e3724d721c4fdc,0,2989.1745
de5ffcfafc0ab6070ad9ff648833697012ba9a17ab8c84e8931a8263da60af94,0,4512.0869999999995
de755079e49cf1d2eaf0576d369cbf865dfa6d21f785449f0c087af7e8c3b12d,2,2676.1549999999997
de78f18928de688298494a53a3887a7d7e6d44611a077870997344ec436f72bf,0,3168.3485
de8fb38e1c44e8368ec6bf420eb989da4d33a4053c9c332c719825a7586dec27,2,3342.11
de9f8bf905544c3145ca20675c537ec98af40b4a0caf4f99eaaa75f865846bc0,0,317.9930000000001
dea2450c0b3b8f98f7606089814a990a7454e0870e19958f87605480928e082c,0,5143.5225
dea9013e13a40301340f153daf185b344873b67713f645b86f88e7bdee26491e,1,22154.393000000004
dea97fbe88c132b003aa7d3f7664c243619b7d8e608e25a7c974188a84671a23,2,9763.226
deaeb69c7dc22a4638486526f07fca6b11b166384e31db35a60bf11aa995fb9e,0,2019.896
deb9cce416b503317848ac5ff8395db3f9f0d505abf86496a57c550e09207d0e,0,7290.4220000000005
debd021d5bdd32c29d5707f25538dc7e9c7b5f0562320098f976eb434d013dee,0,1058.6554999999998
debda96a7e04bef71dd9a0361f0fbb38bc3e9f7e1736a06ab2a7bd504479c1b8,0,4107.1849999999995
deca833e9a581153b192632a560dd55b5df48e8cf75a25a6a2691d5b645aecdc,0,2412.3824999999997
ded83366da2f8944aa32aabccb962df2e6d62d508d7c3141f41d98bf06a3ae39,2,5816.051
ded838d300a867e051dc5b21b6f0a47342c947c8b390e681fdc9ce08f7633be1,0,5752.87
ded91093b10cbe22188f7e623885180ce555ee9eac308acb3824295067090403,0,2520.7239999999997
ded9bdb02e82cab9196a725140fd35d861dcf8b5250c8fb94d7b5cb2232a99c4,0,4107.1865
dedba8732481236cc1ddb9edec4273bc2ba75976b0c0034377b9113993e88437,0,1742.694
dede42415b93329b6e7f7233d84b30bd6238b7a8bd66557e58a6fe990ed19738,0,4723.17
dee03dbc968864e72e36b78b15c85b677b3a429c1bff61ed55bf5204550ba022,2,3197.0595
dee5505faa4b054d1fa4b773ac3518102d7dae449271bb32200db8295f50bec1,0,94814.445
dee5990c9b34b229646aafa3f73b85855770f986d74c1c8ab4b95728c93ceef4,2,2882.534
defacba212f98a26f1b49395897b778a1a0252da5c76965f0c1534ba463d9baf,2,1446.0735
df041b2957ad54f01bc77065b953dae2a2f35aa462650e7a5beacf379debb98d,2,521.5165000000001
df10a9d7c6effd413086ee7d4a6b37657721ce110cdb4a95b92ceb870afb96d4,2,17665.1995
df1780cb4618175621355bda60c74dd2a7da0c5cfa09fa339845331fab7a72e7,0,3574.9930000000004
df1dec7a902ded06cbb7450fe0e699da29064cb82a0fcf69b9e53e48553eb3dc,2,4393.0185
df24a31124e362dd7e27037c15f1f2e5540a39e244dff60935f31a68d6c9a733,0,2340.1895
df284fa36f16ecffbcf81819fa5d42f28fb518e035c9e7d37b2aff4ba35acbb9,0,1248.7510000000002
df287abdd33c63e3ea941167d71c39eef9e178b28a73b6103a50cb72b0644596,2,15508.783500000001
df2d8357a7ad19de91a78cd475dbde7c91c430b2042fbe7ab1b05bdd8ae425e3,0,1939.193
df2ea6329d2b60dfc0dd45eb22a764ff6d8168e9024926935cc4ec2a18a8e9f1,0,2766.1949999999997
df31160af1ff875986e608afaa9211fb5cdd7dc5f64ea2f69e8d9ae6d7a45f82,1,4128.2025
df349ace6e69b120c0c1e2cf3a214ee05502a3e6180e4ef1401a9c76f0e8dcbe,0,1999.0215
df38561701653a8b24105206a9e84178da7b4c9a88621a11516690954f177b0d,2,279.55150000000003
df39a7184a3e86b293e45ac0ad8c51f9b595503c1f56f664bf82331f1a130263,0,3423.592
df3a9e91c4d2aae2f010d89f6d656f087031016d43e28d0babee4726555a0a1b,0,1644.269
df3dfb4f1d3d2411574ff948e959068b9216323594b1c94a8f1834ad75392e35,2,1586.8715
df3e5f3ff9483fcb27b2221a77705af6eccdc8eabb48c61b51ddc2b2c9bc9939,0,9240.884
df4060a45a6605299d414a71ca1aeb3f5ca8f8d694e608d075e0d3b6b471bfa7,0,10884.180499999999
df40fddd8626d3be156a47063d62b76e7f222f00e4dfd597798dc2b1843d8521,2,9463.202
df418f36193254de410543200a4616729d5da6e9c157c5ddccc6497abd361eb8,0,3405.169
df4e2d8e96e0c2c8d9e1d95b50abd2fed3a1ab0fe330e1203f4aa3c91dcba296,0,3830.4129999999996
df5ba5432393d8abba04211661c844b55510f81ad2360581948c0e7487442297,2,606.643
df5d4de480d87e0d096ad472dd12e0f633892eda2efab36fbf174304463b2626,1,5007.845499999999
df6316246b1e49be04e04a405ecf93132f8f11b3a65431b1b5d8657c4acb9603,2,3850.1409999999996
df660ff561b2475e6d0b959dad260378c027ee24ae54d0d853ffba073474412d,0,632.3665000000001
df6ae8d74bfe3ad57936ae067fd77085542a9b5337182da3f194f13111d13512,0,3302.253
df6d0b30bbf14e65be2755c1b2ce7af0a1f912b4d20172afa9bb14ba73375ced,0,5148.3315
df6ec2dbe267c1f151cfb84b395b649dcfa3c1c8f4eb719d00ed6381c36d2078,2,4369.031
df6fc16ef82610ce90c1bdd29f2be78bfa698b4b4279a57484d5babcbdba7986,2,2194.38
df89b641e803a19ce36156a2c05787d8043d9f0d50f1bcda8db244d04a61f3d2,1,3725.1369999999997
df902be0601e34356ec8689ee9071fe7ad7d8a5e76683b66f4ea61c02c33d168,0,1840.77
dfa7db7f6e7ded523a22e0646d182c7a79190b21b58dba01ca782a9577a274b6,0,554.313
dfa83a9abae67a964d0650d35f0b978b9965887a08e61f1e48440bc63e83da5b,2,3688.655
dfabc8e19278dcc14f377c3df36bc2fe5739c650c33d5da665341aea8f7a98dd,0,3177.5634999999997
dfac467536c5d365bb4a1b4420ec8bba1048cf2c97a52c96d143226b92de484a,0,6411.514
dfaefe5360d323c3697eaaade8bdd185261e762d2f91d37b6aaf5cdf48e063b5,2,4883.4745
dfb496eb67dbf1c2ca437a7a270781a0ca02daeaa726cd1818456bc713067697,0,3037.73
dfb98ccc0d64a1a10cd195c6220d5d080f794fe435f5624f79cc1d6ea462b433,0,2812.4435
dfd28ee84395e26e49413e22d4fc244f69534d7f1956002cbf9b31986e53fd4f,0,3760.9919999999997
dfe3167d241de24b42be496a8e19442c5a796c24bd4b3b379e4f8da41c934ea0,0,6060.593000000001
dfe92b3535a0636fbdf16dac0febd9654728513077a7727355b1aa8a73de80ff,2,4073.2110000000002
dff4d7aeba5a52453cb3504657315925a14718f55c7a3f9797d0d9c9b5d43fa6,0,5617.527
e0065ea917a0d8a5b669a26176725e1b6e42e279376b8201fa1f61b3d5abda9d,0,20529.6555
e00c9b30749526e078aaa31bedc1d53ae63a3b19d073e8cf3e4fa6f11f8d16b9,0,7452.276000000001
e00d15d4d0dce6832b208146b881d38a32acf4e843f5d25548c6802b195ef264,0,1018.8674999999998
e010b2af24c88a96cc17a5a1deb6ee0a064b5d29cd0685c6146bfe226f9a25b0,2,2318.3590000000004
e0117652acfadf3b3135f5f5c7c860cd75022e9c725ce4b7a3eac88edcafe35e,2,3109.8665
e014077aa485349afd604cbbcb7bff1387a6243aa09a8af650a390855f11b48e,2,3194.0645
e0224718284cd73d07f839eb22527e1c5f17e465efaf4a02b35cb26a682e2a80,0,1705.233
e02a3e7a557743a538c2281e3991f59606c8bca93d2a3ef66bd8e207bff6688c,0,2374.3805
e02c761682a230b6e1ffd96aa807a2ea36785ab14fd9f96b44f37e6c42d61b33,1,1971.7614999999998
e04258d89cae47758cbe589cf2d5277aba5e20aa389278a1a7974d8ad33aaf45,0,6953.5305
e06230b42bfe05b4b3b70e4fc54bf5910e6b9189930e98f0ca383c523bfee13a,0,2439.091
e06d56ab9b954cf4ab37e33d6edafdc9c6c89c29d6aa6ac0298f66c564c6af05,2,3576.3599999999997
e06edc4b26e6cabf73d6e05dd474003b9b0bfdcce90c48d18946ef00ba8bc96e,0,2845.819
e0765d1bf5b4a3cf3daf18ebd63747192687ec919d089d8ba8e24aaf5a5a6340,0,1148.6415000000002
e07c6839ebe23cf45b1bd8d007dadf419ceaf56ee3c2297bcc95a4dfc1b79528,0,4386.035
e0811ee1207736cba30ce333e852d3dfe8a499b0021477bd28178f58cef3f48b,0,1642.3610000000003
e08e5b672d180f1ea75c87c66e117f245a7777f41c36e45536dccb926d31a744,1,1922.055
e08e62f76a8218deb5f6f7d6345a44e5538a242016918c2aeef4a365b328c735,0,3329.5159999999996
e0909bcce0897f1278272c414cddc3aeda0fa2b078a920c6d266a43341ec2994,2,11627.855500000001
e092d5dd8655e97b9b3421a50b35ca919802f2f5592a3fc32c0ef519c0f158eb,0,5835.242
e0946f70329cf4f0f729569004f7ef4d48956090bb721daf530f1fdb135fdfbd,2,4443.2795
e09474ef436455956376a6ad2365984ba81bf9dc0076280a345de4c3fe219b56,0,4137.113
e0a4dae65d74fba0325d1a983d1166ca080d6c6b7f2fbc4d83993019a98a2940,0,520.5765
e0a51041fbbc2f981524849e6ea53d502306b9ae94ca6edf5153317453f29d8e,0,3509.666
e0a9a31f7fe60f3e980139dc3b32233c8283b6983d78d3961dfa118dd3617203,2,8559.6725
e0b4307f8042baf0ed524fa40de0afa9b0c1ffa313f1779c9425208c4f542c36,1,6292.3915
e0b6da6e46e4fea2ddea7527abe115bf6b3afc98e2e73775911d2cdc66f94425,2,5153.3460000000005
e0bdb3cc8825935246177d587c4ec3dd2292985f5f7164858f9f88c4bc41464f,0,5228.526
e0c332a4b4a9efd5167d005296e7f664bf9a9d9ce4e98cb20d6760b3c2e2f190,1,2471.754
e0c4d52d5e0bd11927b51fe740a4380f83e40cf2d7e43c37298fadbd071936a3,2,517.998
e0cbfdeda949229d03786266804e724040549b9430b0d266521c1fa1393a5373,2,25.577
e0d39edfbdb2afe3f7d3b0c9de3bd328ba7eca5cb45438b9f1ca9c987ef0c979,2,733.0590000000002
e0e4e912201df2a7a2b8c577179b86bb672c2954643e30dd188efd415463f622,2,3028.0609999999997
e0f1f232d3008160230d825c9d1e125d486b572edfb91356eb063a6e632eac11,2,7135.2015
e0f272bb535dc78725f1f5325a23d661e9ae1f6e1b29196259545582700554a9,0,4176.736000000001
e0f32d616e68dbb8b06ae82310aab43472075e08974fc9671de3900cd1ce443a,0,8113.7225
e0f4006fdaff49b7a71e8ba13cb36653e9fdf4047f6c784a922b922281aa0ff0,2,326.0505
e0ff61be807ed50c17ece2dc3c317b6dbf96453608b8ae1d58f242937fa4f543,0,3758.4785
e1047e565d3354fa89462e1f96e926c84dfc83d47ebb62d4111b7e409a3b4ee0,0,4364.7880000000005
e11421fbdf0a822ff4658698f74164e4d265e10beb4d4eb5977a3dae437a5dcd,0,2357.853
e11d699f446e91116a82279312a565e4f21d6cf07b5d1a66a38cc04c1cd0e342,2,3303.6234999999997
e122cf4d291ebc72f520e0e67a02f36bbc178d38ad1375080a039765d235ace8,2,4954.224
e126a257465d891e5a164430e475a74a82abec18e3028e5459ee4d94175374da,2,2176.54
e127e2318fc67e6c6f18cbf92f294a14dbf7d57a043dc5c0b26d0677dcde36ba,2,4433.6425
e12f78208960cc2d101150c75286c82c3cc8585dfc3ee31401c28c98f757d7b8,0,4111.5765
e136641eaa23ad32e45ad8704a5867b7f5b966f4e1ff9ee54878cfb280b9a996,0,2418.3875
e139be9811f0454b7e856276f9f14743f11510ffd02f2e5e16967d2ef0a78230,2,2506.013
e141efb301ccc5d8305428955ae17064b387a75984be19485c0e70342b537e34,0,6556.5244999999995
e152d16100d31d3413848ad6f70705e0fa6f0bbf84adfc2b91a9c5c312e05c5f,2,5135.192
e15b9e46b63cc2813088ccfb9544a1e0612a6a336c61d516cc635dbde73c49d2,0,3124.0355
e15f72ddc497fe6fb200da39847c49c4c1014b97ea1103eb048271f42b0dc0af,0,3156.0985
e16046164809ef33f8f9b0fc6db5b991273e033c7d7c7413ee683529b08bd20e,2,5349.290999999999
e16acca59ba79340613cf06ad513b669962cd5c64d62d626c724489a29a61f00,1,10893.421499999999
e16c994bfe29b420ae44c086fce226ffdee7a960bc7f86107c2cec9413650c32,2,5056.995
e16cc02fe01964146f35dd910365bda4f6297a3968d6084a71771b4f9f606380,2,4188.637
e17965ba615cce3678257347efe34e8abef7f402056eb67b0f5380c88881318b,2,3356.4385
e17f72fc14e6778a22e0004ef2ab544b260cf324e26ae2872beb4777fa583aab,1,5300.030499999999
e184ac7d361614182711efe4a322b9807492d188b4575f824c22be1db6acb6c2,2,1106.9665
e18e38a7c2d9365e058022427c5d664c21033d7f3d33ed6f2529e4926015a7a0,2,7175.3505000000005
e190c1d01f9f731bf92b6bb5cdab9cc8cae460bdb613bd14d0dcc107e9c3281a,2,2061.771
e19657eda63afd3c609b5c52d9491694dbd4705ddc38ed7c25321510f2e376eb,0,3691.9715
e19c0e9c2ca3de879dd0f147b1f5f8bb3594aefd1ba92112d5847d08e7e42934,2,6000.187
e1a2017f8c7ee1e20f9e57d616491aacc20666589fd175425427c28fee31afbe,0,2044.7115
e1a6e019023358d9f8560921d6b64ba327946132f6b9e0578bd089552938e6a7,0,1745.205
e1a95a19b100ef0648e87dec7fea032441be9388a46d6cc2a259e6718009ed8c,2,4855.053500000001
e1ae794b59855a904af6162cb9b301855a4dfe4159620e820991cf55ecfba8b5,2,7560.865
e1aecd58ad63b44d62fa3172ab9f0ef4190d75c0b09641b6b41288141735f9cb,2,5397.4265000000005
e1b34123c31b8c54a6cb7e0b578a3a6fc12364607a8dc23d021389617c0d01ce,2,2835.964
e1b8ebd30b303d7f94d7b1c2f758d0177fbd6dca6c67fdc7cb4958bde8a6d5f2,0,7304.880499999999
e1c187b614d44b80ea53d16bee1d7abc3db3350a0318b7a2edab2fcca9c650ef,0,3033.52
e1c468da63f0764150e546db555d31fb673776999de1334c2c2c59a594d1c465,0,4800.9055
e1caed9c8518af1d57897fa38679fd38665aa07bd02892cf97720cbce55e6fc5,0,813.1345000000001
e1cb143c28b4960bf5da0c7da6b1df9e34d80f0e93cc22d33289bc31faf0bd5e,2,2346.4660000000003
e1ccc1253067d0ca849812b692d75fc49b51dfe66bdb25e4c3d62c667f2b42b0,1,1633.5855
e1d108cbe0c0efab573edabbb172cc8c6ca970bae57a582afdc949e270ced95b,0,9154.265
e1d2917ab7994923b7f3c18cfbde189618fa84c4d3a5fb887ef9132470c34333,0,5065.7165
e1d941cb27cc173a7ffbb646a872c7d1bd52915b2795ca7926b72e5e3f268e08,0,2442.0855
e1f641a41a9d2c1a3cca68088ca99cca6dd60e14c49d6d84e12bdf1d697da227,0,1777.6214999999997
e20578dbc0996ca6129b1d1d94142280fd835ce6e43ef47c2ed81da24a963af7,0,2170.0344999999998
e2085ae5e55a4c44214cffa2c5f5184f6bf9a298c12ae972ff2ff1c3509985d6,2,13361.179999999998
e2123511b6e6268644a1f358d9f0a22df9fd4819b933ff288e6759ed7ba919fd,0,913.214
e21bcc53410c0d8396f82c9c4eb666fcaef9ac94282c89ed216e8375bc11e9c4,2,4102.3245
e225907cd59f3827d514ff5b94325a88837fcd8086adb6c95c12a84c54d64342,2,4746.408500000001
e22b17ef4aa23917fe1227b800411122c83037118818967bbf48697d8e97c333,0,1224.4470000000001
e22b3c4babf04230726a8782fa2fb110420a529d2695717af7fc52de7b2f56cc,2,4374.8745
e2329fea8d2a99c948e69b44ec8d9848322017775614682b551860dc5ca75504,2,3399.7825000000003
e23bd4220f7e5c68b94c28946554abbe74148ea07ee2c16b6fd2a54c90dca537,0,1517.8200000000002
e23e3d6368b677b9d438f4b24b3c8b0843fa0b9c4ee0b125940c4f23c3561039,2,2355.0705000000003
e243b841969a9c0c8bb6dba9dbcdb3555a065087302286ba67de9259f3df39a8,0,5250.1405
e244e7c52aac2004a1c1e73df29cef2a709c9088bed309f0f964e3c5315ce52d,2,3104.397
e24e68b34053ecc013ca26ac42979060e55825eeb9dd22f617b3c2e0932880ff,2,862.7105000000001
e2552fdc24fac5be8370cea3ad65a50d098196d41b85ce9c99b286f903e7cc9a,0,1554.547
e25bae7da6a4816df58fa061538922553ae02c1f06af9384f19886fd2008f04d,0,1741.694
e25e61f2fee568fb99002eaee0df961bdc3b9693643f0ff30f71e0077efee818,2,7972.656500000001
e275ae1c27707b6ae37a5e7b8d9284a546211b9b3cc75dc61ba2232c3430ec79,0,4879.4375
e27a9e6cb73cbd20cba1611011129c207180afe0d94887690133f18796764342,0,3124.12
e27c66b0caddfd84396b863ea9b2eb30e4f1e86b6dcf735fc6c8cb6bc923be36,0,7614.7055
e28a9416fe2ce47dfb0daab70d1743e6e54a1aed0b4f5fa05111e352361de37b,2,706.31
e28b643afe7d9a847c3d7c0e4f78dee1a2a2d92d8a7c5c2e9f010dd02a7e75ab,1,6179.0245
e2acebb60471234c1bd22cb7d29decd3999d5490c978e393b49c8dcc1c0ead62,2,3106.846
e2ad4b442c9ede8f1e5a55276c1cd78bcefb7d62687cf282985b29470ff958d4,2,4055.9985
e2bb7cd09beabf3c53039e151d597619610d5acaaaf0fa0aca51db4c4ca22cd4,2,5316.0355
e2c7d7ad36a1c55ff15bf8f50f300c2622cfa7e44de006f88806c6fa503167ca,2,203.51150000000004
e2cb6388957141f7f1340991bf59051bbe47ce09875d5bc3e12c2f4d541ae1c0,2,3012.4869999999996
e2cc0e605fb3553870ea8ba0f9ef0968e29cd8c8ab52c2107860fff43f48ca7c,0,2500.938
e2d582121a293db50ecf92455f73b043e8d7222cd5458f4a4173fa1a6b5ff080,0,4142.394333333334
e2e1b174c39f45a5faaf7f74a9788788709898b19c1598b83b4450e32d85747a,0,3419.342
e2e6bdeeb330b1ca5e8b6f5451929f3bbc32bcd94828cc09bda0fff31ccfe73c,2,7420.0705
e2e92bac49e3ba1b60b9432d50f70a2939d007905c9d028742e199efb90846fb,0,6237.4974999999995
e2ec429042375f8176bb303300cc6bd4307703f6f14a9ef38e8679731c6e94f3,2,5110.718000000001
e2ecc49a616453a36c7c5cf4dd54fb5169aabacb97829353d6e3de9b8b56ab9c,0,1052.4505000000001
e2ef697daf13c32ac1cde20d31769a2621968b5d2953505cc9f826cc7db42d86,2,6891.951999999999
e2f0573743bf59a89082d39ff4d905a78299256bfe1ca3c9d16915478e9ec5c6,0,3225.6185000000005
e2f18380f30ee64b6fa92e9b1d5311372ccb34275f9126a51c489bc00cca2767,2,2983.0310000000004
e2f3ef5059ab53176f994a818759a1a785cf663f183bda46dab999adc706e594,0,1863.7855
e2f54ae97d354adb3a7d25ebc917103b267697c5332ac933a9fe869ea6770872,2,4541.89
e2f98c30b7e6f0c8a92cad95d35e6906409b829f1134cd83953ee3bde6f091f5,2,2995.4569999999994
e300c22891795bb59a366e7ca6372682f844c6b44d321264de2422070689a4cc,2,5723.1835
e307814c89cc0441f2034fa6f7e96a048b58394aac2fd57929b0cad045214ae7,2,2262.165
e30f5c5440cff50610200c111040fce28c8069a1c3291b3762d7f67d15da9eca,2,1093.9575
e30fad68c2b57f034b200c9b98fa4989bb8844275232ac2dc626355ad35c27a9,0,9220.7485
e31625f975ca94c1bf646a446bd3b0c9c7d52fb22aa23e71ad49726efe881df3,1,20067.321
e31ae05454a38db9015953dd28b1a437def99f7cf20ddb7e4bd3ec3f4e55a52f,0,3703.7405
e31ca2205c86d6fc136fc17ce0158814b6d0b936571b8ab3b07c2d3bfed39e5e,2,6639.3414999999995
e320b1f1f7c6f655d7bf815002481369d83ffd4a23418b6add38c43e9155453a,2,4661.4465
e3318b42397e7fd3b88bcad2ceafd001c5112d10229a44972c1ef521244e8630,0,1978.423
e336e08bd4dcaf42e61af183fb8c76ccb0375b056235c825f7909a9d81edb1de,0,4404.988
e33e1590a1ae85f2236acb75c93c76b813003948dd330c973c58f28ab9f36000,0,2440.351
e3451999d1fd4c1998cf4184f116484d8db4a82b6adc041629de6bd6af3a4b4e,0,3534.0660000000003
e346c0dea3edd11c6c432b11ab85065d13aba12d5cf04d73204f61e516f52d90,0,4164.362999999999
e348a1b0da328bd635ea8899ee23f6907561220e24aeff315531f3bdd459c549,0,2280.0690000000004
e34b67fd54a0bc3a7b149cb85714a6d52d0f0b0f3d6eefe89b9ff54ab0b8f885,2,18767.569
e34dee63a2308c413b18b9a9af14e2691aa4fc7e8de8eed5a5e9b891d7e21f58,0,10256.052
e36866a744fa822558506da42311f21da0300a9d9e08b9cd7a90eedf151dd6d6,0,1643.3560000000002
e3783d082ebe753f90d7d5ef985ec49143327c5cc8c584071ba459d72dc6e81b,2,2753.5924999999997
e37b35d631ad50399e068cc6764a4d1230a668dc7d4d671f0d78bde6afafe75c,0,4251.456
e3819f60b0300c7c161f78d60cdbc381ebfd9331bb5dc63f7baa047793722e3a,0,4836.404
e38f0e5602ba199446f73cca25ed810f5a5280dd4b49023e9ecc4316ecc5bae7,0,5821.19
e392b4f1f72b0ca220eaba721cf9c3da2cf585a952163ac78835843be333ac09,2,2424.077
e3943b34c049df64a68b56e3e0839183bd379c26dffc3af0735eb999fde18e82,2,5651.4175000000005
e39f12924e2cc03aa205e141dbcafb27d02248b3fe2a2516865a0ff6cfaca944,1,2100.699
e39ff9576ad1e600b37238edca233577375ddb401b67f55b66d76030e9aac403,2,3870.0445
e3a1e7ec8fbb299ebead4b6248daed2223fd2bfaee5ef13ea1e7f29a8a7dcc08,2,1296.313
e3a5fc6b25d765d8cdad893dc430b3a15b970f413ed4c9e0b6c3ac7c7b445ee9,0,4290.2654999999995
e3a68611f2de78337a5fa00588fc367da4ed8568a6bfd8ddb2fdd35391b45315,0,4251.308
e3af28edb2c054dffbce32b849ac11a6481c102ae9ba06f9777fd2a024b2abed,1,4718.558
e3c53c2e2527257a4ee7097a3956eb3a165243ef5e4467eeeeb12c8ce0ce327d,0,9430.7425
e3c57c32138581e36d3743e86952177454fe0c3486cb2c8cd48762797baee7f7,1,3580.1265
e3ca17afd273157bac0cb38e7944e5f4be49b26357f5b06a4000c7e78bd8d545,1,17107.831
e3cd05e4380d822c21db9d903968ef0b172227869de1f2d0bf80c6b9ebf9890d,2,10754.042
e3daa8f2f2ee644a8344f684866c1d8f2f16e1517a51f4953f6bdc9100b37372,2,2838.1
e3e450fdfa3e6cda99477e0aebff5e7e9fcf49df9d837410d305f52f4650c92b,0,2054.0845
e3e8f8af55b1dbecfbc05d57864741e5a6c18cae70594fd640027ec95f0fed88,0,338.004
e4084a55a7c34aea65aacaec5bef2c7dbf0c274c8ee8ba885eac3a75067f1123,0,6026.092000000001
e411e501b6a55784a0f464c9676f1a08580fb6797841caaadb20410fadb03e4a,1,18589.128
e41404f59a49b0c519b451b38536bee62c6e964e09eff192e9fdad232daf7645,0,5267.805
e414f34afdee0f7e0448aa46ba5cc3e7a4f9a61191cad70f9e204cc3c2342bea,2,4251.834000000001
e415b4c23333257a1c3ebe2e6f067b3d5462e9d480ae1f42bd4c09af71cde445,2,2871.1119999999996
e41bb91b673512440847fe4bfffa3b6957fdccf710ea143be5cb3ba5b791a2db,2,7367.1875
e41d0cdc0988dd85455b40d6b0f2be338436ccc16529388c48c571f0a8598d62,2,2534.8895
e42095ddec07182987143aa1f67faaaa84df4f993b095874af814e537d0f95ec,2,1467.9679999999998
e443e286fec3cca0a0f76c813290a982f792f9c436f12cca703f4a566ad82841,0,2111.4295
e447d6715c9ecacd70bc909e6d5573208082facee57979b412970ae35fffec2c,0,3601.74975
e45305cdaf003c66f0e8d547a198a443de9094799bffa29d76db977797f86dda,0,4513.5455
e45bac2119e243b31dc682152de41221357539b2c52341c062f380ea91f3840a,2,1258.6275
e45e0617c019bd2d454a80d92815a3c19758de1aa0b5bd72047100e9b4f7fe78,0,3392.563
e45fc02970bcf6e5d541312be030ad8ea6b1dbc9b4302d08506edd008177b0d7,2,3080.8825
e4628c9860113496eb593df442519171140323f0f3656fe67d1ff0a5519b2734,2,7814.1849999999995
e46d0bf74fa7b7266dfdebf8a595763c5cc7b59b6aaf8e4b7122d208dcd6b21b,0,1728.0975000000003
e46d623c69425f991ba44e92fae617756c1cf257f2c80d574a9fb7fa815d9711,0,5270.5105
e4702e7b706bb0098f97aebc27fbbb2cc98d909c97dec67b43af8d9a787e8f86,1,3974.3534999999997
e47072d3f24a167bb659d90b282766a1f2acf5f1abb839a3fa17cfcef8b3a826,2,2072.9545
e47074a27f4688ebdd259a57cc1d02defecabc90fa86da65fcdf874dec7036bd,0,3149.9015
e493b1dcb684821382e17ff380f4a790968fb4cadfbf8b0ab6a6af9d93ae321d,2,5126.3460000000005
e49a59be4fd54f40ce941c1996d0f4f5e4291de4bd995e16074a30b8c8688b33,0,3563.8455000000004
e49d60aeb09a73fd02836550e99ea2e8035f91d47b80d5cf79c89e8c6fdfd9da,0,5808.758
e4a19ba9bae9239ca20307399377121a1203d47cdeb7a35b90addcbc0c24a96d,0,6001.302
e4a32cfbf4e3f202840f73d6ebe3fe00b5ffed8d95c1dca5f6b5f41e6a346fee,2,1292.5525
e4a7daa449292445284aba6cc7a75728c47803443f70c986b8a8c2c051fa6363,1,14416.334000000003
e4a97be6e43346745665beb9d9a2efaa1d001be3974af16b982f0da2b9e03218,2,93.095
e4aa36112781e7947ff88ff1ce459a32ac6c64def3787f575a94ad89cbda2ac0,0,10111.103
e4b3bc251c92468df65a00f863f87e5407b3517c21339448dd27d14f8737f5cc,2,4027.508
e4bf10a325b11ab6a662d42dd97f0b6dacf8a4923b6de473b53b92932c9f677a,2,8120.8835
e4c3080aab9e5c82c972e92b561ddc113b772a9ec3c34667dcfad351b94900e9,2,4211.050499999999
e4c6a9ca577962c4eeae7b40e4aebdc990cba6da374c44d0933dfd49c0521d3c,0,2075.465
e4ce01f9b40c91b9e3938a72be95a89a0cabf1b654f6314fefe5313af04208fa,2,2253.6324999999997
e4d3a01fd7edf51d8f7bd30d31fa679d93c47f2e49006aea430fd23b91349724,2,5211.402999999999
e4d72c68cb252a24f7b0587d0441e37f5252a99401d24cfe696c45778a043074,0,3562.446
e4d79ebb08b967d219376b5bcb0cd3a6a6fecf89ca686c69289004e59e078752,0,5441.973
e4ddf3edda7cb94aae07e2426b443ea6195449b30a933798f98f2889b155653d,0,7347.495999999999
e4df8520261d86a3bad08174922cacdcaf1d42a407654e7b8e32de5bb76e8661,0,3874.422
e4e01311dad902d7aff19d708a61cf78f8b51ec53d624c47d38fd0fcb1b35fe2,0,314.706
e4f437cd445445c3b7eade96dd6351221064f4bbe0eb9254e3ec829e9aceaf9d,2,3684.9545000000003
e4f5ea27bc27e4d976fd3322f7ac7113eb0ac6e50427556101d2201ae6c6e2b6,2,5612.6539999999995
e4f943fbe1a69edee0c8c6f35ac3e69fbb4ca4a33be918d6497341b594f9cf9a,0,3178.7039999999997
e51a857e67b0bb16af26659aa1decca23e1a27112ed02a5e30041b21477e519e,2,5753.619999999999
e51ac147cd2aeb95430b80b99db95ea8aaf6cc7c59a111ef3ddbcbd9f67597c2,1,7813.768
e51e918040b887929586d950248743f4b6e23854b2d207f9ec057abdd445f5f5,0,5645.5795
e52104f5789951859e12daa36e326b05e2fe89b5ff2e101430ac6d4fdaf97798,1,8679.983
e52753d3a586e16f544d53f97bba74974f52ac9c5e32e8dff1eba1d4b4d48241,0,4093.5025
e5370aa19d1a2f76cc5ac4d293a00d80a77cc3e13f32c62f9f02d0c2c37b0fa4,0,4179.885
e5432e27e05c5f46a641fe5897a24d29934b3880fb4565c6f9374676ab5ab0e3,0,2452.6345
e5480d40a252a9de537ab87cfc4656a16ad92b99e77b903d4afdbda7fcf67e3f,2,2690.4135
e55137246e1b90d63038a3c9caee3cbebca476c0a309bb5f76b75dfcb7deff73,0,2613.5820000000003
e552aaf4e70a210465bea640468c97fd23fd521e30e6a942ad4659a5e727d4ed,0,4088.159
e561a55ea13d8ffcf2256f02359a824c82a6c802ce545d073f0537275d645633,2,3192.93
e572aa25e6c546220de15085d9e9464c022a4b8c96cf4062b9da0aa264111513,2,1932.866
e575f1029242fb9ad94cb20e2cd5682d3bceaa1a6fb1e408326b40b40e7dedea,0,5976.960499999999
e57c119b4e6ea3705079ec706b7e29c13be1ac693a120ac8ca074a561f2caa7d,0,2630.855166666667
e5842b9fa26843e2473dffcbfc3951b934f8be36e2933fff37941beee1800ea2,2,5105.52
e5849441d8b7e247670902d8d263dc59eec2fd5cb8fcd3a43a011c1de11081a2,2,4126.273999999999
e58f3fc9b73473af75c88b035ab5a44c0e6923f8292b5fef534d5da7a7497315,0,3194.3554999999997
e594c197aa97faed4ca0bac9671a8fcc3c727d2fab9d53e3bcbd413b73255fe5,0,7816.190500000001
e596100d8aa4b8e37d218947d0f27a8ec481d4fdea7c05635848f9a1922fe066,0,3128.0355
e5991ce0812f5a5ba75c1697164cd86590d1cdec3a7638df6807d86380d0c0b5,2,1351.959
e5a3bab44fcaa910ed58cfa1c7069eaa28ec6b3fbc6a6e0d0b08480d76dc3cf6,2,2113.0254999999997
e5a5264d2d3f05b240f1657b32e5386cb70b8b5949b47385c901019ba148ce49,2,1458.612
e5a76409415ecd42d049c038099878637823152693d8f9a4c96c1cac7de1200c,0,10624.027999999998
e5ae2372a822f145a6afedda2dc715d072e1b6f2eda483c586458beea955590e,0,2212.5375000000004
e5b709b0470a2cab9301187415f21ff2185fbb3c32bdd0677496b4621c7ff6d6,0,6409.525500000001
e5bfd6d1bd27a5c8c281fcc7f74a84947cac96fbb185a92eb492bf8883b66364,0,1797.7825
e5c0101c5f233b235f5c3c5969c1e8cb07cf5775ccda27403045b8a6be767924,0,3462.4649999999997
e5c67668dc090872811daa06a7492822be03b12e9ecd0d313ef8b3abeef08a38,2,3313.4535
e5c7dc2d92939f40a8323bdb183af4f62c52d17e178c25dd0301eefa938a6612,2,2675.9865
e5cfec7ab8a46246ec901da56493f4e5fcd6ae18453a3fa91945f8197cf7186d,0,1179.7810000000002
e5d98b91b1c28586534ca3bb77bfbd4f09dc1865a5fe57e788770bd34dd4fd74,0,3666.794
e5db50596cdfe73b8999e97cda2de61eaa1f04347de1c562089f707b3ce976fd,2,1087.799
e5dd486e071798c85a642a00aad72324154b34174270445bdec8be3dbeee178a,2,3883.3475
e5de0df955d37438d768dac35a6e6f77f10182d9c436f1048285c0a4e649b92e,0,3397.357
e5f210d82e1594a05d7abb2c79d09aeba0f0e3b91373e77e8f108a01795ad8fb,0,1095.785
e5fcc83925a50a34e42a048eef802800027957af42e1657427d8d8f7c0e61f63,2,2290.3655
e5fed51d16b65c96e404c8ae2d9f80fd657ec99ea2f50567f2e2d3f0a367186d,2,3447.6745000000005
e608f3810569f0bb2a9dfb6397cbe58b20c1883bc1235b7aaf1be4361b11bd02,2,5236.6395
e610b87cb722af24f43c3c760ccba4af7c32a490c8cf95ef7acc55a7f86cd927,2,197.25850000000003
e61267c725f6b123ad70d1d3407bc72385cf89b8ad80547fe6bf47c4e977cf4f,2,13381.5825
e613026054bc14162d7ec1e9fa585eb24bdb1ea7f3d3703386cb8f65b9cea7a8,1,10.111999999999998
e615683fb3ee060e6d5cd6084db3befa9119727949ea2ed56f1e681e55a11526,0,684.24
e619e1e38c8489e6fe5c39f0cd08682e23f28dd8f780da7767b8928633085765,0,3841.6710000000003
e6288cc3f23bfc66ff68791d1ad67ebca71a551c575141be3225a030edfbce9d,0,3981.2050000000004
e62abb031144cec97957fd47fe37f709e4254f2e9be2d97acb1bf81418d9fd13,0,3964.2980000000002
e630c16ab2829c2dbcdf48940c13b2f11cd16a57f57c3bfcfed6deaf474551b6,0,3499.4249999999997
e635f613b8912bfbf4ed9aed99c5285f416626876a7d8786e2a38508261962f5,0,2957.8394999999996
e63649bfabd8810ffda3bb8054ab9d3308197e1da752e72dcaf7eedcceb46a64,0,5909.1535
e63d25f26aee51e9e4392ab910594f208752b9b434d3cdbace49f0907d56aa5a,0,1609.568
e63d3d04515ae54f6e256ab8006acbeb3e6f1a441c04dfed70348f40b3c3ab34,2,3252.8004999999994
e64a923db322dd04e6e1e6d496e02a237fad9074a3ba37be73713b6065dd7afc,0,3468.1964999999996
e65433efa6e9aeeebe64d97ceac7021fd0e0e647607f165fb47be6fc6b1d00ec,2,8588.6355
e656b25da938d55cb255d88a3bd22f42a2e994812f6273f2995b485d0e9d78bf,2,5418.333
e65ca349d23d48cb1999439ad8c15a44ad462a9b05105067ea1cbd037e5446fb,0,1430.5529999999999
e65cf5d832f9d94d931b4ab2634a79f75ee1acbcf8cc33d663d0825860e80b32,2,3937.5055
e6617a59e5d29e6acdd877c29cc7f293880a1a416db1ceb274cfc612af1ce011,0,2586.0219999999995
e665956e311e220b17373965033bdbe337cf2f4d9d7abf8c4a530907d03e8c80,2,6471.447499999999
e67015ab7bc34aba6f80e686ad0cd06fb9cd78b455700b53b39ee021cfd86895,2,2343.9695
e673c2710fc8615382d24c30a908460e9016df0bc374c8a84badce6615d166e1,2,9933.309
e67eed6510617fda3c1ebffd6e0f0ba79519d049868ba226f953373e8dee143f,2,5301.0685
e681e34c5976298905f351e91ebc402a97d0530fb76ccb8d25ab8d4a4261c09b,0,3257.8470000000007
e6855a9ed44e9bc8ace7c1fb96a6f7e8be8a8c5cd0badeba6b1a4af1b7e725a8,0,3722.786
e68b2b5f50ea8d024d8c0574b01275755baa37410efb7975e396b98f8769b80b,2,1596.5975
e691b93324bc624450a125f0745f419d2693f4c2119c2637b7c755f6e51cbb6d,0,3683.0399999999995
e699f5789248530ba2ceab04b9da04b0e2a8010e1542ee0423931466e6eaeaff,1,23207.1265
e69a832732d639d0b78ea8752dff5a2eb2b97db333f56972665c2400492f39e9,2,405.8205
e69c800c2327cc311d575eef889f61617e485c6d82cea24699f6614c66e99a44,2,691.774
e69cd6efc04f99e56a8be1a5a7013ca6b11c4ec30cbbac38ad67a78a83dd49e6,2,11548.34
e6a8dd9ab7ee3c21f525d5ca3f72a342187bb1ac21c9710115d43e563fae5980,0,2577.5765
e6ab2d668c1d187cab032eb8818f427e04a04ae2235a6aa6f3da45e2ffde6f2f,2,6402.43
e6b854421cd38178249100dd4a004a8041ca66ef140d79b339208bbe232565f1,0,8856.5935
e6bbd4ad2fdccd62d60c1d6dea187615f3ef247aa0afeabd94dcfdbf7f526d03,0,3801.3875
e6bc976efb36ffb66d4b17e3e644ce6b60e086cbfbae4f6ff4abdfa1e12d2469,0,2540.1275
e6bd8c33fd2a10f95a2826992aa69a693594a77e43381c81f60a20c3ada9fa4e,0,2108.3415
e6c0970705f2c927825a43825da9459ba4bf87f199ff9bd97f6236ce8e35f26e,0,1404.0970000000002
e6c4a486a5c3bd479a743d49e36e9eff536aeed7d93e3c6bc5508612b88b7af3,0,2896.7215
e6c624ed4e30ca92bff6b2b31ce1a99a38643dfda572e958373a278f7979b3e9,0,2097.2055
e6cace81f558fe62fa7713e492439efd80a157ab42a1716361f5fac1a1fd2fce,2,3457.2900000000004
e6cc36f1f7bb5f0e9aa0ccca81fc23ad69a7b1442181e0b68633cd3ac3eeb9ca,2,9131.485499999999
e6ce955b5841fc71c7fa2544465ed1cf9f74510bfef4c504ae2898ade9c23a9e,2,4792.761
e6e2c641000b7347a23b120f61f4dd49c6c7d4ab065cc1365f40dfd5f850cacb,0,2746.175
e6e6237eb1ba508a597e8bf8362ab5df396ca5ca8dced2c87d0bcf1b19e761f7,2,2983.2625
e6eb7dbacad257be354d626b25784b74dfbf910075de7c9b3a8ca99c30424846,0,2189.168
e6f12a291a8011da708c0fd7f902cd5cb6d8f9d75210772c4ba777797700a871,0,5264.189
e6f780c846573c263414939a2fc912fd2b513fe65c1de882cb6957dd6f1f7c12,2,5949.251
e6f903f2b55294c21c3599c03259eb1d232af96d670cb15d19394ca4d9569bec,0,7316.250499999999
e704d6baecce4d8a118ab11998f3c03013459bf6cccdabef6b145eb80806e1fc,0,5341.916499999999
e70703666d60196cf3fd9037716c9b2927ac8c36b60696e654000073fe7e8bce,2,7686.788500000001
e707b15adbbb0ced727f05efe47cf4e435d542c8f0fb09aee5d99532c7072c70,0,2759.3719999999994
e70c0b0e388d1ad3ae1aa5930169cad4235700548fefa12de297f402765f3cfa,2,6760.5775
e70d9755b6b1ce520ef867129709c6b0a4e6fe940afe00595e7325dce4455ee9,2,5384.221500000001
e71417e39516b4454633dc3a2053f62d98f2898966994066253d5c76a9fbc503,2,727.9215
e72895b5034b4c9ef48fab033a8f58bacf9e933857409c7f2cf73b54cb571f67,1,5011.448
e72ef59278b9a15dc8e45c0bd6a912d808aa214c19541b2e8347eb6e0af4060c,2,4806.9825
e72f0650d4dc06bc4e6c88c7e2aaeb7c4fd7e81a137adc1cedf302a04d3f5bb9,2,5000.5824999999995
e7319f53a42bfd9ca558c6791e21f37dd07693f33d3ac3cbf6d6bf248fa86a6f,2,3425.9884999999995
e7389ae99ee9dd34ba3774469420ac29ef039938918bfc57a89376f3c24b4888,2,2985.4449999999997
e73fe057a5f9a19627a69bc3fbb1e7a5d9716bd2b121f8b46d5c70e7f8490ec4,2,8234.9165
e7409dcbfba65401f952239a46b401138f94142c48509395de22d5dacdfb4753,2,9216.587000000001
e74a3f06a17ccbb533368fe93496e94d0a5f075cc2c5e8b2246bbd783f58279c,2,2605.417
e7554337751029870070fdd347a5b1fc2c40535e09ff587d59d3792f48833653,0,2144.1799999999994
e75a703f617a1e8ee506c167d4b9576f53fcb0a2583e05947d6db993a183123a,0,2528.8575
e7620d00c7bca64bd40db69a94ab54e7a6fabf3c7a3cf8a0dac892b2ce3cc159,2,4229.2235
e7640a0507da78028fbc0e595e5f5199fc80d10b2bddc9211c04f76cacc971fe,2,2842.6755000000003
e77755cb2a7f1555b5ab063703dd019ba4ef31acaeee32004a12a48d7b495e5f,1,2102.8900000000003
e77d697be7f1b569f899759249c6186742b48c7a2bf526b0bca1666f6d14a475,2,9317.383
e79464717405365f98630e7a106c220ebe9030436fc9d8ee81c6e34447823699,1,7040.1905
e79a9b516ff45bed570bb985e71be572ed5032ee8598a81fccdf37125eac6cb9,0,7001.762500000001
e7a8e13e0ad7e5563304fee10d7d1d16d65474de0f696444dee1a73754db3766,1,700.6785000000001
e7a8e6b1814be58839822decb8a56e1019c94b71fa30c69559c689e4e337c713,0,3928.1394999999998
e7b1d4ae59c0dcf6465557905112cbb20eaead74cbfc6b0fcdd96c8930f7bb74,2,2879.236
e7ba04f9fa12d1720d9ce6fc000915cb4bc22af127f2fa7db421f58278f87b74,2,441.893
e7bd65712f2bb9eadef47cf474d89a4ecab7ea5affe0c4123dc3d3c37c97f2ec,0,2253.9585
e7be7f16a6d23ca7f7bee62c039f8767839b36eadc3db6114ad5736c52e8d6e5,2,21503.162500000002
e7c02581f0dc89e0c63983d537814b73cce4eff023307dc1d2ace177497af55e,2,2963.1530000000002
e7c33142e6aee3303b8ba6a24cb4bc877cd4808f2abfc0850515dd8c835dc109,2,5046.2285
e7c610d1be0d53436aa9931e4694406b558e6a8d91380d115b3eb1eea5586322,0,3929.5685
e7d61fca75e0c7dc6963e070ab3291b7ca4f047eeed79f80152564a1f2f90016,0,2848.5274999999997
e7d674f98c5ea540b1df742f8d96cdba6070520259cd536d85ef9cca034f0645,1,491.918
e7dc7421c82a8bfcd29a7f1ed03d76781a0a744909c3605a5b18c92d857981a8,2,1966.5925
e7ed64d75272aa9c895996f42d5b9fd24f6c22ac72028f7f6ae5f7ef64816919,2,5887.672500000001
e7f6836641c436b9a416b9f90e28c479412dfce679e486251916b71d041c90dd,1,4476.127
e7f8e4fb9fda15b28499cd419256cd4ec9a9ee0f152474d6196c44a62c3c9329,0,4214.1535
e7f920dc3eec1b8ca3c02bf5ca769ba97ec3dc34d7f4d532a15a07894a35cb7e,0,715.3575000000002
e7f9fca199daa07c47ab8dc80920b5659bc80de3a3e1cb9885a3fa4ef926b26f,0,1165.249
e8006167547679fe6dbf180c8162fe4cd19fc4dbee86a25ddfd25a3f6c1dd324,0,1737.7255000000002
e819998e583b378e36793cdc97c07ba8aae3b9fcfb573e027b82d1518e69963a,0,2237.5744999999997
e82236e512a53ecb6a1c50ce8bade619aa2cda16c5bcc5750a6259a651818d6e,0,4192.7255000000005
e82695cb22914a6b50dbc5d11d06629335354d6116be2ce2aeaa6a73a429a204,2,2042.9730000000002
e835e2690684eaaa833f8c97459cc34bbd5f32a88ee52d7e484b5b0b1b73612a,0,7777.931500000001
e8392a60c4b2ac7fbab08049015195b0e0ff0fd04278f51fcd95f037c86c92f4,2,8710.9305
e839adae7cfc28d8b44906abf7cfe733ef1e560a014d8d9d932c9db04f722417,2,7557.2995
e83de8da898eeb76c1a601e5ced450f2a9dd8d371b639e9d38ac177b47b5dd4c,2,2.2119999999999997
e83e62676dbdabe67064f152faa2e2d6127756cccf91f463b583cbc108c9c56a,2,4471.298500000001
e84812e7268061ebf6bb29519b40ceea2fd4f36c148ed5fd966ee23e85d72fe2,0,1318.2450000000001
e84b4ee5d8f5a608cc235e0d6e704e956eb9767409baf03a8dbfd4ab7b58b93e,0,1819.3339999999998
e85483b1dd775ebac52ef5aa0983ec441eb02bcf13ffde38a731b60f85ecd24d,2,4654.887000000001
e85de0681f461225f0467cb0888664b27bc528d525cade933474fafbd1c1651b,0,4569.6555
e8831a865129784fccfc392d418717b5633a6eb67f43290bdf137415f134b5fb,2,4219.721
e88368c9527f5d2919be7f9d20af985b07c856a541be05bfbdd5ba756b80e9ab,0,2502.1450000000004
e888f7eafa402c7aba0f97c996eea280122a3f7db33fc24cd07fd3d12b386c48,2,5080.743
e88c9a78a650a3402adabcc056d2b5ff17232b2acfbe91bee55644f5c8d0e5ff,0,1898.1295
e88f89021e2c8030453fd847cea9c6ce18d8ed8f65b1ccd3ed4779502932410f,0,2043.4129999999998
e88fc3fdfb8dafeb62cc755789f00fd3ee1599bd75d674dcfed4dbc976401134,2,5262.606499999999
e891682b6b9217526d81fb54dccb79ba31a89dbdeb735f95609b546138883f40,0,3638.9880000000003
e894feddc05c5e158c7ffa7a5a9571f96cded9bef5ecd08e217dac33f0bab4a6,2,7927.8995
e89d84bfdf58b8244cc63ed877674e5bc06f13ff3e1ee243fe66f177ced46ddd,2,4587.461
e8a2c917b9b21025d7ae3e4f498c6910a64f1d6fdca6b244fcf206f262188521,0,5763.1595
e8a32bab4c6fb733d63ab340b1fbba306b3535574a6af3845404e66c0199d36c,0,3083.795
e8adee741c9df604986961acb0b2db5dbe9e9cd2c915f8533ed9dea5b34f345d,0,5801.195
e8b53ad11a9577c2aa0aea2490f782e821423bb05eb40b67aaba7bca293e52d8,0,3879.0609999999997
e8b7bfcf2ad4487fe62d5e79e0e6a24ea2e5591e791082abcc5ffdf075ebdee0,2,2986.6345
e8b8d994ff24deb555e1fa6cc324cf58e47194767f1ce93507224e5f5eae8b6b,2,3395.2700000000004
e8c820f9db0f46932bf61f9c49607990ac399bf590d4efae96a15ede0ea999eb,0,3516.697
e8cf2dd348f0548d596e9a7b98de43a2a2f8378d05484b1df05d19b2219e0ffe,0,8131.2035000000005
e8d491db74cc713c9fab370dc456b57638726ed5e4833206b2fd2165cad57255,2,782.1219999999998
e8d57bfaa1488e52448eaac2ad60112882d29f5bf88189ab926806c7785f27aa,0,3321.5910000000003
e8d7aee751ab5629f401e6be26c63bd27313fab0d479164818c2698561c520c2,0,5982.2195
e8fb4c65876914f38c01528e98ce4961138dd2d1735ba79e071afc443a29ad30,0,1574.044
e8fe550cd451993feb38f7db528ab750dee2b06274b3d80bd5d03aa05b326e5d,2,5353.478000000001
e9019743b2b77e9c731baddb318ac2653a170fd0413b83359c967c513371299f,2,6071.891
e90a7a1ff8ebf712d1697a400e3a4395bbae5f939aada3b678eb525c9b9b0f47,0,1120.2095
e90b83bd35e02e8e57cbf483c66132f8ca63fa33ddec10b81299b11e2ffe9716,0,3766.826
e91b1fd208d88f87464916e271a5664f5a43c232c490a9f091e05aa0bbaeca80,2,5183.586499999999
e91b22f08271f4de3c210bc5039f421f68c4e22352cc45999e59827e913e3b17,2,6889.728000000001
e922bb92bdd6cd8924d56accc83e29a23ddc0cfb7dd3f20a202c2f363f654ef8,2,2882.5375
e92bc0aaa08fb63341088628a49902e3b50f9e0cda09d4c7aa9fa8b764705524,0,2500.3520000000003
e942d30a6332d4a306c23859550712a7ab5c153954f994005bd846d3706212a7,0,3498.2099999999996
e9454470715bd55f6cd9e22916d4330c6673da080bbc617288bae4b73f726396,2,9025.6965
e95d51be745edf85b92c90c0a4a86776566d0a17b537841a48bb184fe89d046b,0,6739.3305
e95fff7dee9125b018c2913bd8da61aca4140dcd15f6a259fd670a3d313bd63d,0,3339.537
e9752dae7bf775f45104bf45b535e5e9fb391b86eb97f271c1dde7fbb182653c,0,6855.188000000001
e97e40845be2f713ade26878e113a71e880ec096af9622e1b73b83fd31e74a4b,0,1423.478
e97e4b19bfc3a3db8cd2fdf9ad8cd373a0c75a1c1255ed8dcab37ddd9f2b7879,2,11444.0965
e98aa70d2be851b050f3e7fbc88ba872d6857139509e324f8350b5fc36e42910,0,3163.4094999999998
e991fcba312035d4f554e7aaaf86561f1fb4a827cd9fe4e0b5872a2c712a7523,0,1736.5925
e9a30359f68ae6c7acf726cffe542741f4da1286944a320c6343ce102ba94622,0,1932.5635000000002
e9a48cc4e325519fe24ccb85408f4889a1868a7f8880a2cca050b5e279ed4e93,2,4168.0455
e9a99e1c84770059b5f0118296b8846df2360009480b34c656541ed9c8276b3d,0,1855.0755000000001
e9ac18ba8ce5925041a2b61a76fa20aa0608aae54cdc2834f978f93ac0006140,2,3502.1245000000004
e9ae9d6f1fea4cf98739da45a23668940bea9f5e8473dd69924271ee2902ad39,0,4340.088000000001
e9b6b4f713f27846a4a947be7634a4ece30fc8af33d8cdb00e960b5b1944a755,0,2252.6545000000006
e9b76e0f41fef954912599227da956a54d5d23516f6a6fb9edad7d0be5acbb33,2,3867.3995000000004
e9c73bc5c7745e521dbf50b334524561e63bd964ca8582adaa63c1ca190005fd,2,6008.175500000001
e9ce9b35ab7e61380615401955831f2ce7d21e3a9be7128ee4a1fbf22896e1e2,0,3939.2964999999995
e9d225d746a75e2c6fcc601ddf056c0fb9905caaee9669fb5c1a50d31d8ca2fb,2,5336.939
e9d30071ff4a1c39bf71baf3eeb4a12e456dec9145484151c37064e471a7be93,0,3811.3695000000007
e9da5c685946cf00a021df3d97c44f939eeb6ae89ccccc02eb717a5f4c542053,2,2318.0899999999997
e9e29570e09549e70def65d2536dc1d3d54d5fec080a6aec1978df5488fb828c,2,4365.1025
e9e3edee8da39cb9faddf1782bc0892857e98d517ba0cd3cb62c84f2b04e7f14,0,1053.2365
ea01787d5ea5ab0fc69f5cb43035ed71e4140f88808c22d7017e4463b30ef46e,0,5012.257
ea0326a525acb854319ea0a5f5fe24550d5fc179ca6e87beeb46ab437c434a3f,0,6010.191
ea08d4f5bc01e8625eb2ef64f6028673dc80b4f1e0d266427d7ac2524f0db202,0,5474.968
ea0c97a54a24d41d0422cc2efb199c668b8ed0146a86efe8462c7524a8bd16da,1,1498.3895000000002
ea0cd1a3fe9cc0f8f7fb42479637ccda38097664175acd442b1248ada0ef0c74,2,3114.7635000000005
ea14f515f822e28612d149f0e673ab56c6e5c845291ca691e1de2a8466b447fe,0,3691.1665000000003
ea18a76fa2d3569e58b7cd3dc410c6c1ca2382cfe08d04e3408514d81a5c1049,0,4384.445
ea1b30aa5f088111b1fe7d6e9d2221051d6d2842f945f474e2fe7407191ec152,0,8159.9805
ea1d1e6b09358702007b806d05f3f4936fd10a106828a73aa83f49b8a7911d0e,2,7486.919500000001
ea2465792c2557fe0e480fec8ab21fce940a08ed697e489ed557bb5c04720769,0,5571.6675000000005
ea299fefd45ae3da562cfaa63c2005d8d2f2c55385b8c8f5da0a500d00304b5c,0,2433.3050000000003
ea2b5007ef5c30f9c591ccf34e9bbfcbd8b5aab0d6f40a142c82101b2e9a5e99,0,8097.561499999999
ea35764b504065968c0f8eb4bfd27934c6877354cfb511639dd47060318ca4b5,2,4371.236
ea35fb769c4f872f6ffa9efd2c4075c69b8211665217c0d7a192d1e0d83c1195,0,5614.8645000000015
ea372f486838cd5e15bc9c4906946c0cf9cd5d0b3a46e9e2611fdba39a5160c8,0,2347.2700000000004
ea3eb59866dbdf2af2f6ddc381e7f9b9e1cf37a958c57e630749fc60f0fedc4e,1,666.2965
ea3f1db4dd822519c7f38982252c797e8e47632e5965ef3303650744cb10e0f6,0,3820.6865
ea522fa994febdb486ed5a28fc2dec40774f4d399a1a7f43ac6d74ff56babcee,2,6313.637000000001
ea56b87b13679d2a7276c489fd82d72fd783634cb405e5bc7fbfbbb9466900a9,0,5464.1
ea58e53e318f36972c545951845734be815d8879f145d6b71299d488dfbc55b1,0,3866.1349999999993
ea597f15c9bce4b558e7f64ace91c16de6a67756f155edfd90aaaca0a609baae,2,6168.0905
ea602ea67764a9910b8b918bf41f61d5e87f5fa546f788bae0f1bfa9e79d645e,0,6715.4974999999995
ea64f998c8456db037383a3bb058a5504f7f95e3902f71036397b94184154413,0,7936.3835
ea687b88cbf10ca3db0bba7e0eba647d2a0e185ae983b65351326a314b3ff5a8,2,5852.4525
ea6ae6da2a2f2a41757e7a69ae746920fa13d6c6c9444b2bce8d819cc4cf87dd,0,1700.129
ea6e96a01d4b1829cbb3c3430b45a31f7270472978fe59e98aec18504e3bdd21,0,938.69
ea74d225ef63b007b00e5af38e5c88015a89d22aa2763d75451879544906f883,2,33641.974833333334
ea7676acf5fa9bf1ae885e479edc95f04ef0c1c91b5ae7a31eee42f3589a24d8,1,1861.2910000000002
ea805a779859bcddf9836e48031a1b1ee9ac5c90ef836f121f499f3ab28ee735,0,193.89550000000003
ea82b3283ac79de799ad319e5ad63269c8c0ec41485044b65b8a91dd1a4d3146,2,1543.6280000000002
ea8ce09f897cfdea81722bc3ba5e49452c09e496b360d7ab2f2ff6320cd42830,2,1604.3825000000002
ea8ffc124b84fa70d49948c3fb537904846329033d238e08b1f8a1a964db1cce,0,8218.9255
eaaa24a6eaa35fb05da7856993e9436aa240de09be4c76fe5a772e825726d380,2,1277.8435
eaaea320fc96d8b3b3ed5b96306678e9792fb415d972fec4370ee39af8eb5660,2,6224.675
eab14278f884f897b1be66dc348c243778be8743fa9788d703e395ab7245af1b,0,2292.5015
eaba33e3b66b539c70a7fb06c32561db4ad9d66f841d2b8a2ee8d530c653718c,0,2852.5155000000004
eabb61aedcae105597800dc0aa3a669b23885071c6fa3c33c2d82db58d0ddabe,2,7314.601
eabdbf64837e8c52d46241001a8166d09fe647b619646399c55e2424d6f2446d,0,741.6775
eacdf57b4914571607bfd6b40fb5bea678851f220481027b43375e36b55fd990,0,5935.9259999999995
ead3ad7653f0befa0c60aaf6cf44dbee4329874805469ba5c973cc266bbd923b,0,5607.484
eada9a05b79d9414dc626225c0b9eb403334c9ddeb33c49949f7b09a132074b1,0,4691.288500000001
eadc24fc12626710f9549b4f96b1f752a0b0d453500baee91c355662b560bdd5,2,3071.2355
eadce965034c87a1333aa1f7cf8e271b89ce6cce4caa5cdc3af0dad7019988bb,0,3630.946
eade6bbd129312ba7786e5d6ed6f2242f650c7d066b170e578cc67959779566c,0,7076.837
eae06f8d23a9c04063d423f161055cceb365f272aac7032119fbb0e40184de8b,1,4806.666499999999
eae374e36e37ab7cfaf2266abbee924b2c12d0fb37c1c61939a262301ee5d868,2,2703.9844999999996
eaf563d78e23b3f493ec5f23f18f29f8be56dcb3321a82e3f00209292e7235a8,2,3394.2565000000004
eb0199bb4d567fd7d6e12a01992fd6fe75d2ddb3207cc8e53468a4daab63355f,2,1826.7115
eb06cb190bb50d875274bc5282dd3f70630a4bc190d0d5117965beafa812b276,2,1522.1675
eb0dba20eaf0bc981885a80db065fff5ebd166de712264932946551774e5a3a5,0,5450.260833333334
eb168a84d66b3ce1d165969bd1224726017ca8baab8ab065ef6201c014ba4400,0,9824.651
eb20bb1a2a4a7c7922bf0f0fe0c1ba376b895580744efd812993a952c8f453bf,0,3717.9449999999997
eb239df65c972ec0c1ed2e6bf05c0ef85a1098e543931400fa69c9cf1f58b0d8,2,11286.2585
eb297a90c1d62c2001967491b3ecbeecd370788a37df973e565e750bf3f5227e,2,3437.3525000000004
eb2dc33df5378c2494fb767d0d6fdbe8810b09a60b23e2d2d57d9a4d7668d0c6,2,3958.482
eb34bf8695ee717a20d8c671adcceb2ecc24d77cb6634da6d8dc1f86083b630f,0,1546.4005000000002
eb3f289232100c65a7a32c56f53905ae6af2e57b2b826cd544e0af87640ff71b,2,7837.7605
eb4612fcca5c45e67b9eb1badf3b46bc7e63aa238b8e7848db500b69ae76f555,2,4478.446
eb5039e7d84ec2bc1890a4812afdef7ced9595789ac2d3129946fcf3b9b7abbf,2,2675.1645
eb5a37008516d87f925b398dbcfbad0cd0b3e3bd3314b8db734488834e9c6d35,2,2701.2995
eb5e0eb516337dc9fa77b0944dfbc48b885d3fec312f02398e1388c2f25ca2de,0,992.192
eb65b7c6a9a34e345c7db7526e75397fd7e972961a1d8103b506ed391f23d3a1,0,3742.668
eb66a5e67695c531ccdc5e30a1fe92d9aa585bd095c6c3379c6e959573e63c38,0,4625.941000000001
eb66e3e8d40287995c9dc22114b9769be271197bd215f0a238211a405a41b315,2,2478.4095
eb717bf932c6a9c884a40ca2272f93616d93d50583e99cd0dc4107c4d3e35237,2,3584.336
eb7b26e9effa053025cb478912fc87c5e54368e8a9e50e56ada17c3c93ea795a,0,4722.3975
eb7be7f2cbe82dbc502d3a72bb20a53b7cebcb55b21f6ca433887ded8ec9e74e,0,1729.5675
eb7cbd064782abc6684248edc88a49d356a33210d8c0b8963a4f9a25cb74e465,2,7437.9045
eb81958a85cb8ab80185710d08dcac5ee03d162e7315a5b15e5c4d34e4f6aaec,0,1920.2760000000003
eb8a0f53b6936cff8d4c818f9e07410243936d3c3632b38cc93a0b1e635e1184,2,3280.142
eb8dbc5e2e7a31efbf9c0a24d39238320ded24fdf23627cc0e74ae79a8e366f8,0,3263.835
eb999e34a4a04db5c575445f2c8f3df1bce44c63ac571ebadefeaaa20e5becf6,0,1172.2285000000002
eba04ebca9163e881d2473eccbfc317f46808a26e0c0d20d7eaed7772808784a,2,1662.4450000000002
eba0aa16f7f2d56ebbbbfe1cad89fe8c583ea3e32b525d0492d1a869913f8418,0,3341.5215
eba34959ed3982d12d3ba6e6f2e6028563f988228b40c4cbddbb87f417cc18cf,2,9557.878
eba7d8fbfa477e57e9b5295bc26264167cd366577c4b89a16aca8b5b5948cd1d,0,1376.6415
eba98c9badb090a6aacce181b1fb8d50cc91212ef2dbdfe297fc56c427da0ae9,2,20304.139499999997
ebbc3ab7f8eb1ef2818090d07cbaee61174c8c2ec0c56e144291406a72cf7571,0,1891.132
ebbc49184f2d347218164fe070634a94953d66d5b375f8991769d80f51fa8c75,2,8012.809499999999
ebbdb13c7e114f713dc047081aab41a428160a2bc6e2182259eed53f51e0743b,0,1569.2839999999999
ebd35c1359a76bb42e5afebf3aca2eaaa04dc382dd6ae8d78df169a2b39377bb,1,16759.547
ebd59ec2ae737943efac026b7706db8b2be5c4f6d2fe8a3475264d5d9f47236a,0,3939.1835
ebdb8fa3af592bb18bdcdfddecb41f12e5b7a116431b02b9ae604a66f41cd8df,0,7494.838
ebe66fec6d5c21dc7f6f627a14bb25f5dfa5461c0819d27cccd2ad4fa65fd254,2,5753.2035
ebefacdbab0536c9633de968875558d568b448af8a191a8d93d0dd3e55ac4a87,0,8711.193
ebf05c2367f40fab98616a3c56bc7e040c1738a6d4a851b933c66c5a8e6ce08e,0,5645.584999999999
ebfa690680f907c867942a84cd8c14ac255c4952552fa745ef0762c47a2341a5,0,3380.102
ebfb77e0150a60ebde2b79dc0e9ccd11a558d8971996a55f0f30cd6434a8c0cd,0,1196.4850000000001
ebfc8d3b7a26bd19e6b9665328dc0882a51ccdb314c028ed66adbfdaa2b3d84c,2,5036.037
ebfca6bac0f9a73ca321463c46b48796cdcf9c4bab243090d8768a43d48e17fb,2,1278.3159999999998
ec047d6e916637325cca01072b303234b61e957c18aab519c6fe212fb6816cac,2,2913.1275
ec0cee2f936e7e4249a2ad81871eb4dc8543289c63fe488a93a3623c0d2304db,0,7385.763
ec0fca74dadcf87d6cedaa1f0df6a8072986f23f7c683d0589be0dc894ae36d2,0,3231.8665
ec12902d4ce2d78608ef6862298d8d91d8caad0ae18c368d90e67f85811a6c00,0,6644.1595
ec16004243404bf5f63f0ba6b81c70628d3386def647bf5d1b9fa145423acc43,2,2332.0315
ec2dc3e10685a0655288d0e9ea98613caf2bf96787aca1a38c460c2165c27419,2,1857.0584999999999
ec310d8fe1a85776d0bad83f3cd70d1f87b726061ecc0f1f80278a9e19192be5,0,3273.7995
ec40392905f21d3bbf46ea50c8d72a48c1e0c32c3a40d4332bf9ae4420bdd5d0,0,1763.712
ec528ee99babb184024d4b2e6b8eac3e7e505975f278b511bf7a32175c7f5d8b,0,5425.425
ec5d0269bc153a71ea4a8d1c326a660b5ac42de8bb112138967bd831ae8b3306,2,1568.6325
ec5dd955119179a8f4ec3143f55507dad2e7c9df7bc05543a6136fd5c44ee329,0,7333.8904999999995
ec5ea89b8c78de0ba3664eed971ce4eff27985116a2f8e063b99ffabb3d0efca,0,6141.4884999999995
ec5f8ebbd22c04f33570ca74fadf7aa09f2118acde6c21a3639df0973f43ba09,0,5560.504000000001
ec6034c1ec5385b11f26f18f4f58b09e3b28569d7d72f41d0e34ea153381997b,0,5270.5725
ec61c1c375922d8215ae531a0b636a2148153c734eaada0383c2b5cf67d0fead,0,6839.276
ec6578de1f4f6968b862c69741a6272d934075b5cd019a41d95649feade680a6,0,3761.45
ec689aa096c4e1346c7949dc23a7842bb7cb6f6826a34c8255ff6f7631f27a2f,2,7474.0525
ec727ce979018d4787775ee6758adedce5e3fc04843656c602b9a1337b36e344,1,8326.934000000001
ec75577854ae1e718cdf371e6e510729d742c4a847bf52e87d38317b8e7ad6ef,0,5049.725
ec76bf1585c464e1bf295c0e5114db912c9d435bc56cbbb98f5b511a490de0ef,2,1752.2695
ec78eda34c0f137a778c9d35bdac8a6f8f4de402c95ad09ab849e80d88370287,0,4838.491
ec865089048ec5b56a9f0da0c8fb632a4d6f76be9100648c227e0b003a470e27,2,7062.095
ec8c476a58f45e3d22ec36701dcc1b202ce71380e3b920a04762630a58c306fa,2,6654.8225
ec8cad7d57ede958b759649bba730fb4138ba9d0f282788ed93b2bc8f3e425fb,0,2341.2855
ec951c0d1bcf7f42b5e4155002952ec2dc2ea8e5d4e7968b9d5fcf4f3fb7dd95,0,767.4115
ec96728af7e3405c1f7ac45067f6aa3623f2d34414e3fcb20d300b3b9a546dc6,2,4820.8035
ec9963f0a06c6180cfed226519e012361f83a0738e0383f3bd5364dadc0daf62,0,4501.244500000001
ec9f108a2c46c698c393575bc57be2e6b75b83300aa140a7c663d30cdb4c2b25,0,4562.4755000000005
eca2b6bdd96ee21acd227d039f5dfa08091e22f825dc29dccdc48caa1ad66dfb,2,4117.641
ecac674c572a6e73720732051c5375c6bd1df64c5e6e3fda8ef29fe517510338,0,3992.1855000000005
ecb0eddd7aa379026accb6eadfd2ff99d6735ab75d6e2173eb0ec4797aafd783,2,7874.6135
ecc51af6aa5c50ce5c26f5c57165875ddb973e3f7daf2826e131a481d414620d,2,3376.9579999999996
eccfd4eedd8fbca59c756db07788de39e89e67b72d0a6b23a779f8acd53405d3,2,1589.489
ecee81b946c5ef56684a9363fa6c788821ae9f57ffbdf88770e2ffd1749138a7,0,5418.6035
ecefd9fb1c842b06a28bf76b2e5de51ad98893bf23bfbb404454a2bd9846a602,2,4971.772
ecf20d453530bb6a8ddab94ae4269addd97616e4ff2836d373cd5ed5dae3f0dc,1,5020.9275
ecf38f73452749b1e8038e49de9ef624be9addf6e73bcb00b16af073c83e8099,2,5714.049999999999
ecf6ca895dc2c52f463c9cb8844e6d4caeedf056619f4297201b738f4d5ab107,0,3771.4210000000003
ecff5ff7ed1f26e036ec231ee99ca45a20879439f234e75d119c2d49e725c71c,0,3648.116
ed0258cd7a08ad7f37a0b27df29cc0e7940fe8a9d8e47016ecd9867ee8240342,0,3283.8945000000003
ed065187e6a6119e197b48b9fa7410ce084d3754f6d103b48636f7436206e84c,2,2946.3940000000002
ed06b6ca9c8ca6513eaba8d69628eeca226b6a043b6c060e7e8b8fc699d8276a,2,4428.813
ed148a23e4b18c1c655f838dc8dfc19d02881e3d686a617599dfc0b028bf0829,2,408.6915000000001
ed2180c90054e601e37a5540c1b8fe12681db8ab82885f7f753b81bdace51248,0,612.3095000000002
ed23d25a1748ececb5f0603aef38e04ba0ddeef125d8933c95ecad003e7e8907,0,3230.563
ed256955246f3bed7feeb1ddfb3953dd5ec83537a8d42ebe7dcc0a6baeaee929,0,5938.752
ed2c3b0de4af2b91af54e6057800f1ca87dfea7bd69d90749860d28a571032ee,2,1051.264
ed33fdbe76818f4873522ecdc92c14bb1d2f9faeab4bdc4016dbce41a1981c13,2,7423.587
ed360e4282f7a3e916c5dff03d8b62b83bb7029e41c64a474275dd871e786f01,0,4632.2080000000005
ed374b687e4a4897a0645a6d597d9ac249d646cfaa3047d89126faa7e23a219f,0,2551.3445
ed4e3e5213d3aa7197b7d31de5c8b9f075b68925f22ed12e3dde83a2650b0fc7,2,7439.351499999999
ed51a27da3e6e8b7ba7f98de7e9e66896db166ef07b2db9b8679db99c43494ee,2,3469.9089999999997
ed5a4bf90eda7080f043939846f6ac9bab70d6a1459e587db51df19e87357696,2,2265.79
ed5fccc2f6e5088386e116d2bfbec2a6be859346e94f64e5611fe594aeab561d,0,4465.643
ed6210606db982b771fcdea269a2d9f6911d327cdbf28daf1b17d7d8d070ad3c,0,2622.332
ed6b9c8dc0c7af500bf21fdb9d021ebf2cdf5a25b9de8c9d11258995ef7eab14,0,2448.3725
ed6e08519a55184002362e945d4177bf4ccb05698094906e167900c375d748bc,2,4131.8945
ed6f3123c0104c19e036265211fb9bf32b305a53b7ecc0eb3702da007bec994c,1,2135.9645000000005
ed7201943a5c4884367dbe11247bfcb4086f0443d084f32f74b88b293376c2e4,2,2376.223
ed8301438682c0bc2d1e31941253ea2f68c3945d36d834fdee86d1cf4cbe9854,2,761.9160000000002
ed8731bc98d1f3da849e59048063d041b47cf9819ae13d70f5af8c1869d3113d,0,10620.967
ed873652d8d0c56d0a08da0cd51d6cdda342f65983ab85c24c3ff5583b441747,0,3351.6935
ed99c02a4490ea44da5e4fdab350d82c3ea1d3126608a35b1cac7f6030cff287,2,4336.0445
ed9f16ad8fc69969f2d5d967ac5a5136865a0b8bc227831a3975be3d7b2e3ed9,0,5671.955500000001
edacd9a7bd6e85c33a028b51daef53792c7dcb62f70ac5895e715bb8094f17f8,0,2305.2385
edafcef88223ddd2055794282ea748e798f739a78a763e7a4f2ba8cfc4ea6cd4,0,6691.66
edc39f8c2b0d343b8b45c8a37fe65841b7bf4db05bc3caec29307e71698378d0,0,2437.879
edc4418a6e8270ae81f3684711f7a860a146329183298748efd20a420cacb9c6,1,2312.5805
edc59c32915a30b0755aa746098392eec38ab14084206a631d1d7f1c228836cc,0,1669.6265
edd97812a681c0b776bfbc44811378b5e13e12d0e4a59e89379d9800198a8553,2,2394.75
edda51978fd47dc4a8362c0e72cc9e08b95a32dd68e57706fb139b7e597c0c91,2,5831.032
eddd6c792a9f755cea4985b81e85961c70e1ff73fba46a3c7892cf0402f25c6e,1,1392.068
edddfc18d48fe9718389d01a2936ff8727293c0e8207db12694018b46554e567,2,3491.1285
ede3edeb4fb553515d674495bcdf7822a612c053bb1a7b320c5607f2594f31c3,0,2876.8899999999994
ede57c4ef654d96bcbacad0c4a57e30d0a66f80701c1fc91a87159e57af631ce,0,741.2325
ede655ec645002169be794f2e23ecd1c029170864ca48bae18117103dbe42b8a,2,3421.0515
ede6defda34d2c8c89e80a993af3dd3390c021599db938f7bb4be8ca9c889ddf,0,7159.9495
ede91b4f2160863b4ed9eec0d5dd8c07adea7611a75fc121fe9ffea6a7e41fb7,2,616.9775
edf6df5e9a593edb791d18e55359eb38972cc7b37210b60dfd85c45b411c4674,0,40193.93800000001
edf7f12fce5f003f03e792e3ece33858fb202f16e86d7657816008dc14c90d8e,0,5439.438999999999
edff515fb9ca6e4b4479c6d969899003189b776af4d53308b10923cd508fccb0,0,2820.0204999999996
ee0263035bdf945bfb6ddc686e2888302a01232c69abedc224063fcd1b4b2070,2,4308.509
ee02b3665f4c7495396432eeec234f9492d33c3bf4573bcc4b3736c3b0a6b046,1,1964.815
ee10b1d554be4cb2d450a46bde8fa6727c3628e505058bf7651850ae288b0f3d,0,10756.309000000001
ee11cc16226b1bc1d03f68d1d23610c265104eeff2b7d1b862f32fc73d2b4080,0,5860.522499999999
ee15d390b25d94a2129b2904df6cffee6c2266a925d466b2a75000c8badd7e56,0,1846.1519999999998
ee199fd5c445dc95d758b7729404f0d16fcce069307c57f7eade638eab9f147f,0,3310.5265
ee222aefb7093e97a20b0c71ce8898012d487f7a0575f81ccb13c5edaff07484,2,4756.338
ee254f91d91506f6f8f993db2a13322944f2740b0ae9ab8a11f98337cb89a952,2,2023.7614999999998
ee27d181e1fed1a20992b56174d4edc04082fea0832833f3d4e88493f666e0b1,0,8399.5345
ee282c7e26f2102370f9585f32e675d87bb75b139cb35cc04e8a1eb4eabd4dea,0,7364.4805
ee284f668d79b13abc82b44dc641818c957d2b8df5fa736a0f5c4a73c46c84c7,0,4556.875
ee34caa85afcfcdc7243f98e54454a3f571cc4ba4ed7ec9f783ac1e1144b6a39,0,7168.288499999999
ee358c4edb86112ff4d7e5380c13f4763b6a2abe31ae0844044bbf294d28c4bb,2,523.5655
ee35ca13db81701ea8d1d57a4717a8e94706401af3725fde59f92020d545ccd9,2,3029.2975
ee3a3cd3b18ade50dcc0fa59ffd1a3a6308da288504fecce5be80e8348fd5d2c,0,4459.085
ee462edf404ad5dddc8ca87000b5a5c74309d0281f8b754c80e0725ca210fc40,2,10517.9205
ee508040d8125870225c456a9bad559efdc3f51a4de76f1010c7f326f8e877a7,0,6805.9855
ee52327bc18a380645a6c8a1fface7b0307a39722b179b3780bdc2eddb14830a,2,2920.0444999999995
ee5576f0678080d36d0feacef78cf714434c0aaf2acc4d13c99b4e8e0939e235,2,2401.6605
ee557ce4684bfb6de11ad73168f803a0b04a5c88b1f9975eb922577acb387512,0,3794.6490000000003
ee583ed2b89dbe30ed0ffdd8b08966a405dbda550043bbe1bdf7511db4fe1a9a,0,2614.1435
ee585d7870e29180063e380f783e484d953e28804dce04575957ac761aa493bb,0,6566.667
ee5ad48ceeccaf1e1f592a1d66e03606884029f2ff49aeff4297912c40f86a7d,2,1294.3345
ee64a324d9d0db455d6a3224203c1151699154cd42b38d886db375bc43d6bc82,0,6133.584999999999
ee651dd2f4e819230c1f2662fc7578313a822bec9ae905b159c0655a4b721773,0,4571.295
ee66fd2630b40797d5e2f61a1ca7f343645ef4249750f3572c663bb0bac7d4f9,0,4250.2115
ee6d2649ef35504ae0cca9975fd0d153698cbe9d0320bce61322e6edd7f6ee3d,0,8095.9980000000005
ee7d74912cfc8cd40960443b20d18f1802c307d085b881d3fafb3ea3cd501b3d,0,4352.04
ee8323d492025a77cbe4f1c4001ae6391dfc6998860a4c8dabcd90f66fbae3ff,0,1815.0185000000001
ee89eb0d741ac0373057570d27b7fd9a2a8dc87c050ec6eaea88be47f4d43957,0,3838.2675
ee8f273ed843fa8e260acb4e60be1e34f93166ab147c5c064afa9dd1383d2681,2,89.909
ee93afd45892b7c305ba15ef371357d0623e9707f216502a1e55e79ad466229c,0,782.0875000000001
ee94e9cd2b624e81f1c4bae9aef9514bc79ca14a6bdd117a43e00ce298663ff5,0,1205.7430000000002
ee9ffc49806d0a7461e456da51085c6ee2d1199626fc4354cfce7d1bee59d71c,0,3868.75
eea205f1c30587d6c895b5edaa332c55fab15af6e3c97875bbfb3f35030790d1,0,4506.263000000001
eeaf31ead2e2e986c44168ee267d0d4e639b51e2ce84a44e3da4b8af4a9ff1b7,2,3819.7345000000005
eeaf6596ae63391fef0b17f8141e5197c29435a3f6f70c48195cacbd8a488bb7,2,4591.744
eeb1dbeefdef2b6ee40dd4510f7be2b8dc0869308a4b58ceb12e57fd28c221e6,0,8991.205999999998
eeb3a2e8d2398368b316f4dacbccd755c85ea3409006780a6478c30563f939c7,2,7668.7315
eec39a3240bf6e332ce7bd40def40b0c8cce4cae25d7374bf2a72f8084747fa4,2,162.49099999999999
eec6b257fa1d2e579be1a4d0488cdd27e9c8c839cfa76a2b2713629d43a63cfd,0,1872.6100000000001
eec86890ede064656ba782f66e7ba413c8cc0ec9c3ce82d541b2a9925374c13c,0,3286.6854999999996
eed179093243574d3974d657280c997a6aa7ff7e0db70a3f83ee8ffbeb99d144,0,2556.647
eed1a910cb32c2d5e141f78e7d25641e6c82a6db5bf4c1de8625e64ac23aacb1,2,10421.072499999998
eed494bf2685c6c437b1e48db685d8a57b94534f8e3af50036e0aab1b1de2f3e,2,1288.792
eed5a745b4cb9b232b3192fc22b5712032b9d9449140ec41532acfb3fa0fc700,0,2285.413
eee060ead61fd2455523091be1f41476ec4185ead22b0358a13ee6038fd3dee8,2,7018.214
eee5d657e3330e1deb3f68b681d68feb3a06f14f0db2c7f0f56bd00ff49f26e6,2,4039.5225
eef2258ae2c53c841a0ed938dc8b54d3c65ac67269f56cbfa9f3a4ce7958e692,1,21807.986000000004
eef2512aea0ab1e05fcaaa794e649a136edbf91f0dd2c44a2bc5dce85ffdf4c4,0,1788.223
eefe508e2b108196374d9527542190b40f5c8677647e71072b5606098afd1d4f,2,3489.611
ef09e9dea86d2dba93d7d017a85ebc4eaa815c30e2821ac430acf0f91676ccf4,1,1134.2575000000002
ef0c02bf384d915c38586f8e1f38843ff5a66bb3a73c18464a16427a2e4db3cd,2,1960.7949999999998
ef164ee2c313624ce382fe1560181d1d36d0cdefc4e59a6fe85f9aa4bc866217,0,1752.5755
ef18074f20df6d593876b2a8f6ad9e48f289a132d48553ddac19e0eee37d87cc,2,3628.255
ef1c26e84f5d6ae5c8e330c021cf1e37c273be7e2c8e412155036ebce95f945e,0,767.547
ef1ea8187707e06bdfc9581278bc53ff36643c58934e1c0518ea9714cc7a3eb9,0,1219.3695
ef1f6e6a19f3e6f64c05c0b40e240a511356640a1a8aa6cb32c3a10771a69da3,0,2084.025
ef23424ea4ef59243f104a0043fff1f5f6db3577b51fa14bb0b69fc9bec1fa44,2,6528.889
ef24585299b0c92a916ddfad765aa9c41f660aee54b3ed6f717be7ff6c1641fb,2,5225.966
ef2f4b264409b178b35f8cf824a09e1f306438c86367cb764855bf60a6e9a263,2,2075.3595
ef34a105932d152d833d0e695611ddfa46ebc33c8ca02694907d3944de47be2b,0,3850.3234999999995
ef444e2121ed5c8c000fa205ff48d7e1a360051a7b0222336610fe0c8677e03b,0,2258.4675
ef46844b8d7e0fc414204ed98c52c668e5c8d9f4ef8de1fbc9d1328b9a59c098,2,2089.7415
ef481ede8593efc8fd51ec7bea4a12af948f65caf9d0ac768bf13d59d7e9eb25,2,6527.912
ef4b131e452ad63bfcd8659460b7b8c1d23bcd2ad72f189c31855a8f868068e9,2,5537.4825
ef52bf8f3b1494b8c17413398e20e651020c716c4f264d6432a89572b70cd59e,0,1346.5445000000002
ef5656de6743087a96d547a9b92d20d9113d102e6e532d0c9f637d5686534b91,2,2204.433
ef5ab1eca0771472d4acd7c06af0ea6cb924502e0871c481c59281495e4d7eb3,0,1381.711
ef5b1112d6c6c1d92bc117b44b4c6bd1ec26552cfce6f77815acf3a1b346ef20,0,2858.2524999999996
ef5c43d01d7765438d1c62bed6ca064e387bea7e09d9376590ef08e692c74a24,2,5296.146999999999
ef5cc19524775c6b290cfd73c0b51dacfcbf5f1ffa57ceca2a58ccf4cd9b817c,0,640.9710000000001
ef6545c1c6a000e5deda7f772e641b7097309b9742e1587735d7b08e03a4306a,0,1869.525
ef66f3e76a1d32d4298c4ece0321c89dc086be37a1c8bc20a6940e144c43b7b5,0,1630.9455000000003
ef6b20195913c6aca6be1c5b4913c25f165bcf9f1d4e2b643a62736748ed44e1,0,2414.9805
ef6fbad4d18644ceb3731ad6ab955057a60f4c2572f7d37f39edae4cfc02439a,2,9195.673000000003
ef7201e31e2b9478f093dec4094d05264b9d473f8b1664603bf168704a0c0be5,2,2428.125
ef770ce1a7e04d2c4d5d0b0759f41102f6496466eabb176106c12a3817f0bbb4,2,4107.1935
ef7d628396de5129d2307c9a2b65297f5e5f17b7de18eb543d29b846e2c0684a,2,7301.7119999999995
ef92f5a94fa478c8078cb15944e0a5749e05f62f0a8b083b1af6b5ccdcc42b9d,1,1691.7745
ef9803c04d830666493671ff44b47c5d0523acf750a6e2c208b1fc669ff9d213,2,1221.352
ef9defbe59c0a2a8bb743b91ea8d8d9559c95ce85e5e83d6e50bff07a4021962,0,3055.695
ef9e134b5c588a7a36a6996e56fe87700aefceceb2d934d899e3e7a8f1590ae6,2,2388.292
ef9eff34388e66f76c9b9aac5e96644a04fcdb662478ddac87eef5fbd6238a9a,2,4452.015
efb6d82c79647b1a4ad72ae8897f706daf3895a77ace479d8b165e634fa44865,1,1315.9325
efbd53c02ed6bf5dec27a60287fd5a8582b1e007c9b3aa58ebcbfbaf513b6516,0,3001.7960000000003
efc10ed10c86935972163b7b599b0de1f3337813a4ea09fd8f1a34a00368d373,0,3634.6809999999996
efc538fc2c7fdc9da06ca0956aeb712f2aa3e164a6461206f966c2049bb0c977,2,9655.409
efd43bfb250038caf6180ec69cf5ddd1a4483003c9a8bcbe51575538e27950e2,2,3954.1065000000003
efd764e3c470fdf379aa2803f823c654eedd87ec36bfd69f21331f4c8a3c6d96,0,3337.2509999999997
efde46cf8bcc110c0f8cb745135d8626b30cf4b8a73b038f6230d5e032dca4d5,0,832.9830000000002
efe623c89ce8868057b646c8715c8a1278c1865ed209ee7fbae0a935ffdca9f1,1,2318.3700000000003
efe7567eb33efe4e31cc0d362c557265c402ae47a8a6f95490c2bb894a8dac7e,0,1297.3970000000002
efe97036c10d8a49bc576f03ff22505e5a1a775cf5c12b0e52cfc2c9771b166e,0,1773.763
efee6a4069a48e53ef881637a1e3d81a187c2c159e2644f17b3038a97d34a60b,0,3967.427
eff9878c7114a74b54dfb9ebc6e74f242d0ff604cef78cc079ceac7ac8b5de78,1,5160.3565
f01099f56ab8f2312953f75a8607ea12cdeb8a690b41a199dc9629b7a7c050dd,0,3396.5820000000003
f010a4eeb8cef694a931166c0e01cf665fb7a40659f3aca3d2b1c155c28d56dd,2,7867.8544999999995
f018869f58d957d3c0aa46d817bc1e81a33414f02877ab4833b7105a0e45ac85,0,1722.1470000000002
f02b154d6942417cf98b7763b0f486327cce0759136655b740cf3c6f7a9f7cc7,2,5859.0315
f03326b53b2cfea5ebf141de13238228c1d306c36c3ab2c9eafc7868fd5ac427,0,5491.8975
f034d866727ebf8ce11dd515d6b8e1abc29a31834fe23ffd74fb7921fb3a273d,0,2310.132
f03652e934d4b9fb1a8373bb233a29fd10abf012aba99d6cee274666054c9dc3,2,6906.521500000001
f0378e7192873c85c2ca619127c4ad2f74fd6606f273b0bea5cbd99e0417ec7e,0,2815.5695
f037b4346536e57b69e706a6739629c7663614da6c2f050747cf184606c767ff,0,1801.1725000000001
f039f848fd91db60c4472dd072ac406b477dee226ea7dab08d6707336f106c01,0,1643.377
f03c91c8d99728b36ad1b6cf4a2372445594a48918ac010542d87749b7f40048,2,4302.756
f04a4ae1c557baf7db282e4e08c2a7d1dfe043a990a7a9b7cf90f53add36955b,2,3809.452
f04cf9b18ec599645382a1f4ceb4b44308b907140e5bc77196ebbee0dcebf978,1,2840.8815000000004
f04e523f5600fd15be48c8f3d719cee284edcef354a059d048551a93de425e9f,2,2968.1924999999997
f0514fd10f547cb9bbd0b61d64d27c67b8b75b48e9cf192ff20dc7532e986b3a,0,2823.2740000000003
f055a7cea98160fed7a844a90596dce82f63f680bbaf0f09decec7eecd7f31e6,2,2775.5769999999998
f059f181162c01b1b69876f02367c026e7a99fc5d761ee9d625d8919f1dd7286,2,567.8405
f05d4cae7ba9ecb1e42b31e1e096aff534b35fc9e8ccacbd8fc05535c0850217,0,1693.0155
f05db3d4efc29b0d47ad6b17bd8b4eff420077d20a209d112ba9dd5425f26fe3,0,6910.514999999999
f0607e0e3d5da35df3221b87ac15b26a5390ee021f21123fba664ad0370e34e6,2,4047.372
f0774cdaa1321f84fddf90233d5991af02ec19796975457ef9717770e7d9f216,2,2159.3414833333336
f0777161c28c976dccde72f48fb6435f2f42e16de3a1fedbe543cec0c2203834,0,2280.634
f0797d5549d3b78607901962bae419ef16335bcc4be16c5df44ad3b0ffc19ac1,0,11225.7965
f084daf4353f195fb70b1c1adc574ed915deb498e667d1d7db793c00086d905e,2,954.8115
f08592576c68a566e0da2af9f906b1168ce4b68374d765856d5676bbe32d1371,0,4703.9095
f0908bc621321d452d8a991078244a32d1551e6bde020fc0be52eeaec3290a33,0,3098.7225000000003
f09962ec79047e0fc61a058214f2ce8051f9f862c01e22cbbf90b6e7dface677,2,6170.482000000001
f0a748985a35476e796209c47e75627d9e5d26efd18146ce503ad6ba9ac18dfd,0,1505.2195000000002
f0a7cb741712a815d82af925208603392d4e7639b1f81a35e116aa01530e7818,0,2718.938
f0aecaf57746f85acda0606b49c1cfcd7dbdbdf97a9aec1d7b7e647fa505d6d8,2,4953.1835
f0af21f965995e10c61d5d52840ca9f1a4b76fd3f91d5525e1df0ad842193bda,0,1574.215
f0bd89b24917a4b9071a23dd52a1a1cd841f55b3d933cb663e4b50d9d74f87ad,0,2585.169
f0c67618b741b7b72c714aac272041d3168e9c6098ca6da842473056ff7225ca,2,4925.773
f0c690a9a7b00ad3b266c76a8304bab57b95fdf2a7de5f7d95fb6e5e645aa1fa,0,5167.3435
f0c9fda41d1fdcf0de718c3c7805e5823429714d19f0eee296aaa0856a5dfdbd,2,32.504
f0cd61199fc1a0f33d15b3fc12ef0803b26c3bbdc3709dedc87577d2ecaa60be,0,4563.117
f0cf02445dbdf874424d817efaaba3a6977945b45b964166445131b126d102be,2,1457.775
f0d2e7eb44e1389920e19d2488241b4f348e5c80173c076c8ad4fe278e3e90f6,2,12917.455
f0de060529ddff91d159b417849684d020e424fa3bc9ae7af6752cdcc87bc554,1,12341.236499999999
f0e12cfd59e3065af67c22fe04613f2adf44db1cc8a09216c54d34922c2e1518,0,1966.4735
f0f7dcb210ce5aca7a739e534be185ad3e7f62e725aaa16f0114f74165c57eff,0,2543.6095
f1052331adf0a3dce7f87e64234f87d02ed4ff6675b46106e55fb1d8dbb6e0fb,2,117.642
f10d234f6fa4773fffb0361995e93bf7818473ab5535baedaa27c656dcfa6c5b,1,3051.5785
f11b31842eadf1dbfba4d1d27651cf9dfaec471e5bb0069c7a1f63dd7f66116d,0,2109.987
f11dd1383977fd92619e001105dfd5a0f7d593fc49c02d4a0a60cec6f6a9f23c,0,4229.7485
f1228f1e045eadacbe32fc1fed973d0808235e30fb969cee08a0ee0f004028c2,2,12331.4885
f127b89eb6cc825e522cd697ca67e3c2a9731e9c07d69e5e43b0ee7b543eb5da,0,2742.5095
f12b384f211e935029fcb8dc76057083cb985ece9c269092afaf968af41d87c9,0,863.0640000000001
f131354b85dad151a9a42619025a718b4f55d7edd8c6a686696723ff2d4d4109,0,1438.583
f14abb15a902b6efcc8d6a7a0d9759a67cbcbbd2e2006a0912cfea984ca65939,2,4470.4095
f15358554b02aaee3217d441fd943c46f4da1d75a9b080deddfd8cb0042c3102,0,2850.8695000000002
f16142014c30b113ec62ac3f354dbee9693f2709ae62b4da6e23c468d224b15f,2,5703.809
f1649c74ae7cc45d82739d8c63037f9383bd1dc19fc97cd8cb884d4be0a14230,2,2071.0820000000003
f16d0ee0a00a3a424c784f1d62b0ece26070aa57d2c853021c5f342803b8cdf1,2,130.228
f1751d8903733f2ec4e811cd76f3f46b59f2a592205832c91dcec0d924004bb3,2,1128.5865
f175cec119463ad24cbf52927ebb75f8422b3d9095235e696ae3375b24f295df,0,3013.1285
f17ba74af913336f7c599e68e7cc02f11b8e1323045b45120fcb0bb1df4ca47d,0,1392.8265000000001
f17d2976965a89130f370bd9be22a222065666a29860a899b23cd2101b2a23c4,2,6905.885499999999
f18b4072142021a1c1006b403a7b7b0bb657d9b747047e2964053b5cae4995eb,2,3251.7369999999996
f18ba9cec1e03cc262ced71085fe51d7740f2d4c94ff4118c1d6974c061edd6b,1,7798.866999999999
f192385b302571b38891b4b81fa77e502646e20f11f6d5a140d95d3260a405fe,2,8141.7565
f193dc5ee067fe78d32eeff8471bd8b742a54c4f5f6b6792280779e5faf84bd2,0,5112.9915
f19ce83817c5eba3e1b20b8ce04c22b2a23e729b227cb4af875f479845353a9d,0,1810.5905000000002
f1aa06b5f74bdafb9abeae8751afa1258f5a14e63e75851554df94483a42aecb,0,3735.55
f1aaaa2ce2fa97045f448494f5eac83b6fe29a9e6a87ebffd019e7180a50b6dd,2,854.0260000000001
f1b14505468f9dd444cf06447d311e59192d86e2a552260dc9cee1398610d59a,2,1547.2875
f1b608a00a54e42ee23db0d8b460b85abcd44fa9a3c4259dcbbb98b1c415d635,2,660.8320000000001
f1b97f6c9617e3b2790193ddeba2b4a3b1310f22cf9f345884251b4496152e2c,0,3660.277
f1c6f3e24ae4973a539272a2aefccb6a51dfba76fc5c6847c0538f040ffe12dc,0,4554.422500000001
f1c7249d89c6f6039ccfb161abfbdafbc95daaab598f72ec427663fbee7a9544,2,11469.9745
f1c812816312a6cfa137062468ffc21e4266dbaaae560152797f922362bbe03b,0,1392.37
f1cdcbf2ec236cedfee3a0e69d7032aa16910771541857f73b0baa2c40101184,2,3872.4669999999996
f1d06bc9c90c82a02299883c111a76224a9297ba0e930d06faeb583cab7f4b2f,1,9332.3185
f1d390fb1b419990407b6deb28fec0a3bd0d384982d3bd61e9fe789caf0b2044,1,20064.267
f1d77789f31709c4d1211d3594624232a980eefd15da8dfba15c0cd1e65525f1,0,3997.0460000000003
f1d7f2e709d853b8fda567000e5d370aa62d357f02270dfa8cb59bb9e74936d6,0,5150.3555
f1d8a8f39b101c46f7b043001de4c406c4f909e03489480f3a5737a4f4cb7a32,2,1447.7495
f1dc4a7e11774e7d27cf8fe251b0f9cfcadc2a7b552cfbe892d45b61e1308421,0,2681.297
f1dd021e3a7812322dcca164b2155e92efdf4feb61c5903c258f41bd507a4428,2,4777.916
f1f448f45dde3369a393d4c29d8b5b0dc989bb1a0381cfb3c6e9d03c8ab8cd31,0,3346.9930000000004
f1f7c1a5c8c3b4cec3922d044bf3e6e12237a58951ea1ac88bce28832d867c85,0,4529.6465
f204c1d55a78e3bd4c197aff14e63f59e16b6306b008549eb5fc98cff2d9c56c,0,4276.535
f20582da5f860a17748cf66182cfe51815077135873c30be9a584ddb928c3eb4,2,5839.1375
f20c26bbaefe342680728e393f21088b23248e8043d166c5a2213b743ed88539,0,4408.7605
f21183205fb4a36297cb2383560037f7da67d82efe0b489562318a2412f5b14a,0,4482.3315
f2220bc63a4481bb618c90ce982d6be957815e094d39ebe0325d5b4b0f112370,1,15664.1055
f225d4ae4728f4011dd1547dd31c3205b2cbf9b82cf0e9d185feb338d75c6680,0,4263.262000000001
f22911da323181bb03af12fa4863520c40c5f115e483f5512b8e06eb9503be6f,0,3069.3565
f231a99795e2da795a4250ed8b241f0f2534bed3dcaef7650f938f737c874717,2,2704.7355
f234a984507e17e51f3673cf88c4e71c485fa9a923c02fea8ddefb5208e99aba,0,3638.6855
f236fb1e453581edc5044a6ef4c04b0b794d2c14ac724d7b20130e4142270a20,0,5248.2485
f239e694eddc2c60cf9604540e851917abb3aa698a2d16335f2b0b547ecbb16c,0,2066.624
f247e356514017c6f662936ebf0bef9fbe11f5306dc716e873d72d5c6e3dfde7,0,6688.182
f25409b236c647a2883197878fdad96288514e18d2870576c358bba5b199c643,0,8020.427000000001
f2595225c12e19e94da337043ea8ee6ce8030d06141e49ee9dbbb388ecf59422,0,722.5605
f25b275d54ad3f4deeea0f5b9d6554b6d7411e3ba280c26f017cc5236e9122d2,2,6231.869
f26b1682908ca776787acb3051842b6a6286419d27c859a9d08dabe26883ead1,0,10343.9425
f275425450e4e21f06878da96baf998b6d13df57caac4339a76c968e1b716e01,0,3022.0299999999997
f275f372d4bb766f56a6529c77dcb1f2311f75b13acebbd4ab6c8fe4b9a5453f,0,7848.0425
f28dcabd3561e6b972997f75c27d9c6e9dbdc2d273887240ffd472134352c011,0,1945.6965
f2927b0b52b9b26739233c11dc0c0038fa44f3665e9487196a481142ef1e89ac,1,11520.781
f294769bcdca8d953ee0ccefb903ad5da692ad73d858d9258d6cae7747b81761,0,0.6250000000000001
f29bc835ad2b90be7a3870af1563a04d16f320d23824b966b9f6058e26c3dc97,0,7703.1605
f29ea43c554a05318c3d7b1148d3dc804d518462bd55b697d28eade0f1e211ba,2,2314.546
f29fc0ee61eeee71f437d513bee8cbd668b553459f458e9e97e9823b8434a84e,0,5057.163500000001
f2a6ca84667e3d4643681a399a687dd53bb8e385312538b2671bede204bd991c,0,4152.239500000001
f2a7212a4edc4c16d562362c5e5ae75181c9a5710d5075047750a21ec67ae70c,2,3075.707
f2a8c5d5cdb73bd474b9c1f94ddba4563229cae70899b4670061b587d948c4ba,0,5036.3685000000005
f2a9664441cc50b0796ab9040296077a7d5c300647156002c91fbc930d49eb24,0,5205.67
f2aa47c64143e51c9415f3b45c4e5905d1c13f395b1ac4066ded59ae068a6779,2,3004.742
f2aa8673d840463e54ed379a68015e1c0b452dbcc39f89138b682587de9d0a34,0,10833.5905
f2b0a135204a8e6209b5b248c1075fb4747fceda8dc1d5cdb6a2a640c8d1bef7,2,2111.6605
f2c1588666b901e3ecf457bfb818bce5a9fd98ef9df1c2e70ca33ebff691bb33,0,2167.435
f2d04fee1ed5131e4787b375fa3c8ed9bb7788ef808b05fc071b05a9ac6f9311,2,11469.5215
f2e79e668fe59777cc6f498651aba65ab482162a5150811f0d2637ebdbfb894b,2,2788.0395
f2eadb03b3bfeca830798220d60d3bc05bac44b13144dc3137d722f82bee1cc1,0,248.66699999999997
f2fb325e92d5ad704578edf362544e85f2bc3cbf6261869e432b1ae9ae67b590,2,3770.8600000000006
f306c90c8bef83fea9c9ad71822366cf9d49994212973772f61d83f97f477550,0,2008.5660000000003
f30799d643db4c97484ec515462771f9f07842c5ab0b2b7382cd2bb57800c66c,0,5692.021499999999
f30bbb9a7a370866c933a43b6044db5b28a3883676964b6b349c484991794ef6,2,3315.7560000000003
f30dfe7c04b73eee9525d26910f4f16991757eca25d38295590996159d552eb8,0,3614.2015
f31ad72b53447e490e82e820d348699c655b7243493c5b974f4ab9953e326186,0,1262.442
f31bda3ba65509d30f562d5fabc638967665b773671ef70d56c01e4def4212dd,2,2824.6125
f31ccfcecc3552f478a8c9d8bae99a15510c7467c93913721ac0485393ea505d,0,4303.8525
f31e5e63e3a5611b34c42b216fb2adf34f292c8b478e50518e4c3c6b0e4955b0,0,4125.331
f32a7013f61fba356e8d749de872570f659d6a9022fc7c4c30e166ec605958ee,2,4500.666
f32f9bcd2d4ed8a193b297cfff402f1ce762ab48865b1934008856a81b31460a,2,15109.767
f33026ffeac92e863dd8d0c1ef50adad3e80d2da42f32bbdb01df85ddcd3ee5f,0,3108.7335
f3304bcc0947a8177965e8820ec2f819b003dad81fbd675b32fd00e970186f95,0,6345.906499999999
f330e0117f52f8137fb052732166ebbbd516a2f846fdc3cfc456217498fafe7b,2,4520.736500000001
f33a3b0f2feddb0b586a816772cc13ae4a434ab86bb8f6aa3431c30a966512f6,2,617.6289999999999
f33cda904495e06142c2eca0ece3948f4b10d0cdbfa486ebec46982dc0de4ed9,0,6788.999
f3413cc85563522f7ce9b6c1e5aa73beea55e5c0d8ed6cebb984f5ba9fd48d8d,0,4240.1155
f34b53100557b1e95f02e66796c9f1ea603ba2412714c655f4908a2801113506,0,3490.3565
f3549d02cf9d53292faa1b0b5a2106bc197a03def5927b032a2e63f025ab8d61,2,8328.725
f35a20401b0a6753e629a401162f12826596a144108e100175768299de24cf4e,2,3201.0634999999997
f35ffa5ac0889a330e87f71470cfbef69f343d9eea3cea2aae55a366056ca4ca,0,3379.7525
f360da5cc4496bc01fc8291176604c8df3d8b14f1432aa935d538539e6877da8,2,2679.275
f368a4cb40e5f07ea9b3939cf7c6225d8d8dc9d8a303f2f29c843c929a20347c,2,2972.7465
f36be3cfc4613f2e941750ec3461c8a4be94241d44e772afd93340190d155b08,0,7675.1645
f3752647d6973b8eef2f3ac1ce01b0e178c96948ff8413d8013f5432457ab28f,0,2950.611
f375490fa70f658281fc79ef434cb47d7f729d268e28de7b84b1925ad4fd8f4f,2,2327.603
f37de2e930858efcf6c39fbcac1dd8bd8c47ee78d3353da4636695b4ea0dfd25,2,7170.5960000000005
f37deca9907516ab55730d32306dbfad731fdcb2b1adca14a1190131cb33642b,0,2827.5815000000002
f3817751258c62998d1e776fe1efe3098504940c87523980b6745cc6fe465d53,0,14137.7245
f38648628de31de06e3195f6424337b8c37b91b7ddb4d1742fba9271d11a26b6,2,3917.0115
f395961840f8eb9648c3d7ffc341627508fb297af17d4b31c54b1d91e441ea38,0,1995.021
f39c473a60d59774e24bed6f0df67b2e95df4b212a27e214b4f7534b933aad3a,0,2893.8625
f3aa9bf0c8e521ed94152325f6c87a5988f4129edfb3362b6d0d0ef8bd9b27aa,0,2825.0744999999997
f3ab2849edbd5bdac0e52b14a7e44fdc645d948b9b503a2fba1f31ab2500b867,0,4443.142
f3b8a0e8237e175c3349f06046085b8f4932bc159fd1ce708c294242b3764cf4,0,2904.2835
f3be7af0a57a736223043b54cb4b35d7a748076ab4aea937c74b9a8d43935dbf,2,839.1955
f3bff72a3b3586db91bb0e11d83da5a3ded60a0a6c55d6bdac0df508aa143848,0,7137.255999999999
f3c26ba653524055f756e715920bad2332b3956afab50df1cff5ecaf391f5afb,0,1650.6865
f3cd81fd82d40118e5f7a344e612d8c209f3c4216f75d3d785509647a81854a1,2,4216.9295
f3cf357898c3290624c507172b217df7671fe5c6fc6e87773138290c130cc488,0,2419.9245
f3d0474d2d676ba3d0824eb041a5f174735bd0f88e220edf5748f9d11fff0c2a,2,3077.0260000000007
f3d5c6877935ee0f9610bf44f416f7aef5eb43e78e8264f3d27b637b08e18b24,0,5365.928
f3d787e95d9c353c4ca712740958bac337aa0c151b509fd0b27e50f67dea8477,2,3522.3230000000003
f3df89843d610dda0422f0152c1c45213fa809e60dc8c663a0278a53a296d2a9,2,1761.2529999999997
f3e0977614d78b4928546ab9bc9e3cbc52025b601002769b1059dc9f3ab491f2,0,4146.157499999999
f3e44bdbf76bc46955fb2462dccf7e313b72920a78d54071f9e21daf68e3478f,2,5006.8045
f3ecb89b028dffe26f2eaeac9c7a14eb1904aa4e320827a8305ea0a1f775adb4,0,3600.4305
f3ef42acb3a8f393cf8a66a21789f1de7e5129afc3aaf36189968bd4ea10671b,0,2342.1795
f3f387c8671bead1b8ccbb5cda6a42acdd7f7121d26759d19e4ac232c3a040a8,0,4116.74
f3fecfb1957883a4e9a8100077e991f068529084adb5158676f7b81cac9928bd,0,2234.7215
f402d1a016861c358192aeea82fed37abad97e6fa91936a575d06030becf92d2,0,2565.4625000000005
f403a2d824a71ed15a192b78c103aba96a32b0a155946f816fb6828afe61bbde,0,6087.2654999999995
f409085fafc5b1aed3ef5d9f0aa2604e8f19ef3b3bebbd34c881b8bfdb58bd6e,0,2320.8805
f4100afc69117c5fb51d7f651eab0a38176786929707a7103677aa5561460e58,0,14422.5715
f412597be33355813b41691034b982a526ded189c0facf55ffc9e8f5d8686fd6,0,2186.7475
f414b7b5015eceff50f4814262186bcf15e991d1689552cd83cf424dddb70a52,0,5264.311
f41a9bf780f4e9453ad5ea5bd1a94dc5c65828b25ed5486d4efc3449c517e914,2,1104.0825
f41ae06496c081f13214e16945abf6fec794e76ad382695dd707564bc3741f63,0,3137.6615
f423bb5ce1ad82823306c99799f132b93e0badc589c3e860ca2619e860a7cc4b,2,3557.643
f4262140655d0b0c8e0600d7dd645ffa642741f266383c6e9ee7e887804ec222,2,5411.8225
f4269318f668bde0b00f64a91ca60ee4a19d0f2693118270b67e0aa344242a20,0,3611.0965000000006
f4306fb18904a7c32c08b46fc9025f1817058d3d27238a8d274316425ebaefa1,2,6141.257
f4356dd874bb196da3a7b2a4543e4bcdf7471554ec50102d3acac9b5393b3afb,2,3341.9179999999997
f438e3ee59917b948fa84460a4b10b40b19b54e58489465041eb22dfb203279a,0,290.2705
f43b4cde89a81bd099dbbae2ae2f4b2274b833c075cfa778807232344ed19675,2,2781.7920000000004
f44a1df8a32464971c5c75d9ed1b9b79f08819e44e434099de540b49d488ab6a,0,5924.8225
f461cf3380ae99093ef4cab4d431d1ba2c7ca2c5c7db93a02310a0c9375ccd50,0,3252.5650000000005
f47778b9d61935fc93bba800a926e5d046c4cc83dbedaca1851951f06b485728,2,311.8465
f47c50c1b8bf10b7de44fff7f40d142d4cd261d6f6198322c7d1977ed9e5b68f,2,1499.765
f4801c535380f27f171f8cd49418757e0fd800cecf72b2ae821ee0b89294ac6a,1,5134.975
f4819c748e6e98775df8c7992e974a799f910b74c0fa6989312c01bd5eb7f980,0,1780.926
f48313c7cd8268679528a928162eefafb973dd8a59ac3a9c672e505d91c61276,0,1760.096
f488b4e38b77fbcb48cb9e01640e2288b0813e9f5b9bb801b17811266058c755,0,4435.13
f48a40941a4900904168f793bb351b9cba9faa4862b1c625b1cbe0027423c0e2,0,6012.836
f492e3b8c81072a9208b889ac704c3b4a4ad54e75921ccea58702006ef8e9543,0,687.4755000000001
f49b6b360643f6a258455952cf25a17c2a19a06ca9e21888b26592bd9e688b92,0,1493.933
f4ad56b9e783d90e2d6cf1d4ac593ba31fb9f0e028ab9ee77ef1e928ac2f2553,2,1953.7140000000002
f4adb8579bde3666d0b784204add188ea5694ddce8358f6fb79d0a9963b7bdbf,2,21037.235999999997
f4b5fc7c0ed2fafea41245fa923ef06ea9956b28125efa5286b6adceafbab4c3,2,6618.399
f4bca4e646de00b5d3bd755acc56f29bd5effd94aa2f313f572014a6d7a2a61e,0,11094.321
f4c17cde749fbdb9693660c1f007db37dc884968cce9ed4ed286471f989a87fc,2,4416.485000000001
f4c28b67b4e7f781523d9b275ed1f3571589cca87754badaca31bdeca118de4a,0,3004.295
f4c9d0f8e0cd0059912496a4341d8e1a7bc3c902c23475756f2a913ecc290877,0,1985.596
f4ce21638c658fd89bc31c0b06bf62a8dd4963d1f7da53a120582d66be6fb3b3,0,3396.2630000000004
f4d04b7ba0a7f19a31e971a2d0430b2f1d37991ed236046f0e503fb88bfff33d,0,2173.5005
f4d065f4d87a4c5fa0ca8bf79e8521ab7f96b4dcaaa95aac922169a771beec69,0,3776.87
f4d240bc9e0107b462d3116109d37fdbcac3afe43f228d5fe144aa09c9b925f8,2,29810.489999999998
f4d60037ee2d5691dc4a90fe5cf46af7467a1b780e02f745a41a87d2aaa0fad1,2,7809.7080000000005
f4db3c16586ee6cc99e1c79f7e050d1407c0c5be4f697d4fbea116c873784601,2,3581.0845000000004
f4e77ef78ca1ddb0b7ae45cba13bf0be3a9770ee29049ccf8ef6b69b0f5d6139,0,8081.9475
f4ea551bf2155d2c8ff0eb6d8628500926b37c7dced871dafe11d7c6f27f6cc0,2,17644.120000000003
f4ea7dd396018ebee5a3cb4f77b70b06c27ab8df46c3ade5e814916fad1205f8,1,4897.223
f4ed0b4e71a4a9724002f8fb214ec82d266ab18efb7b465523a7519c2be9e540,1,2857.246
f4edccd06e19a17b36c9c5194bf5d1e7427c70bf7f41815819d0418f71d2eb36,0,2658.5654999999997
f507532a7b3e0278771454baa34e7ce40427d855e6a9a9eb4cb5db25e1cd8fbe,2,2512.0164999999997
f50b1dc5dea874b77cb7dac4b014a9d419b49b53ed1ed713cb2360f2ea496b49,0,5926.392
f51549e0b562d2c1a7d8a9c97c213e2ebd8f56c4a423fcc67554f7a8e7eb2d3c,0,1600.834
f5154f1b2874c492e4221ac3a143a54e926647e148fc1090f2ed8999aa70828c,2,7783.7175
f517512cc764895d7a8f1048b5f9ce54237e2cd7ca18b3a15aa0ea582c6f5b22,2,3329.4400000000005
f519aa7f5ed2994271f153f093032627c7cc56df97c352bed47a9704d77c8b0d,0,2371.396
f521364c9770841beca9651cdbf6da113cc9fd5b2ba299f196acc46226d19971,0,809.4780000000001
f52653525b5f154a19153c79ea56b6ef1a820a8a4515b805df76c16fb7ae1f8d,1,25785.2905
f529ab4f22bb5393f67080cd4f90420e718b3abe2ff3adc6012a45ea81eb9912,0,4248.89
f52b93ebc154bd3840ccf4c70ac67ce4f032ab1a428705fdd93f63a045a62303,0,4331.7045
f52f8f82290e70f619f8a40a89c55b3965035ca21ba815033919baa2a365c08f,0,1393.0325
f535bc5671261abf824bd4f3f99cdb7cc08abf3a567e0ee13bdfb831edaffaee,0,6696.291
f536810ce2e1041ff8b209ca4cf275f34832f8d2b95e41a52aca3f3d8dd82b01,0,4480.540499999999
f539a689afb568e76ab3e337b4c988d5476d8101973d8e1d1809b6f2840a4f33,0,3128.1764999999996
f53d4ab1c2052138dc354a3c5577300cf072987cf542d34f0c0eba616afaf747,1,20621.718
f53e9a54cbf42bfb3af7f6c1684ff84d98be27b4badb561f0a730111a42aba10,0,1689.8255000000004
f54b17b878bd450c124f7896ad9decd03516c992b74c75b74d705d237edbc5da,1,5335.289000000001
f54e575628380f71c20ba6ca8ebc8f57b7370c5aec8cea8958eb0ba02f06d31a,0,3345.7230000000004
f56b746730e8b402f3fee3964a77e1af0de14615c74b2738ca30cf9873e0a69d,0,3091.892
f56d2cbcd0720edc34565c46740a12b2030a58214353a2836582acffe3d46c26,0,4432.5019999999995
f571a726591f1598a3b614d40a61908768a4865d299ac2583aefdc384ed225da,0,2174.9385
f5772b06e163e61a83cc6291e699c643bd70d317d251a79554a77b04784998ef,1,3187.1575000000003
f577509480a11529bc43085c195dbb26836185e46488946e829a541a822a077e,2,5536.823
f5795e0eee752b7e1798b8bbc428499ab8a7c63ed7a8636ad4e699ce7a1941f3,2,3066.2210000000005
f57ba2fff418cd5c01e0c048e3cecb4863905250daaf8c4c152fb4a13e26c258,2,3254.9705000000004
f57d8669c2a791de7c9cdee4d1eb7258ac8cef5e989d3190fb98c0feb731c8d0,2,15314.463999999998
f581cd1ed2614fabbf68195e10ec7c042564f31e7c3b2a5717360d6e93fe3ebd,2,11137.1405
f58923faa65a372b0c27c94a81770cea5d3bbaa708fd123b9709b46d6f7f3a08,2,2554.6915
f58b23cf581fd036758e397f2e825277b44b5581f000739c74690895b5b593a2,0,1986.0865000000001
f5960eab5990ddc53e39a8935db6c24f10b773584463ff47255159fd16952d26,2,4659.7725
f5986ae6224ea19ad60d0ed5c2dc96caa3fd914d2bdfbf0df3b821823a78fdce,2,3963.4105
f59c2e7746062438a5f2835872b5c430c86b4a42459b286065963dc7ff33ce6d,2,2672.5475
f59fa246873acff02937c3f5395b89dfeecab3371a1335a852670183796a5987,2,4661.743
f5a59276b294b7a55131b1671c59790c2599ba158d6e6abc9522c02d7cc31d76,0,3162.8839999999996
f5a63b561dde1299def17d5fc28148232de7406b710b5109f5ead58aab62459f,0,8123.9735
f5a9d6538ff4b6f45d56419e63b38d1be81e9f8bec08309c87b5fb88ce9e4b19,1,5188.4945
f5aff475c3a5702b9784a02aea196117ffc97a38064c413b6e31927f10279c47,1,529.6645000000001
f5b3f6801c66fea43772ba5af5637068481ce35624f7d1b1b6adb1bfd864069d,0,2040.8675
f5bed38804cfce89682f8e2e5e0e4492c7df0a7dee5e1808463db868a63835c5,0,3461.8635000000004
f5d0a230235a7fb73be55f2458ca35f0295b7d29f93c21b87d4d5bcc5d416413,0,3521.2095000000004
f5d5d5c029b6311069a298021c362f265d37bae7ad1e1fbfcbe0c9558af28d0f,0,3380.2
f5e58e2a920e93d69dc556cf24de36955e0292b179329c3af5baefcc6782ed3f,2,5327.263
f5e5c32889a317c901dd4339ca4d506f93f469caf9b2d9df3dd38d0e25eb21ff,0,1318.7465
f5e768ab45d71d36851a9269894f02ac7cc9fd1a7b1e03ac8fa706880855419d,0,3149.57
f5f1ae5af68cc8fe2866593de0ce1809b0d36c11950f15c2c89280b34e2cd06f,0,3146.1270000000004
f5f1c0db6fef99a9b93adcb67d87f63b1f79aed4f8fa3423fd70b299dea35965,0,5385.9985
f5f73c69cd13c4e7ad6fbef896531d06ecf8f48c1e1472cd877893677c8379c9,0,4923.7795
f6013def7877a231fa09fbfa7a68c49f2963442371a4e2e9969df6cbf3f4f3f4,0,2803.5635
f606959d88bb12f7510f9f7efaba10818cbacb24baf5c686315907990ebace7d,2,4930.397000000001
f608eea11a67d0a832ddd879e2772582adc97fdf4afa3a5aaa6969511785586a,0,2266.824
f60f1aecfc989a0fab8b9565071b9546e80ee819c170fa1cba7590b790adcc31,2,884.8665000000001
f612f63a91f4faa544fcda76da59ef5c3b3286d1d31046f08f5550f099efeb4b,0,5954.823
f6154d01b805a44b3fc32e6bc0add3b7a8c8e919ebb8f70a4aec97e3fcef24d6,0,2427.9825
f622acf2991fa2040e14169ff8b96cc06d8f22447443a7383dadd43a1dd118d6,0,3601.1795
f623cd7dcf3dd9214b74f6b2cb6a3c958f6220f5235e7496ced7fe992660ab93,0,2493.556
f63002cec9039b65349fa0631edb549f53089b5a6edd8c758c383322f4d8927c,2,7460.8925
f636340293b99c9795dfcaec54cedcb1148bd7a37d8cac2bf49fc4f2f63e15d0,0,2484.8664999999996
f6457de4a2bba4276d332e10e5108a12e8c51d57a161d113894dda5b280d5509,2,6479.8955
f64faec73319b66f9c6460a5f7b2dce110627f43fce9e6fc272d67e3a8e113f4,2,1802.0255000000002
f662b47e83bdfb4bd7358372e87392d74f40d101e2a6c96dbef4516ff07f5266,0,446.89549999999997
f66778e2d6ab117f6057b700686f0d2310533be8513df5d6012a43af5a10c5d3,2,3803.9625
f66d1f11fc472391c1023eb762d7d2135635d66503f948e27184959c0c34dbf1,2,1400.7825000000003
f67179ec0063b74c98dfbde0f8ad95c79f770d145353b49b98cf80d0cf53ccef,1,8372.323
f6758264850e24d4651c6bd7a0cce86ec351e29b8dc8d9035521263af0657762,2,4348.879500000001
f67a38628f24c62cd56023697e20ceab1f9a5a3d08b7020bb8245d298ba74ed2,2,4182.793
f67ee02521e23cc5a0cdf681bc92f8f229b3cdbb6d5f0bbf030fdc4bdcc1484f,0,4420.2235
f681b3742b7e92d12bda6cded316140a1b394ad4a9e20dab09ef7be764534b86,2,7632.8075
f69311f73bb92c3942502f873739eab5f1e5cf1c09f5ce5be4af220954d7a95e,0,3240.6865000000007
f693dbb139149f48bd3631430a0ef57dc00151e5fb04c8a544514c0f6ce6debc,0,2004.7710000000002
f6a4af107b26a921aec61adcc33454f8a60af49cccc64c5e3c71aa4e51dae4fb,1,10290.2685
f6a4c2d25ea90bd7d689a75ff1f39217f695b1bbce03ca28176e0e249316ab4f,2,3531.046
f6a6a7ea492a531ae115892a71957d3d389f94378208bf4d09e821d7216ec552,0,1275.027
f6acc25b7ee125db8a1181e0bc4dbca14170ba11946cf1269a26b3e1313be3bc,0,2416.9545
f6ad3a10eb7ba671f3234641291440f36a543f1523edcc0fe14f597ed91f689d,2,4809.777
f6b1106c3f8f5e6e7daf55bea505f8484a9100c0347fdb0beae899e5efbc72ab,0,10058.7585
f6b4dd7a978d06ad1a2a95e73903ddea5ff28fca6e382d652d663594c9005295,0,6723.700000000001
f6b7c9c051c40226b797e097c0d909d0f163d368d362c1ae7b51df4ccb05d094,2,3899.2815
f6baa71deeadeb3d258182aa0c68f5daa1ec9700ebf8cb03d3dcb69b78ee84dd,0,3865.238
f6bcbafe8bbfe1ac9446e4699740b26614a282e8754af63740f5ace0e203c970,2,3046.853
f6be248c7ddd01e72ede5e4c210884caa345cf40a47bd3c22785d3c66a5ece84,2,4057.2495
f6bf64b3a1391001ebae3791522d1511b306349ac64a6f64236c066d45ca583f,2,7008.026
f6c4783fd91e81c7ead990b3f324fe127a11c2922c062fc8f7dc31635d655efe,2,2568.6505
f6cc2d6ed49fa7868e4d1c7bd148d6a3d511ff0f5ca3ca23068beb8dbf83f87d,2,2457.4764999999998
f6cc4d6db68de592979b01da5ec44366b44648a86f2bbe17b628e56f67185382,0,2178.878
f6ce75ddda9e878b6f57bc3b685e58a155ef1d2a8745ef791118dd4e869e691a,0,1300.4505
f6d651c7b35ee1263edc645e667fb51dafa5a3d08ae8c0ccdb58693aab6ec782,0,2150.395
f6d81f53f08fa8abea3a049cca07d38d371b9ab428afe2802c832edc0ceed90e,0,4985.678
f6ee69859d650cac3692c300073149f294cc0d7d58bb41770f481303fedc027a,2,6918.338
f6f43ee048563ac3fa888b6654e738f8db35a6f687fba31473b39e312b75df36,2,5468.7365
f6f466135b94816fac2e5c236b4677fde85b6e1fa0b82b89e8071c8484214b00,2,4780.1669999999995
f6ff295aeb9c7fb890408b10fd6beacd4c757d1ba61a5f9c7a3bde9be0984956,0,5529.6320000000005
f70d6d2f299dc12900887e4153e1eeb9644f8e13263761061e704a6201846e5a,0,2461.4905
f712b02e45671010785a0b5e359691fdf523165de8dfce91a596de619a5fad32,0,2108.3365
f71620bcf45bd690b760ebddba9edc05ac6403d0d2f4d9c248c4cc41a9e7f80c,2,3912.1200000000003
f71c06c341b66d4103d19a75ffda325cd24eceffeb435a24be8d771a24e5268b,0,4574.3375
f71d4e71425d6040805c60e9f4f3647e25ceaa893e7d60b8012a5644207b393e,0,4970.41
f71f4350902cda32a19019731f93e296e1af3c9bb497bd52ccf4ec7793b9444d,2,3383.394
f720a57c9d4ad88674eadc3d274a61e1783722417fbc185f16bc73a5bf407971,0,3733.0420000000004
f7214bab3746d2bd71c6bfa1821855ade785bc60fa64ad503ed0270de7ecd155,0,4196.861999999999
f7267807784f6d4fd0899d57b072ee89fd29b3c0d26839d2609e492f6b6e3fab,1,4578.0105
f72bea8b3f44a8a9853577bd7aa410707ee43e63cec290a53c418eaf3b4ba2d6,2,3510.0205
f73c9f77c4098a3beb08feea3c6b11c9270d121ffa5d33085086dd99d5d8f880,0,1106.2355000000002
f73db7db9cf4b20986b2d1a65b13e524961b947876114c831730af17c1580ccd,0,2654.5395
f73e1f2ef4b1a62fc8b600a884d0e54c6c76eb6412c37edf576e7a06626e86c3,2,7115.4115
f7536744947e4c2f8f6ce823e21970a27134696e3e6a0731315dcf7fa1fe53bb,2,3337.927
f754dca8038d76ba321a3b0e08b9fd1aaf7b471a3686605980996f79925f3010,0,368.7335
f75dd025c4b1554d22bb1c960b6ad5832810841e51b91bd731ab62e35cf164c1,1,2431.319
f75efc0f1555789e8726c10e1daae880ae303151ec00439f9866ab225573223a,0,1746.0200000000002
f7650728d8371f5b8272a51ec9afd1f2b909278432f8a6c8fdeecfb250465aaa,0,7865.385
f76b47593507b983cf6ecee704c2e7506260e3d0c7ab3ebb2093e649bff28d8a,0,2057.9565000000002
f776ae861cc9f0a5da52bbcded071f6c2cbf7e23a838baf91fd58c1d10e34ab4,0,718.741
f776dec6faa4d7b1beda4b899cf77f96a6c667d7a351c46fe8c0267433425d65,1,3553.9695
f77a2c036afd2b455ea21b0d56988b9136c30d26348e8befc82fb6faf41fc77c,0,4984.521999999999
f77d1822cc3b35bb870be93ab2ce364bc211457c67db4b27b68ad4d3a5f6c19d,0,9456.619999999999
f7868b5569846cca1f8d1ad27061af76730e2f924fe42e6cf1b8caa831899f3c,2,6417.9974999999995
f7870172f53da619fa77f682a9b85606243d1717289cb60e3fa219b731f90683,2,1087.6100000000001
f78be08745445cfdf2fa563c5a2bee7352db94bcebc9b20aafecc233ef588f43,2,7270.599500000001
f7921cfd742f1d1619a242482f0b8278e8eca11c6974aeb631118d9f8e3f3cb7,0,995.7150000000001
f7985faabecbf1e5667f710b00dd1462477434437230ea7658139928a8f6456f,0,2028.8785000000003
f7a499e179328d3283d14fdede4453156b5c931ce4f1ce1d551a6a55ea1e314e,2,3534.32
f7aa071bb1cb4620ee6b431239023544b7f5874ddbac4549905b74813d16f5c4,0,2923.7065000000002
f7aefafe07fc39db33897799fd3833b7239fe3cc53c2a3a577417ac7135e8987,0,2530.5950000000003
f7b28cf02a49676b9b27934d0a48230900893b8908fba6a24ad489a7299fcc29,1,2094.7915000000003
f7b568fa7514fdc63c6b18d7f19da03a870460d0d1fa4e0f11c7b86a14f3c3b2,0,3505.8935
f7bff51a0c3e99dff73891e38b33d930c2a9f6a14343c10f4c1cb4ff1b6e63d7,1,1342.9085
f7c17d8c3cc3ec613b0128ce2adea7140f660b6b35443e72cd2d490e593987b4,0,12845.423999999999
f7c4b81f6f14888ae54a1e85a7c98875d259efd0b6286f1d40b7e5d49b4a8b31,1,5628.1655
f7cfa46d0fb92c6430f755a88f2009657a005953096a912a4d23c11bfe1489de,2,9606.815999999999
f7d5dbf38aa988bd0913e2067edb774c962072902310c6425fed93c206d27808,0,5742.643
f7d879748a7bb7da1e86e958ef52d61cda855264277ba46af75d361dda7e2ce6,0,8878.0895
f7df382d97417fc122d254aa28e55fe0f116bf9dcbc4f9592616578dc3b8e217,0,4985.052
f7e226893281d73acae510622a9525103d7ccc4b7490c305fbad5e13d6d8ecca,0,2053.6375
f7e86be7b94766e7cca019d942367ed120c9eb8fce2c85dac2e48224808b1055,0,9239.449499999999
f7ea55b0f2203daf7f6e1bf8b5da7fe89dd211410f92b3c89fd37a7b51313fb3,2,684.309
f7ec3151a098d2a05b3445abc5c96648d75bb3ebc723f467d5a0c1fa759207e9,0,4333.2145
f7f9f5b8758c2e08fee4a56297d539b9f9e8a3604e1b3261e3d09b329fe8676e,0,3239.5200000000004
f80110edd5ca7a820e30e494dcbf07716017fa7238e5dc9ac9ac51f26be4253e,0,2010.8430000000003
f803e8db9fa2d730444c30c7284a46a19202e18a75fbf007097bc5e2c7ebeb03,2,14964.3835
f80414627b1f30a9299328e9cbbc259cfe15a781448080a6d906e8cee762e887,2,5067.145571428571
f80f7b9452e67543b62cf10465fa3ca2d3196c4084cb3b1bf678dcafc58a54ce,0,387.76199999999994
f815b16dd8bb425575ad4cf934142a79a7ddda8ef803803083663a35cac7420c,0,6421.612499999999
f815de618451f7ea647cd12d516e922c667c412d052b998c68e3110aeb9ecd9f,2,3157.1814999999997
f8186213ba1b9c5d697ce865a14cdc9d5a5e349caed2a18675ab260c8d0872dd,0,688.2645000000001
f81a64fa44cbc9122ef84c63f126c2ca977d36b64fcd2729e5a83ff8c21393a2,0,6931.964
f81ad6df865c67c82257572aed5a0b14783d8280ae4c5d3a5a1f57897ccb6705,0,4426.32
f81d2915ea2deef82486c3ef97ea65a73d879538b9650b23dae89d6645c946f7,2,2414.8579999999997
f822d0daffb55205db5c9bf7890da6dfadd079464c56e811a171b9cb40ff2ccd,0,3183.8895
f82b183a5296e138717c28c23a9cc1cdcceb1b8a870da675d7dba7fc9ffd73a5,2,4282.017
f82bfde274a8dbf10d0634930bd96d032262519695dd626e5e7c07e484dbc856,1,12386.756
f843b4af1bffccb78b0824750bb4530f782cef2fe3a038b5939a3174efca5300,2,2669.759
f844fc20014fbbe2d5148767a3740ae84c7eada49b9f3ae18f6e3fcc8de8030a,0,4157.6195
f84b622acfdf089d18fdf24560bd368e42fee297dd5186607dd5ddee0af66bab,0,2436.773
f84c21a864a81dc0d9d2d132d2d9e54df9467add1d85ebe972ee015d09f4f083,0,3726.971
f8511118fc84bd5951fd5ee8462948b488f62c541f3a316a6e8f79c2d044e2d5,0,4555.5560000000005
f852187ca35a66cdd7ee9e8899f9d2a283dccc826c247637e55875f5bd6d05e3,2,671.0985000000001
f85afd571b9780d4be93d3d573a4cc146d941c17549bc2b64b48c09b4f3be557,0,8310.2765
f86225720397308d4b37354939a48a8963199c0f3d327a9cc44ac8da58225d3f,0,2488.2865
f86340f4f67897c546e81df07b03dced73114115018b76ef7068605c86301e15,0,2897.1634999999997
f86d6e0a411cc7485754928934911f09e5134f30df67da35d4c00a694d987ffb,2,5566.0755
f87083a15f9c5bff24a3dffbc71e4b527368bb80d2ca60e09c8f9a60ae193ffd,1,8453.3805
f87703b72b8bc1cc48690c412df4f0c9c93dd94ac5ca44ce7dbb44a5818fffc6,0,4246.6495
f87a806ac77f1c9d909e0b4864d3c32f6e9ee4806a6455830649ed9bbda356a0,0,5376.2390000000005
f8812d3374bc3d7230847c3a1f91c7bacffdb97006cfcce0eadf0af983fa9a21,0,3344.8615
f884ee818e3428e22f4fe1e7915752ee132258819517bfad41dd9a0ba50701a0,2,2090.978
f88ab04a80e6439c61bde358043ce79172a13c615d238a412cb521cbfc16ad25,2,4950.827
f8918cc0fe67beaa8105c41138407297fe7944a575d36588e73ce636112c174c,2,2438.9915
f8949d1840c6604048511f481a61f65665b75c36c36e53c2ec3036bad1e59579,2,2663.963
f898628a71b90b4b579574a8167cbb0aab06853d1b62ab3300c2104314aac25e,2,3120.6305
f898b1afa4e84ef86c8519625fdbcb670a9b80d54ba1d60fe3c62b121c9c8218,0,2836.2149999999997
f8a1a9ef8ad8d1e1c77c872a77be39e2b91ffca661d1fbe2bc607b231fb8ab08,0,4923.972
f8b42519c72c7fad186f96c760192b34241a3a6ce6b1ebb06b886959ca8d5651,0,7293.628000000001
f8b9b0389f4b7832a67220a541794a546985a314f39766a5cab996540010012d,0,26298.0015
f8d436dc05d5633719448be0eb893b10e0f48079b4aff95d490ddf746a7ec914,2,298.64799999999997
f8d6c2502b9246b6c16b29428708be3e8ca36ac1352a5d04c6ee9e75598a8aa8,0,3402.3765
f8dd2900fff4874d9556ad48f9c64a9191c7967f5aebb55ed1befe81e4526eb2,1,11774.6015
f8ddaf57debd1ede41d347f4dae353abb7c763d068c4dd48d7259db1f24774e1,2,1328.1225
f8e49710f2dcce95a196b2482fa48ff8674c8ceb04fef2c3601e8a82af0917f1,0,10743.348
f8e7a4d2053f1423aa11e9877c3ab7e8479146d48cf091afe715fc24ab6e67e5,2,3520.5465000000004
f8eb671d78008969c1cc4b8e2ef00cf7d1ba26161699688c3699941a7fdb6d29,0,7403.771999999999
f8f14d0014ee7c97cbb821439e09b02d46f50f30055b94314e5c0ea63c071978,0,572.9175
f8fb8a84ec776c154e28e04e744c3821c78438633967695520f333e2488cc48f,0,1732.1455
f8fbb957195ac1b786e2a8bf22e49bb9ee7e50eb978e4a9c5550192cc26133b9,2,1388.0475000000001
f8fd1e980db54374d8752ed13afcd3d7b8c8b93056ef1ccc21125f7c45dd31db,2,8413.341
f8fffd87474935a2fab694e0d9cbbe50b256290f31747dd2c60f9cb3a4b5132e,2,2208.095
f90299217ddbb5386260fa7d27428ab691476ca35e2b3f27b84b6f7bf91b2726,2,5202.6665
f9117fba7f5015ab265530400265ead3a04e001bceae8cb5e322b6f23a846ef4,2,2060.048
f9176c1bc3d077f7707313af3083e3fa5de582088421f9560941e261cefae824,0,1784.4
f9178e9a2f67e817c8d18fb350a4be2290adfa3dd189df51a66a4cdfc3d6d79b,2,1130.2165
f91e6376ec4eb33d6db47febda49de47b739d5b4b8766497ae6e9a7fa42a00bf,0,1428.2195000000002
f91fdde7b8277d5b058df6b6ed4fbfc4fc2b013a0c9a42d86776f84568b23f02,1,18923.204999999998
f92a4b8f43dee9ce2106a0d403feedecc1a3dddc2ddcd95ae58667eebfe9eaa4,2,9622.1295
f92fbb21f92c840e2498b24d2c3cf574ff860fd1d3c607f176c9a2ee686bc1c0,0,5019.7035000000005
f9315bebb58173bc4c351ce5de81bbf327b69a0a18897bbd4a027a8f8d474813,2,4109.3634999999995
f93647790ff8c77094a506263123ece15a5105521492a0a52f00f9c50754726b,0,1927.0860000000002
f9367b424348d8bcd9ae7252deb9df1cc6826c91a75e526804fcc181a31df2eb,0,2553.146
f9397a5a6d34b9c5abfb5d2cfcb98ed1a37e9d9ea306f7ac969785712179b400,2,2120.1530000000002
f93aa01dd2d77a3bbd865c300da4e1f63b1bb9f7a122c90291f55406822787fb,2,3571.3035
f9543a8cc1c9f70242d5c25045b4b31f15e48421d337419d24fe96a45ccae5c4,2,11856.3155
f95891bbf69e4ff127482c10138b900b4cb4f0bae5d7cf5688bcc265b1da441e,0,2796.3425
f959a1e5aaf0a21d8d7f233c127e4893e91e85c5f6ba790c86c345efe58aa02a,2,7952.598500000001
f95d31af9bf2e9ccbf1973d36c3a7ff180b52d4365f8fb33dfce176466dd3604,2,3.9040000000000004
f971cff3a9867e8dc9414a95db615f343e97d470644719749786eec05db86cb7,2,4184.189
f97edc26a46c377237b18d5dbe30bccbdf7a3e0b5800f47ea4d38ccee5935fca,2,3882.0465
f980379a3e40eaf44bc5a803de2bc0d9d0511f0bbff9093025fe94ab50daf6ae,0,3820.671
f9840ccb86ed903e20098570e7014e4ce3a5df4068bc6c8dbbb05ffd50af0217,1,2181.067
f984128a346be7df8d3263821c0ca84643cd6b68dbf42c9771cabaf0c84264f2,2,4144.509
f984ad6b2fecb852d1d5f043e90fa16ed6cf0f6fb2cb8a7707d8cd8286fb6206,0,672.3905000000001
f989f9724454e0974407d265664dd24611e0759bab18ba6dd133f41a42504ebb,0,1440.7685000000001
f98e2f72768b7993e156933d6fbfc6aa956ed92b0f9190f0e8be9191a37c4682,0,2067.116
f990239db1689d5d42f14dad9e6ad91e3d043e38e10b99fa2bb8512dcfbd09e6,2,5328.064
f9a1d7f3856975bf1f300fa8a4e83cdaf91c5c3f749a75b50519f44391eebc5f,0,2992.9375
f9a5f566c6087ce9b02c280791d2f7719c1ba6e920bbab714db56df5e8e8be0d,2,5704.548500000001
f9a6c7c2587462e71b01250c189d01983638197c5095cedeeb3c8ee3030ba999,2,5446.9465
f9a77738b2eb2b46c0ec81d67d1c9aace2fb1f567b57f022682884d9a7d48fa7,2,4576.5955
f9af8aa98e2a340630fd17abf1d931d6af78920421645f306fe355321f8ad7cb,0,5675.622
f9b6d00f2e40d574f8e91f4818c5c263b508d67e07856912913eb17447093557,2,76.04950000000002
f9b8a0a56f1fc9e02986120adde6be129bd73cac7da41ff98a82d4e48004369c,0,2456.9719999999998
f9cd77b98dc68e02225b69d44ea796e7662d62230ddf9851f442ae86ac927956,2,2099.209
f9d4c5a46aa3a6de9b3d3f8d65064975b0686c3c24ebebed726978beb38ba6b6,2,3974.0455
f9d7925ffcee84c33b374e11a326a593b1445099b32931b0fff19e110eb3005d,2,4077.7610000000004
f9dabcd6af478c6591575f511fdd8ca6dfc59fc1130ce1825ab50a8028ab9741,2,1116.263
f9de82d4ea358f076ad0ae9d81fec1bd2caf323939c56249b211a3563f7af5c4,0,9738.439999999999
f9e6a357fa0ace0303204358a0b5677da641a502a6e1776b975bf050d423cbba,2,2972.2005
f9e82882608242de9f5d781d4ab181a2d5aa7715d4b8c6182ddcdbfe065ecd31,2,4140.107
f9ee8802ae79ec8b822c3ca172b968bf352a76651bc65900b4a415dd6ff2c507,0,2579.3134999999997
f9f2fd8e576756bb52330deae9dd87f6c368168cec930c7e4eb2257be12190a4,0,6651.288
f9f4b5d57b25cf3852dd9f5fa6ef2d62febe04126c3afc5b20468fe3c483c80e,0,6281.6449999999995
f9ff311c8694cca2ce9ad7e9a88a4505802d893f507a855a4a524276794a051b,2,3600.532
fa08b8f98f5bcb7f46adedc63a692ad6c2b6bd1d6f02baa4cc53ccdce4cd0f22,2,2161.7825000000003
fa09ec06d84f33cbdb9f5261b9b9079ff08b50b6c8f9d9b4a843bf0f89340808,1,971.2665000000001
fa0b1c56459ff8eaca4721fe6ac78031616e4c142d895994535048028e982d36,0,5954.0065
fa0f424c1729167c3f49f90d6297e8ae877d4a90cd71f4d6226261ed172cf2ba,2,1530.3815
fa110652e090c112127afd2fb7582d44043ad7b3bef395a0afa47409d1764f67,2,639.4905000000001
fa13e8108f34b3c62d3083b9e21ebb19ac2c3a406e4ceb75e88833c7797de38b,2,10973.0995
fa1e5ad57b84572e031c278f58ae136bc9c1626e89093f3a438595b391cab443,2,3698.497
fa2088b9fc303802eef129c2ebb396ed4d43b80352e5ebe1552018571aec1008,0,5357.117
fa2967a3da1b6d3448c1c64b678199ab70de2f9c85b5476016c18c45f975f457,0,3666.4584999999997
fa34d8d55cb796918b6cc16ca9ef79dd6930af7440fe199effa51f621dd85377,0,1392.722
fa3eacf0b09dfbe543108fe93c0e9c6010c06c43ef760ceecf73c562446748a5,2,4470.879999999999
fa4a3f071ff18201786b93fe4ee968dc5e148ede4528aec2fcebe935bb25ef54,0,229.552
fa4aab90113c7bb962cd390334ce42aa03b722c8ddf9bcd9ad182aa1340d4e57,0,1818.9959999999999
fa4e7ace357c5e94651c144a38f30b86437202a7baad500a9a3dc9c485f84965,0,3618.149
fa6111a086325a1f2243b0b22dc702be530f6909685fae9064316cae40008873,2,2147.3
fa634ac0bfc755243f07129885764ac8e50824ae297ff2cc1d6417243d9d3858,2,3205.551
fa68490c01471ba9fdb65a8a3477e6d94da2c3911762d2ff3d9a12235b37fa44,1,9376.362000000001
fa69282454d7d571520320eb2a076a67169606f84b9ff4a23db313f399b4217f,0,4016.379999999999
fa6e5c6bafbbea84ebbf16b6f7ff65bf34a77534b7b834b8723ff47a6e2dd4d4,0,3158.817
fa7b83bd3a3a9929169a15e04086f4413b07baefd4e9d1b5988e6c897aea16da,1,342.50800000000004
fa825a5962302e4ebdd7903fc8ba597704219d371fbe3f60022898900c7aab54,0,2586.8205000000003
fa82dfe67bccc55f9f432228a6bebc1c39e394bc217320c6cb8870a9f608c3c6,2,2977.1925
fa882f657bf00038bee753a4ab43900c2d3df471299dca984a8a2931ec412c59,2,2304.6030000000005
fa8b36dcc6bf674f916ba02fc7f655728701aa452849cea5e4413c59a6859d41,2,7824.717500000001
fa8f000cdab9e1958494ec213050832228142419d80877c00ad2f9d9e845f0d6,2,3563.142
fa8f106960beb0e89ca6ec0ae7e8fa9ae8a0def76d355ffacdaa9fc3886cbe0e,0,4206.626
faa618741ccfd6c820ed85339f38cae56dbd29eefa59ec5ea82773f32a786985,0,4873.0445
fab3d528019b2b07e824cc0ba965ad6fba5b5f1775318efb9f639695a9370ea8,2,3602.0175
fab6444f075781383c1e4e5efa64fff3ed6bfe604a1e65de7a4e540e9e86f9b4,0,5774.756
fac38de4a41340ca385be7980ef7fb04fa3dfe6e16073e7b128d0811f94954ee,0,5807.546
fadbafe28b1040987a271720daabf2e341e924f4d774b6f3666e55067fbe2691,0,3737.2065000000002
fae51025e324a948b3b827abd4df9d5d9441c3e33dd16221eefedf798c20ff00,2,16804.1825
fae9ec25094c731ccf447b7dcba8529a2a723f0fd1cb00cf2d3d42bfdda216f4,2,15.882
faeca4dfee68bd34e4414414777a3f015b52efde87f35d73b10cfa33c264dcf9,2,1410.3029999999999
faf5df019bf85bda2da10cbf818ad695faf2ba37c61b6ae5297f828c4ca34e02,2,2857.547
fafdfb63cb441378c2ae08750c9a1c135e99bfb39d7be77c90884e0abed03ec2,0,4399.0785
fb0142483c45516b3f66ec34a1b708e10efd8848d59acd90dce6f5d4820c8ef9,0,4952.391
fb14561f39fd820bb0e24a0166ed5a45df27c115edb9cf30fbbf8b2975294e56,2,9515.520499999999
fb29fbf594fa43093a48363325d9704b1b5485d1f8785d52f5a06e663d9d9fdd,0,3047.22
fb2b573ec2c1ad2ed3a067cf8ae211c9c9de1e0090f2eeb0bf1c5d12750e051a,0,1044.0865000000001
fb304b2eba75feafa80c4a4026f460aa45acde2b61229da6d2703f08d18595ef,0,4859.647
fb363398f99bdba7b22f9a35aec60a36644a49edce9e8a111a510ae8a2afa130,0,1876.2185000000004
fb3a4f02ea7c832518ca81f656b5e91ebf8eb285f40d52d422433176a0de5666,0,3889.8995000000004
fb3e7e3a0cdb39f0e85c6bb2a2e23635fb706a726dd9454f501a78636195225f,0,711.9365
fb431f1421d49d4c43caffb57af35aa2771839afde4a39eadba4e50342736512,0,5145.9525
fb44a3c63caee092c8ae5feba5b840d1cc5278c378f5ad98e8d79a27675ba40f,0,4793.539000000001
fb44c962bf1e894e8cac2e3fb600e41ddf73410558312832f02bd07bdebf0c7f,0,4438.200000000001
fb45aaab5b6a00bbd2cbfc4a0dff4f05ceb5e42c3aaf957f748272aed7dfb0d9,2,1960.139
fb53a96da8a74202505c78252a1fedcdbe8465abf21554a471980629bfbe124e,2,4002.4465
fb629dd2be325eef8c87af1c34545c509834d0e8242d5ae0e4af5db12e4fe0f9,1,4420.9875
fb712b9e7c41505a367f74f958732c3417499aafd2386ccbc2b2c148e2fdaabb,0,247.62099999999998
fb7dbe09bc4a2637dc8d10f2f460ea883f201cd9e6d87aa31b9689d6896da2bb,0,4350.1865
fb8156669a54336ec7892ab3c4263a796b83fd5cc8a95e592861a5c393d7454a,2,6198.4345
fb83757719efc8d70ec48d92acb1e54d9687c1fb229355aefaddd5e88e9c74df,2,4271.637
fb84ec749946045efbba2cce805ff460d45ae126e73d7b1fd92b3293c858bc3c,2,5396.353499999999
fb96d2e78fadc5fd693d70186f341526d8f98c2794f642724a0fb2f6dd5c3d82,2,9604.361
fba15415849d0f5638a660a4251446690005edb74685916f75f517872c316e68,0,2264.1465
fba1cc3fc5921b4fc613812c0063b9cc57bc4a08ec981fb8d6c1a059f38b120d,1,8394.2315
fbb4dc26640fed8b3957bb186526ef110c13e6b8d8718635268e30c995b926ca,2,8910.207
fbbc8731b3ddc515b2c5a908355a64621f12fb80935ba82501099e305d7102a0,0,2080.527
fbc4168b1eb7eb898923cc3872bca04d6680ab9ff861136623e0d3ceaff305f7,0,13375.164
fbc6c7ccbc9de33c57c383b327030b3d766dd1f28041b36d8bb441a045a763ff,1,12632.2435
fbca5b63eec5ac279c96bbf4f9e719bbf9089d6d71012d672b87e542385bf472,2,9467.4625
fbcd8aad94a49849be1ee7d2e6e3789dd579f9fd94f237b07869c789c681b3a2,2,1929.7985
fbcde382ea18a5ba22f5f5f801316242096b0a634fefe27e7d7f0d9226d120e9,0,6723.508
fbd894cfea686865fee2a304162452a00b8b7790faf9304c18fe950c59d76902,0,2467.505
fbd99bccf209162ea68d4894f7eccd333a27af912800e7e238a65207d42bcd46,0,1846.875
fbe4845da84c0c80f1ba6bb742baed8ad5416c8651531464a0c934a688ae6660,1,7387.288
fbec516d40e28efc1281f5e8f702ed1677aa640dc7199bae049baa41d9bd4b85,0,3223.0835
fbf080e078df14bcb050b592d0c6364caefb84ea971e8211220c6657fe9c822a,0,7681.7744999999995
fbf34882baaf396416c0896ce7fda790421feacda692e9d6626cd8ec4da11922,0,113.198
fbf3655e53143d04d40ad43fc08335a2acad39464b22d3d98e826c17bdb319a1,0,4164.889
fc0ea207d6de1a43f84c8c92b12e9d15ac813c1b7e63f16af4bc96ba79afed82,0,2168.5785
fc0f91d8a791aeb942590e075f4a0ad62aa1c7797ec2e41da0f4baaa9d764700,2,5244.7880000000005
fc11219643e440ffa0125fde2259f1e69f713641364b6091de990afae04aa780,0,4111.9495
fc18a871d42c21661f55ae6128bfd4a6ddd0033aba0222dd81df64d703cb482a,0,6473.522000000001
fc1b7a53724b5b147cd529d2da0af4e9b9b43c58df86c05c947366d0ea64e782,2,5221.6325
fc1bc9dcf7a8717476eabaf0e6b22ff82e726a9562215c07dca7628fe5dcb684,0,3756.7320000000004
fc248ee24c3ab68f252239d3a390b981b01194ceaa7f735f948c155aa2a8740a,0,2320.469
fc24d1e7b8288a9a87b3da8417846c255901a12205d3c6f367286575f650532c,0,4569.366
fc250216097e23e7525e1c4cfc9d34e4e11ad2f4174b6a76b4c89ef639dd0478,0,1264.2180000000003
fc26a25bac89a59f05fa16b0f791d23e5e576e886240a18091dbed53d8475d49,0,3138.7805
fc298006e3cd90dddbd434cf677968cb970c939a01a344a2b0085e12198dccfa,1,302.6335
fc2a8efc128633b54f5e0167a3d2ef992717aa286e58c879f9a783691c087ad4,2,2778.9954999999995
fc358866c5fdb86edaf69055a12764e04fadd737b4acd4c028b4fb9121b3f368,0,3010.5485
fc36d51ec69b9505c516c3a315c11b43a391d2810a065b940e3aef06db44fedb,0,5114.6835
fc46807d38e9343e6c9af097ecba06aa1b5f1a23d38ca774c84e35ceb5ad110a,0,6155.096
fc4aba647dae63956d4a21f70f58c9e01a1a923b65f0dc844be0bf09a2daf5a7,0,10180.0295
fc533ef1cf6f808801334238f992d8398e48c47f880a11f1a843c498516d3d4d,2,2995.1745
fc5363d81c0c8ea77e70056a49b5287d94637ea19e3e7ed2fccaf8f333cf1d58,1,3553.2965000000004
fc5c41dfde19b85f28df2bfbb7a0dbad5f0c180e8a6ce9bad3597e9fef396f59,0,6813.644
fc676a8956a2dcdf7777531c57b9acccbef10140098de8d0e462cce48305eb13,2,7393.0605
fc6bbbec107f1b2e642bf8a20b04b683fcf6c8bff8ed1ee65189343fbbca0fdb,2,1579.5875
fc6d62a7ca40f32014d81995ffdd4aafb6b0da7359720accd951374884ff0f9d,0,1773.5685
fc73627ccbccd0508cd24e63767070bd6926aa825c0685b927b7b08b414248b4,2,2096.5375
fc7739b8c669629a258a3d6b080d96c586d323a7f3830af25315cf53d524679b,0,1454.2709999999997
fc793560f9093382dfdcb64e7d9778ed7e822e802b4e56c887825e6ce0040704,1,1895.7219999999998
fc89c9dd3281e8b454533c81df5d373ba95575c53da65240c4f0da2ac44ec829,2,286.254
fc8a178dba960f2f95d32d53f255b8e698b6f288389677fedb68e5c7b551ba2f,0,686.3785000000001
fc8b6d238e3c9f9367befbdcbda9fa2343f4d7f3129c884311fd99514744f511,0,4199.3455
fc8be41318399e684800f7c074aa83624a56978f2c55d250a4eabac1331b6b38,2,2741.416
fc8c3f6200e663d0d167eeae8cdedaf66c3567b3a0b980283e6b57f7b844a830,0,4859.8065
fc8f18440fcaa1abcecb8b75879877d5f5be8f06db949d78e47dcfd29d20eb2a,2,13640.8665
fc9b288fce32458ecfd176debb69bba526b96774a4c3742c5f30d1a5aaf65ea0,0,1904.6135
fc9cf180ee9ab9c5d64aa1d663264fdbe08811720b1fea8da47d9d8dc1622cea,0,1055.9405000000002
fca2200431b4946a067d2b4321a513069b62cb5a957515c8007202dd9ef446fb,2,2600.3644999999997
fcad9db20a67fc560d227463bb75391aa2ce28141dbde088f317d2ca0e3a26c9,0,5524.7555
fcc1fb1ddd0d4f307684ac2b2e1d1d223ee1b65c1be2b090c3be0cfc42daf4ae,2,1905.858
fcc223876506aac35fe5b4354a93feeb0aa9bbd391b92d5be326f3b560eca111,0,2454.522
fcc3777c9d37a733434a3c4077ca6a6582ef194a62db41b2e49feed0cc21d977,2,1600.2020000000002
fcc609cc9c4fc2e8b5fb15afdc14b6a52ce18b783dd298689e16a44e8af9edda,2,997.6215
fcca048e4c6bd0e94fba993c2931d8bdcf09063616f3c589fb4941fa29ac07e4,2,3189.5635
fcccb67d2cac6a8104fa58b5fbd650076e3c3848b16429ffaf871266c8675056,1,343.461
fcce7236b64fbe87fb4b3b8545e582dc4783f1fedbdda99602f3139d97992df3,2,2855.4884999999995
fccf0d43bfb1a5eab24df79eafb0304745fa352b83525122e23b63fcde0d1451,0,2343.7125000000005
fccf69a3e3d90787609bb351e5f06d8faf46d897f849d565d7959b03423ea214,2,3623.0344999999998
fd00e51f918683427f9832bffbd82c9eb22e6238180f0f71bd12088f913c5b97,0,2636.21
fd0d7126478ae8bac6323c9a22faa82886cd68eeb6404ce4e45123bb51647a19,2,3206.1035
fd1b04f14e811f62470a602961c292397040dd7929abf2b1dd5f92a113c5ebce,2,8194.8335
fd1cb2611d19b6f3176e63e61a0e9b06fff0120e01da0022a4c7238568cdfdd0,0,3063.2169999999996
fd1de8a91622539271a70eb19245c5273a8576119cccc0806bdb0190b913103a,0,2342.553
fd20f6d902e5e9d137a24678621cc7215052c52bdc73192d8cdddd60dc962b45,2,3792.3734999999997
fd2d62eb70b920b2463e6f9a8d6cb2a056f9e62c6354fbeacaaa66697fb4483c,2,18868.9525
fd2f052a736dc7b09fd74f81625f156ca3a21b61df19e30de620e1f0eb6e51a8,2,429.8105000000001
fd2f4f2d950e999878caf1e4439d86c908368ca4f695c9b0a12743cb639c02f5,0,2577.957
fd319ddce5f1f41abf3a5376e1d1ef9e0a6b080c41c9e32a4da8296209c0534a,0,13039.192000000001
fd3c6b2e7b7dbe8351d2bea7842448173d0ce22dfe664527bda7d591a462eea9,2,2091.9575
fd3d4cd67459d18bb90f1e47344f20570b5846dd905aaa136081850a9931ee56,0,3000.8445
fd46242d2cc046e80fe34681c324924415387676c8364c094355dcd498aa2406,2,6946.043
fd48f0c0868e15d4de0f86e0d7d8e8c611d29c63554d8b5b35ce401ff5671c99,2,4998.1685
fd49de890f7cf42ae5a2e926a86b3403ec64b6912f59734e6c8fb7c6817d6c47,2,11.086
fd5f62b788a04be15c5ae17ae4cfd3ef8b47d7e8fff69400dd97682cc9115f2d,2,2045.4450000000002
fd7344a9340a409a72dd58640ced1bc7d44d06addf2304e694b870c750bbcc84,0,6324.551
fd7717bc3a84f0d5cefa5a5f79e45414f1efba69fa829be92bfe5800a6266cec,2,1203.7045
fd7980aab96c6c0c30ee50e6eccd4a8ac779b2ad8540cc1f6c9c4864ff66bc74,0,1547.0235
fd7a62c45d7c7972cc0f324aabfe3934f78393dfa432aae527b5fc18ca9bca7e,0,7782.5345
fd7ce99ee77b80e07f62afd1cdac823b2f69df4f5581023d33a2ccecdf6c2b19,2,2005.9455
fd80282882f3801fbadce71276ce373043cb5e50349a11e2b25cf1b7433cb987,0,4367.816000000001
fd8209b9d45cfb64755744ac3fa416e0c01409fbf777025a54354b6416fba34c,0,1945.279
fd9847ffb53bb9ff676d641cf8119627c5552251994f55ee5fbc3cd4e70906c4,2,4871.066
fd9f785a3a78d71ced796a62baa6ecb98be8780a0ecaf7a7a87224cb19a234d8,0,3630.7070000000003
fdadab71cb7a9cf3a5afa181d132a29b1a9b0af7e392dce53824b60d8ea7996f,0,4151.684499999999
fdb0b33e9a21c8c7e7b70e474273781791d7d9eb75a37a37e6c6da6f879a46a8,0,2131.919
fdb871365fcae899125dafc36e675a5fac5d4b2d03efaa743621c6283c0d12be,0,3297.8019999999997
fdb91e8cfc6016d06123a3fa693204c4b7f82ff36534220bc9923dab2b8f8bdd,2,2634.013
fdbcc2f0f641c8528be89bb162a7f53e10666a65e7a05cebd44fac53412c0644,2,4567.764
fdbe69531da12363b5c803f8e5edcc5ae5c297eda99287ae61d79d70c2d65c98,2,911.7295
fdc0ce280aa76870c73bd5cc7b77f7b40d7bcfa5245266d288dd60b91b89f765,0,3198.7535000000003
fdcae0650fb93eb16ad84cd2858ecbd6a246e1583323862db1fc9d92efecf4b3,0,2004.7125
fdd025d2c0d3c7ff12ba21be91bc0693a5dc8ff2ba1d4c7511513adb70694748,1,5687.3460000000005
fdd37264545d2e90bb4c94af7ccf017162164157a30735083a40fab4c7829df3,2,3457.8390000000004
fdd7e3b9cdf9f4d55c4b11f9c270c5a68dc93ece7f0f0c9b0fd500cb1dad94ee,0,2659.1575000000003
fddbe287c693e92267b22527b8fd9893fc0f792728c37ccb57cbe5d1292fabb4,0,2093.3410000000003
fddc55d1bf63234fdc4da654e26b484b0314e6f1de5041378f3a2e61831d7215,1,8748.278
fde93784cf5f2da33e97c41d007bdff9a51d23a521a458b7fb25d043940691b0,0,2835.8415
fdee9e626d22dea817f78ebe5cad04182b35ac4e395bc1b5f68b92f911c14284,2,2100.7075
fdfca0b36e4b3a6d46460165aea3be2fb81b826b3fc01def39ed5a1150083fae,0,3971.5665000000004
fdff011b85477046ed8d2ecb69579d8fa91a834151b1861fae8c0f61dd49dcf6,2,4645.3814999999995
fdff33b812f7f04df94412a8b4bb4ae4d84a18002bed526799b23d7b61d870d8,2,1778.313
fe0e8e01d0e810db3e6eda1c2b570cc692e4d35d0a97d35988f952fd8b8f4049,0,2989.513
fe15bbca1f0f6e915c66c2b16163ad8c232da654a8b291527a807523af0fb8ae,0,1465.1970000000001
fe16892cff4414657b1af17a4db2443c99f6c4bc68f448d9ab25293e8238071d,0,4149.1165
fe182d2e9654c4a69e808a39c925573dc2d4b43579b7182dde9bf2eb54981fc2,2,5795.085
fe19851bcb6909573b901ad03555d2f1eac73f3e3b9b6b27f1488823cb9c30de,2,563.8820000000001
fe1cacb5be14e0f1c9a300133d2693c114430a952cb4a4fc8e6f462eff2b9dfb,2,6479.277
fe1eba20dc749c453c250855acc7793ac8c672af2fdd1bb1929dab482a0133f6,2,8052.039500000001
fe1f7ca00444304fef55556bfafc9370359aea9cefad8d3e310b92ba19aff446,2,5018.299000000001
fe261bb31a5b4a4c71af20d744bb82a041d0148e1db390c08dec05c6211a1de5,2,4173.792
fe284df9c1676c43b1f1ab4349c55c8ca71e5e210fd760d09c58330bafaa3231,0,432.34400000000005
fe31ded55ad84f0b47d363a010d9bce4ba3ee52f4cd39e89d71b50f3842f6aee,2,14.185
fe4bbc9d7c8c9e2071bca63d12f9b6fb6c31e9d892afbe4762f907234b0d598c,0,1438.9070000000002
fe4dab05317beff5d768443e3d93d74052bc5082cb9aa28718e8e635af6fc4c8,0,5181.434499999999
fe4f9f9243d7b5324a1b96022a3f7fc8bf07a79b34d67b938c72dcaff779b239,2,7002.6035
fe5589dd5ef76ba707515ba57da6d95295b8c28d3b6087609d07d7be75b00c89,0,1648.7975000000001
fe6ed7cce63445b136267042467de6dcb67512a86362858684a65711f86d5a17,2,2857.579
fe7daea7fc95957a9d2be8b92f160e4b303c01cfbb8c020bc6bf581c3cc8ff71,0,1334.8255000000004
fe83e3999eeb639471d8d938b97b61ed116d8b498c15f90962cf48b37f392e89,0,1565.684
fe8e03ad6e9f4fbd36b598ea2b532b5003b663812351888a21641236b0a3f9de,0,1536.268
fe8f08a3fafb4030cb48e47403bdb9ac1862759e85acb4b1f8eb77ec759aee25,0,217.45150000000004
fe960d1d5a794480654e206d81e4e9a8d27bb5f6138fbccf0a3e8b72616e99f8,2,6751.645
fe98c46447f5fcf18bf71a459e6d0d3f0cfec3fb641ea5c84bb82f6b6c736d97,0,2643.6724999999997
fea71224853ad2fe8add1287bda5530eddcc03ee2ee22f7a4ab90017892dd69d,2,4094.057
fea8057598fac8bc8d626e22b0e710602ac1639ad382ee09636f1d92be624715,0,1461.498
feab278d5682b8b4572412258961dfdd832138da3e52447de96175ed97464bf9,2,5197.986000000001
feb59363e1e437a7c6d6ead3771fac84aae4ffec1626ac7e57d6ea3444370f8f,0,3675.5134999999996
fec04e917cad2dc434e0a18dd528e6fe9bad9c3971eeba6010edfea96eeaca9c,0,3272.9275000000002
fec572273b6c8652ce025acd7c488412192712370ca1910fefaf775653e50183,0,3897.2655000000004
feca718b76716888a91f0e67c30c1efcb5a1626cd6bb26c58cc561d9a88ee9c8,2,2499.856
fedd6e1a1d40dacddccd5ab2cfcb133349a9fe2aa5688f8bdf8c3aa328744275,2,2689.8245
fedd897fcd13ca506e2edd74903b1edc2166f80efd9bfa6145fe7e8f8bcca4f3,0,1674.0375
fedeb0f38dba8d249b189948a0ccea2d220d60a30b141765573f454e6ce4f6d9,0,34573.0
fee293020eef9ecfecb276788eed66419545520a49285f1d79498c9c21d20169,0,2175.113
fee53e32204ad2e90579da272283cf79dbdbc42db3af71475cb8a2c2e1c0d563,0,2166.0765
fef19b32ed33e60fb3bd71c559bd8c74e159b58063ab6608839caa57623d86f0,0,4391.158
fefa91d950c412bc0c350921da98c7e30eb453475cfe21c6deb60d74b3624735,2,4974.62
fefcdaa932c4c4bdcf9f3c2269c993f6a53dc2d6c7b89c54e1f1e756c94abac2,2,3002.8475
fefdf95b76c72efe0a3618724966e6f13633213752f1b55319e63dad3535061d,0,4162.228499999999
ff01b2ab73b16d421ddfa7e6e92f0aa293d72bb507c2c18edf433ac031653289,0,3979.8175
ff0556c6113949c612bdb87e838d3c45bd936b2839bae950a5e6ebd735e5c9cd,0,5204.908
ff10ecc70f45d11c80de45f46033113fe284ec63288d031a13e173ff8feab576,0,6203.4215
ff1593f38818d72d8ccb4261d82fecc3649856e91f5dd59b7a54b77a156aa2ca,0,5754.603
ff178fd0509fd5a79fdf8f9b0b2cd1825462ee0120c062297ca97d6e7ca80627,1,180.83650000000006
ff186fabd6b6d1c534e8fa2bb1410ef2a84c1b3f281f246aba10fd95de852460,0,7158.496
ff19fb040b13752955642e70f96ce142841d42a9f4fc430e04b4d0458e636b6d,2,3177.5250000000005
ff1b335f22618f1a9ad1624edd5782489b230fb25b46d81680ceb9b9c44b4171,0,1411.5510000000002
ff265b9ca81e5d21b1dddc39f1a72d4a5a42aaabfaf8c37440d42d3e09bd8eeb,2,12428.374000000002
ff28b01d71955732bbbeb2d36207c8af618d7d401b8eab2fa0233dfa18396b0e,0,2666.138
ff34ee554c7f215bbdae10cd223f8322488f5e2369d1a8af1c0f42ea3d5dd25d,1,6029.9275
ff364d641e43f98beccda3da71c73c7af06c418eff82a5360e782a071b1ce565,2,1709.7925000000002
ff3ef2e2ee743ecf5e0d5719c8f7d1fbcafcac1da4d79d1de32e9c03ed47e6fb,2,1435.9990000000003
ff46976428cc74f595564e515973c0f09022ce217348f2de0718979e8a6fa023,2,5323.3225
ff484e2e05257785109074f2e4bcb787004a90b4cb453e7e7c56a3d75a31b7c0,0,3751.647
ff52e132fa858ad287765e81ab99c023b03a5d3c9a396a0d575409fb73bbf61a,0,4002.98875
ff61273c5dfef37571ca7ed9cb312e191ee4907e23e9499d4d6fdfab61144bb1,0,13503.2075
ff673b7986c7b5e41ca59c87bd2a562e2ae720c173008fedb9f4cb4d0949332d,2,7141.189
ff68b2fc1995a7ec32d3112e11b4d6eb312ddcf4ac2833631ecbf14428a02f54,2,7155.986
ff7178fcda5a7b1386b2e70b09c424a8f9d1c10b576ddfb56f6b2d250d6adac2,2,4559.153
ff756c58018418e39a08d454f2edccf0761d40936f802f743f314511da313042,2,306.4625
ff75bbb8c0ac90f74f11681078e3e030eaa17ac7df026eaccad860a5b8353e8d,0,1924.154
ff868959b1caef78dadb926c1043de44b7d074ae4a8651da9757a775cfe064a5,0,2661.6775000000002
ff8b2e7bbff77c45002480234f0f6cb968664257fa2f2496dc04cf8a9690a71a,0,4436.351
ff8c2f998ca784fa52ad52cfbad1954c254b3f6927e4410c673c748c4bd2f461,0,4580.586
ff98e539b5c6df55d800add53df4c819000f4a6fe26a494a3c2b0b9552729c70,0,1331.7355000000002
ff9b72b8a813f508ba708010f76614613ce892f298a2ff28e1c9211a61dd4dca,0,1685.9115000000002
ffa913120c6c8db97d9ff2ada287ad67f762d06705882f5d3d9ba118294c3184,1,1269.718
ffab868730e4be305d688bd09f48ac9cde80c022adeaba184bd422969a455398,2,3219.031
ffadf20c5321259ec1bd9c56bcf839d7875435fc7b7b63b30c43d6344426709e,0,4388.3859999999995
ffb2dfc3d1df6004f252d88cad62ea3dacd7cb2d31e46c193ccb22bebbe5d707,2,8904.7845
ffb5d1d330bf4e67295457e52bfac130fe16caaab0634e4a5a90549416702b05,2,1669.716
ffb7c967eed4a0645f6d646371515428965040f11c7685a6e46066edeb550ac4,2,891.469
ffbbca0a987fc13ad68e58b76a867fd2101c8e96fd45df43cf952cae43db573d,0,7706.277999999999
ffc19d83dcd36a2497ce1e7ac11e9dec41d5806f23893cc9cf04c1beba0f9091,1,2868.6224999999995
ffc4e2630581bce53d9075c7455dfa07a62755e8b48621ddee433811beed154f,0,8357.2095
ffc69e5526f336a48756453c04cb45c5fbf10cc9060c11058b8c2e221e16844d,0,2603.201
ffc85dc1a3c6fe6cf22461f758692a11a058c848ef8a9bc92c14996a9b4768b9,2,2555.0155
ffcc1db8b95027d55bf621d7eb361a8efffd95308368a097bb3868a147b102db,2,4652.4705
ffcf3db624678421d099da83da9c161ac8c050287847bea53bf9e4b300f2d687,0,4206.8035
ffd19f52a6fd57060368ae718393de7781c924dffc759ac5e82dbdc9900037d1,2,2421.3779999999997
ffd2a6ebeea57d44bd87b6035c56f7e3b3cfdc48b4c2ecda4e7dca76fcd8df99,2,5138.3705
ffdea971889591d0a0da189304feb567c5879756ffa0d3282fa565f0a5940265,0,6459.6759999999995
ffdf09986e4d7531b41597bb2c4f14cca8215a0cbf112c5f1bc6f916f6a56a97,0,6110.459500000001
ffe1eed5cd7600eecd25a9d38af07b9a4f3cbe555461a7a38dee1ba729010aa7,0,679.2855000000001
ffe48aa8a0036fe7add026a1f836bf84559384c72c28ec8ac2bb46cb5a6f7a4e,2,1.962
ffeddf4919e748beb50af7c6b73defa4da4ec2a13bcce8ffc3e470033eb9cc42,0,6884.4795
fff0adcd6cdb7434496a5222f03337e56d7a094c86612b6aba3ec46929f9ae15,2,5774.729
